source,event_id,eventDivisionid,Name,sail_no,athlete_id,place,Points
PWA,358,924,Yentel Caers,B-16,Caers_B-16,1,10000
PWA,358,924,Adrien Bosson,F-296,Bosson_F-296,2,8500
PWA,358,924,Antony Ruenes,F-85,Ruenes_F-85,3,7650
PWA,358,924,Amado Vrieswijk,NB-20,Vrieswijk_NB-20,4,6885
PWA,358,924,Jacopo Testa,ITA-261,Testa_ITA-261,5,6370
PWA,358,924,Lennart Neubauer,GRE-734,Neubauer_GRE-734,6,5930
PWA,358,924,Youp Schmit,NB-12,Schmit_NB-12,7,5285
PWA,358,924,Steven Van Broeckhoven,B-72,Van Broeckhoven_B-72,7,5285
PWA,358,924,Niclas Nebelung,G-584,Nebelung_G-584,9,4476
PWA,358,924,Sam Esteve,F-79,Esteve_F-79,9,4476
PWA,358,924,Antoine Albert,NC-21,Albert_NC-21,9,4476
PWA,358,924,Balz Muller,SUI-21,Muller_SUI-21,9,4476
PWA,358,924,George Grisley,K-468,Grisley_K-468,13,3645
PWA,358,924,Nil Bacon,F-712,Bacon_F-712,13,3645
PWA,358,924,Takuma Sugi,J-7,Sugi_J-7,13,3645
PWA,358,924,Nicolas Akgazciyan,F-400,Akgazciyan_F-400,13,3645
PWA,358,924,Michael Chovan,SVK-70,Chovan_SVK-70,17,2693
PWA,358,924,Robin Van Linden,H-102,Van Linden_H-102,17,2693
PWA,358,924,Takumi Moriya,J-171,Moriya_J-171,17,2693
PWA,358,924,Maarten Molenaar,POL-510,Molenaar_POL-510,17,2693
PWA,358,924,Bodhi Kempen,H-242,Kempen_H-242,17,2693
PWA,358,924,Corto Dumond,NC-26,Dumond_NC-26,17,2693
PWA,358,924,Marino Gil Gherardi,E-959,Gil Gherardi_E-959,17,2693
PWA,358,924,Dieter Van der Eyken,B-35,Van der Eyken_B-35,17,2693
PWA,358,924,Nicolo Di Marco,ITA-37,Di Marco_ITA-37,25,1784
PWA,358,924,Primus Sorling,SWE-333,Sorling_SWE-333,25,1784
PWA,358,924,Ilay Bamnolker,ISR-7,Bamnolker_ISR-7,25,1784
PWA,358,924,Tigo Kort,NED-195,Kort_NED-195,25,1784
PWA,358,924,Liam Dunkerbeck Morales,E-11,Dunkerbeck Morales_E-11,25,1784
PWA,358,924,Dudu Levi,ISR-421,Levi_ISR-421,25,1784
PWA,358,924,Elton (Taty) Frans,NB-9,(Taty) Frans_NB-9,25,1784
PWA,358,924,Zohar Torfstein,ISR-14,Torfstein_ISR-14,25,1784
PWA,358,925,Sarah-Quita Offringa,ARU-91,Offringa_ARU-91,1,10000
PWA,358,925,Maaike Huvermann,NED-108,Huvermann_NED-108,2,9900
PWA,358,925,Oda Johanne Brødholt,NOR-500,Johanne Brødholt_NOR-500,3,9800
PWA,358,925,Lisa Kloster,G-444,Kloster_G-444,4,9700
PWA,358,925,Lina Erpenstein,G-3,Erpenstein_G-3,5,9600
PWA,358,925,Arrianne Aukes,H-131,Aukes_H-131,6,9500
PWA,358,925,Bijou Shahmirian,AUT-707,Shahmirian_AUT-707,7,9350
PWA,358,925,Olya Raskina,14,Raskina_14,7,9350
PWA,363,929,Marine Hunter,FRA-181,Hunter_FRA-181,1,10000
PWA,363,929,Maria Behrens,G-209,Behrens_G-209,2,8500
PWA,363,929,Sarah-Quita Offringa,ARU-91,Offringa_ARU-91,3,7650
PWA,363,929,Justyna Sniady,POL-1111,Sniady_POL-1111,4,6885
PWA,363,929,Sybille Bode,G-132,Bode_G-132,5,5718
PWA,363,929,Sol Degrieck,B-5,Degrieck_B-5,5,5718
PWA,363,929,Line Bang Wittrup,D-82,Bang Wittrup_D-82,5,5718
PWA,363,929,Lina Erpenstein,G-3,Erpenstein_G-3,5,5718
PWA,363,929,Caroline Weber,G-118,Weber_G-118,9,4825
PWA,363,928,Julian Salmonn,G-21,Salmonn_G-21,1,4061
PWA,363,928,Robby Swift,K-89,Swift_K-89,1,4061
PWA,363,928,Adam Warchol,POL-111,Warchol_POL-111,1,4061
PWA,363,928,Alessio Stillrich,E-95,Stillrich_E-95,1,4061
PWA,363,928,Ricardo Campello,V-111,Campello_V-111,1,4061
PWA,363,928,Morgan Noireaux,HI-101,Noireaux_HI-101,1,4061
PWA,363,928,Alexandre Grand-Guillot,F-585,Grand-Guillot_F-585,1,4061
PWA,363,928,Marcilio Browne,BRA-105,Browne_BRA-105,1,4061
PWA,363,928,Liam Dunkerbeck Morales,E-11,Dunkerbeck Morales_E-11,1,4061
PWA,363,928,Leon Jamaer,G-208,Jamaer_G-208,1,4061
PWA,363,928,Marc Paré,E-334,Paré_E-334,1,4061
PWA,363,928,Thomas Traversa,F-3,Traversa_F-3,1,4061
PWA,363,928,Antoine Albert,NC-21,Albert_NC-21,1,4061
PWA,363,928,Victor Fernandez,E-42,Fernandez_E-42,1,4061
PWA,363,928,Jules Denel,FRA-41,Denel_FRA-41,1,4061
PWA,363,928,Takuma Sugi,J-7,Sugi_J-7,1,4061
PWA,363,928,Corto Dumond,NC-26,Dumond_NC-26,17,2238
PWA,363,928,Laurin Schmuth,G-878,Schmuth_G-878,17,2238
PWA,363,928,Henri Kolberg,G-45,Kolberg_G-45,17,2238
PWA,363,928,Dieter Van der Eyken,B-35,Van der Eyken_B-35,17,2238
PWA,363,928,Antony Ruenes,F-85,Ruenes_F-85,17,2238
PWA,363,928,Simon Thule,DEN-134,Thule_DEN-134,17,2238
PWA,363,928,Nick Spangenberg,G-141,Spangenberg_G-141,17,2238
PWA,363,928,Graham Ezzy,USA-1,Ezzy_USA-1,17,2238
PWA,363,928,Miguel Chapuis,E-99,Chapuis_E-99,17,2238
PWA,363,928,Adrien Bosson,F-296,Bosson_F-296,17,2238
PWA,363,928,Nicolas Akgazciyan,F-400,Akgazciyan_F-400,17,2238
PWA,363,928,Antoine Martin,F-193,Martin_F-193,17,2238
PWA,363,928,Marino Gil Gherardi,E-959,Gil Gherardi_E-959,17,2238
PWA,363,928,Arthur Arutkin,F-7,Arutkin_F-7,17,2238
PWA,363,928,Federico Morisio,I-676,Morisio_I-676,17,2238
PWA,363,928,Michael Friedl Morales,E-255,Friedl Morales_E-255,17,2238
PWA,363,931,Lennart Neubauer,GRE-734,Neubauer_GRE-734,1,10000
PWA,363,931,Yentel Caers,B-16,Caers_B-16,2,8500
PWA,363,931,Steven Van Broeckhoven,B-72,Van Broeckhoven_B-72,3,7650
PWA,363,931,Adrien Bosson,F-296,Bosson_F-296,4,6885
PWA,363,931,Jacopo Testa,ITA-261,Testa_ITA-261,5,6370
PWA,363,931,Antoine Albert,NC-21,Albert_NC-21,6,5930
PWA,363,931,Balz Muller,SUI-21,Muller_SUI-21,7,5285
PWA,363,931,Takuma Sugi,J-7,Sugi_J-7,7,5285
PWA,363,931,Takumi Moriya,J-171,Moriya_J-171,9,4476
PWA,363,931,Sam Esteve,F-79,Esteve_F-79,9,4476
PWA,363,931,Youp Schmit,NB-12,Schmit_NB-12,9,4476
PWA,363,931,Amado Vrieswijk,NB-20,Vrieswijk_NB-20,9,4476
PWA,363,931,Dieter Van der Eyken,B-35,Van der Eyken_B-35,13,3645
PWA,363,931,Antony Ruenes,F-85,Ruenes_F-85,13,3645
PWA,363,931,Nicolas Akgazciyan,F-400,Akgazciyan_F-400,13,3645
PWA,363,931,Corto Dumond,NC-26,Dumond_NC-26,13,3645
PWA,363,931,Bodhi Kempen,H-242,Kempen_H-242,17,2693
PWA,363,931,Rasmus Oegelund,D-22,Oegelund_D-22,17,2693
PWA,363,931,Antoine Martin,F-193,Martin_F-193,17,2693
PWA,363,931,Thomas Traversa,F-3,Traversa_F-3,17,2693
PWA,363,931,Marco Vinante,I-205,Vinante_I-205,17,2693
PWA,363,931,Niclas Nebelung,G-584,Nebelung_G-584,17,2693
PWA,363,931,Marino Gil Gherardi,E-959,Gil Gherardi_E-959,17,2693
PWA,363,931,Elton (Taty) Frans,NB-9,(Taty) Frans_NB-9,17,2693
PWA,363,931,Liam Dunkerbeck Morales,E-11,Dunkerbeck Morales_E-11,25,2068
PWA,363,931,Nigel Hart,NB-65,Hart_NB-65,25,2068
PWA,338,762,Amado Vrieswijk,NB-20,Vrieswijk_NB-20,1,10000
PWA,338,762,Youp Schmit,NB-12,Schmit_NB-12,2,9900
PWA,338,762,Julien Mas,FRA-07,Mas_FRA-07,3,9800
PWA,338,762,Yentel Caers,B-16,Caers_B-16,4,9700
PWA,338,762,Giovanni Passani,ITA-139,Passani_ITA-139,5,9600
PWA,338,762,Antony Ruenes,F-85,Ruenes_F-85,6,9500
PWA,338,762,Adrien Bosson,F-296,Bosson_F-296,7,9350
PWA,338,762,Davy Scheffers,H-311,Scheffers_H-311,7,9350
PWA,338,762,Julian Wiemar,G-2111,Wiemar_G-2111,9,9050
PWA,338,762,Sam Esteve,F-79,Esteve_F-79,9,9050
PWA,338,762,Steven Van Broeckhoven,B-72,Van Broeckhoven_B-72,9,9050
PWA,338,762,Elton (Taty) Frans,NB-9,(Taty) Frans_NB-9,9,9050
PWA,338,762,Nic Hibdige,K-700,Hibdige_K-700,13,8650
PWA,338,762,Dieter Van der Eyken,B-35,Van der Eyken_B-35,13,8650
PWA,338,762,Nicolas Akgazciyan,F-400,Akgazciyan_F-400,13,8650
PWA,338,762,"Jose ""Gollito"" Estredo",V-10,"""Gollito"" Estredo_V-10",13,8650
PWA,338,762,Jacopo Testa,ITA-261,Testa_ITA-261,17,8050
PWA,338,762,Francesco Cappuzzo,I-333,Cappuzzo_I-333,17,8050
PWA,338,762,Loick Spicher,SUI-19,Spicher_SUI-19,17,8050
PWA,338,762,Max Rowe,K-20,Rowe_K-20,17,8050
PWA,338,762,Mattia Fabrizi,ITA-991,Fabrizi_ITA-991,17,8050
PWA,338,762,Antoine Albert,NC-21,Albert_NC-21,17,8050
PWA,338,762,Jamie Howard,K-582,Howard_K-582,17,8050
PWA,338,762,Riccardo Marca,ITA-988,Marca_ITA-988,17,8050
PWA,338,762,Adam Sims,K-72,Sims_K-72,25,7250
PWA,338,762,Everon (Tonky) Frans,NB-7,(Tonky) Frans_NB-7,25,7250
PWA,338,762,Kiri Thode,NB-61,Thode_NB-61,25,7250
PWA,338,762,Balz Muller,SUI-21,Muller_SUI-21,25,7250
PWA,338,762,Aron Etmon,CUR-2,Etmon_CUR-2,25,7250
PWA,338,762,Corto Dumond,NC-26,Dumond_NC-26,25,7250
PWA,338,762,Takuma Sugi,J-7,Sugi_J-7,25,7250
PWA,338,762,Lennart Neubauer,GRE-734,Neubauer_GRE-734,25,7250
PWA,338,758,Matteo Iachino,ITA-140,Iachino_ITA-140,1,10300
PWA,338,758,Nicolas Goyard,F-465,Goyard_F-465,2,10200
PWA,338,758,Alexandre Cousin,FRA-752,Cousin_FRA-752,3,10100
PWA,338,758,Sebastian Kördel,GER-220,Kördel_GER-220,4,10000
PWA,338,758,Mateus Isaac,BRA-7,Isaac_BRA-7,5,9900
PWA,338,758,Antoine Albeau,F-192,Albeau_F-192,6,9800
PWA,338,758,Sebastian Kornum,DEN-24,Kornum_DEN-24,7,9700
PWA,338,758,Julien Bontemps,FRA-6,Bontemps_FRA-6,8,9600
PWA,338,758,Steve Allen,AUS-0,Allen_AUS-0,9,9500
PWA,338,758,Gonzalo Costa Hoevel,ARG-3,Costa Hoevel_ARG-3,10,9400
PWA,338,758,Amado Vrieswijk,NB-20,Vrieswijk_NB-20,11,9300
PWA,338,758,Nico Prien,GER-7,Prien_GER-7,12,9200
PWA,338,758,Arnon Dagan,ISR-1,Dagan_ISR-1,13,9100
PWA,338,758,Antoine Questel,FRA-99,Questel_FRA-99,14,9000
PWA,338,758,Pierre Mortefon,F-14,Mortefon_F-14,15,8900
PWA,338,758,William Huppert,FRA-330,Huppert_FRA-330,16,8800
PWA,338,758,Malte Reuscher,GER-777,Reuscher_GER-777,17,8700
PWA,338,758,Tristan Algret,GPE-44,Algret_GPE-44,18,8600
PWA,338,758,Jordy Vonk,NED-69,Vonk_NED-69,19,8500
PWA,338,758,Cedric Bordes,FRA-91,Bordes_FRA-91,20,8400
PWA,338,758,Nicolas Warembourg,FRA-531,Warembourg_FRA-531,21,8300
PWA,338,758,Elton (Taty) Frans,NB-9,(Taty) Frans_NB-9,22,8200
PWA,338,758,Kurosh Kiani,D-83,Kiani_D-83,23,8100
PWA,338,758,Niklas Lillelund,DEN-291,Lillelund_DEN-291,24,8000
PWA,338,758,Maciek Rutkowski,POL-23,Rutkowski_POL-23,25,7900
PWA,338,758,Tomonori Anami,JPN-60,Anami_JPN-60,26,7800
PWA,338,758,Peter Nors,DEN-431,Nors_DEN-431,27,7700
PWA,338,758,Pascal Toselli,F-916,Toselli_F-916,28,7600
PWA,338,758,Steven Van Broeckhoven,B-72,Van Broeckhoven_B-72,29,7500
PWA,338,758,Andrea Ferin,ITA-111,Ferin_ITA-111,30,7400
PWA,338,758,Pierre Macquaert,FRA-945,Macquaert_FRA-945,31,7300
PWA,338,758,Gunnar Asmussen,GER-2,Asmussen_GER-2,32,7200
PWA,338,758,Enrico Marotti,CRO-401,Marotti_CRO-401,33,7100
PWA,338,758,Andrea Rosati,ITA-0,Rosati_ITA-0,34,7000
PWA,338,758,Ross Williams,GBR-83,Williams_GBR-83,35,6900
PWA,338,758,Julien Quentel,SXM-421,Quentel_SXM-421,36,6800
PWA,338,758,Ethan Westera,ARU-4,Westera_ARU-4,37,6700
PWA,338,758,Aron Etmon,CUR-2,Etmon_CUR-2,38,6550
PWA,338,758,Jan Moritz Bochnia,GER-9,Moritz Bochnia_GER-9,38,6550
PWA,338,758,Wojtek Brzozowski,POL-10,Brzozowski_POL-10,40,6350
PWA,338,758,Jimmy Thieme,F-888,Thieme_F-888,40,6350
PWA,338,758,Casper Bouman,NED-52,Bouman_NED-52,42,5900
PWA,338,758,Diony Guadagnino,V-69,Guadagnino_V-69,42,5900
PWA,338,758,Koji Kano,JPN-63,Kano_JPN-63,42,5900
PWA,338,758,Cyril Moussilmani,F-71,Moussilmani_F-71,42,5900
PWA,338,758,Ben Van Der Steen,NED-57,Van Der Steen_NED-57,42,5900
PWA,338,758,Bruno Martini,ITA-160,Martini_ITA-160,42,5900
PWA,338,758,Leon Delle,GER-6,Delle_GER-6,42,5900
PWA,338,759,Gonzalo Costa Hoevel,ARG-3,Costa Hoevel_ARG-3,1,10300
PWA,338,759,Antoine Albeau,F-192,Albeau_F-192,2,10200
PWA,338,759,Sebastian Kördel,GER-220,Kördel_GER-220,3,10100
PWA,338,759,Julien Bontemps,FRA-6,Bontemps_FRA-6,4,10000
PWA,338,759,Alexandre Cousin,FRA-752,Cousin_FRA-752,5,9900
PWA,338,759,Mateus Isaac,BRA-7,Isaac_BRA-7,6,9800
PWA,338,759,Antoine Questel,FRA-99,Questel_FRA-99,7,9700
PWA,338,759,Julien Quentel,SXM-421,Quentel_SXM-421,8,9600
PWA,338,759,Jordy Vonk,NED-69,Vonk_NED-69,9,9500
PWA,338,759,Cedric Bordes,FRA-91,Bordes_FRA-91,10,9400
PWA,338,759,Amado Vrieswijk,NB-20,Vrieswijk_NB-20,11,9300
PWA,338,759,Sebastian Kornum,DEN-24,Kornum_DEN-24,12,9200
PWA,338,759,Arnon Dagan,ISR-1,Dagan_ISR-1,13,9100
PWA,338,759,Matteo Iachino,ITA-140,Iachino_ITA-140,14,9000
PWA,338,759,Maciek Rutkowski,POL-23,Rutkowski_POL-23,15,8900
PWA,338,759,Enrico Marotti,CRO-401,Marotti_CRO-401,16,8800
PWA,338,759,Malte Reuscher,GER-777,Reuscher_GER-777,17,8700
PWA,338,759,William Huppert,FRA-330,Huppert_FRA-330,18,8600
PWA,338,759,Pascal Toselli,F-916,Toselli_F-916,19,8500
PWA,338,759,Pierre Mortefon,F-14,Mortefon_F-14,20,8400
PWA,338,759,Steve Allen,AUS-0,Allen_AUS-0,21,8300
PWA,338,759,Ross Williams,GBR-83,Williams_GBR-83,22,8200
PWA,338,759,Tomonori Anami,JPN-60,Anami_JPN-60,23,8100
PWA,338,759,Benjamin Augé,FRA-2,Augé_FRA-2,24,8000
PWA,338,759,Elton (Taty) Frans,NB-9,(Taty) Frans_NB-9,25,7900
PWA,338,759,Kurosh Kiani,D-83,Kiani_D-83,26,7800
PWA,338,759,Ramon Pastor,E-72,Pastor_E-72,27,7700
PWA,338,759,Tristan Algret,GPE-44,Algret_GPE-44,28,7600
PWA,338,759,Akihiko Yamada,JPN-67,Yamada_JPN-67,29,7500
PWA,338,759,Andrea Ferin,ITA-111,Ferin_ITA-111,30,7400
PWA,338,759,Jimmy Diaz,ISV-11,Diaz_ISV-11,31,7300
PWA,338,759,Haruhiko Koumura,JPN-57,Koumura_JPN-57,32,7200
PWA,338,759,Andrea Rosati,ITA-0,Rosati_ITA-0,33,7100
PWA,338,759,Luka Mratovic,CRO-751,Mratovic_CRO-751,34,7000
PWA,338,759,Kouichiro Kaku,JPN-28,Kaku_JPN-28,35,6900
PWA,338,759,Shinya Kunieda,JPN-22,Kunieda_JPN-22,36,6800
PWA,338,759,Wojtek Brzozowski,POL-10,Brzozowski_POL-10,37,6700
PWA,338,759,Cyril Moussilmani,F-71,Moussilmani_F-71,38,6600
PWA,338,759,Marco Lang,AUT-66,Lang_AUT-66,39,6500
PWA,338,759,Basile Jacquin,NC-498,Jacquin_NC-498,40,6400
PWA,338,759,Hiroshi Hasegawa,JPN-127,Hasegawa_JPN-127,41,6300
PWA,338,759,Wataru Tajima,JPN-75,Tajima_JPN-75,42,6200
PWA,338,759,Hippolyte Jacquin,FRA-491,Jacquin_FRA-491,43,6100
PWA,338,759,Ben Van Der Steen,NED-57,Van Der Steen_NED-57,44,6000
PWA,338,759,Norihiro Izugami,JPN-24,Izugami_JPN-24,45,5900
PWA,338,759,Ethan Westera,ARU-4,Westera_ARU-4,46,5800
PWA,338,755,"Jose ""Gollito"" Estredo",V-10,"""Gollito"" Estredo_V-10",1,10000
PWA,338,755,Adrien Bosson,F-296,Bosson_F-296,2,9900
PWA,338,755,Amado Vrieswijk,NB-20,Vrieswijk_NB-20,3,9800
PWA,338,755,Steven Van Broeckhoven,B-72,Van Broeckhoven_B-72,4,9700
PWA,338,755,Sam Esteve,F-79,Esteve_F-79,5,9600
PWA,338,755,Jacopo Testa,ITA-261,Testa_ITA-261,6,9500
PWA,338,755,Mattia Fabrizi,ITA-991,Fabrizi_ITA-991,7,9350
PWA,338,755,Yentel Caers,B-16,Caers_B-16,7,9350
PWA,338,755,Balz Muller,SUI-21,Muller_SUI-21,9,9050
PWA,338,755,Dieter Van der Eyken,B-35,Van der Eyken_B-35,9,9050
PWA,338,755,Loick Spicher,SUI-19,Spicher_SUI-19,9,9050
PWA,338,755,Nic Hibdige,K-700,Hibdige_K-700,9,9050
PWA,338,755,Francesco Cappuzzo,I-333,Cappuzzo_I-333,13,8650
PWA,338,755,Antony Ruenes,F-85,Ruenes_F-85,13,8650
PWA,338,755,Philip Soltysiak,CAN-9,Soltysiak_CAN-9,13,8650
PWA,338,755,Julian Wiemar,G-2111,Wiemar_G-2111,13,8650
PWA,338,755,Giovanni Passani,ITA-139,Passani_ITA-139,17,8050
PWA,338,755,Jamie Howard,K-582,Howard_K-582,17,8050
PWA,338,755,Antoine Albert,NC-21,Albert_NC-21,17,8050
PWA,338,755,Youp Schmit,NB-12,Schmit_NB-12,17,8050
PWA,338,755,Davy Scheffers,H-311,Scheffers_H-311,17,8050
PWA,338,755,Nicolas Akgazciyan,F-400,Akgazciyan_F-400,17,8050
PWA,338,755,Max Matissek,OE-9,Matissek_OE-9,17,8050
PWA,338,755,Riccardo Marca,ITA-988,Marca_ITA-988,17,8050
PWA,338,755,Thomas Traversa,F-3,Traversa_F-3,25,7250
PWA,338,755,Max Rowe,K-20,Rowe_K-20,25,7250
PWA,338,755,Yegor Popretinskiy,RUS-11,Popretinskiy_RUS-11,25,7250
PWA,338,755,Everon (Tonky) Frans,NB-7,(Tonky) Frans_NB-7,25,7250
PWA,338,755,Elton (Taty) Frans,NB-9,(Taty) Frans_NB-9,25,7250
PWA,338,755,Takuma Sugi,J-7,Sugi_J-7,25,7250
PWA,338,755,Adam Sims,K-72,Sims_K-72,25,7250
PWA,338,755,Jeremy Plüss,SUI-500,Plüss_SUI-500,25,7250
PWA,338,755,Corto Dumond,NC-26,Dumond_NC-26,33,6400
PWA,338,755,Kevin Langbehn,G-1515,Langbehn_G-1515,33,6400
PWA,338,755,Basile Jacquin,NC-498,Jacquin_NC-498,33,6400
PWA,338,755,Aron Etmon,CUR-2,Etmon_CUR-2,33,6400
PWA,338,755,Yuma Kobayashi,J-100,Kobayashi_J-100,33,6400
PWA,338,755,Marco Lufen,G-2626,Lufen_G-2626,33,6400
PWA,338,755,Julien Quentel,SXM-421,Quentel_SXM-421,33,6400
PWA,338,755,Ricardo Campello,V-111,Campello_V-111,33,6400
PWA,338,755,Dimitris Bratanov,BUL-204,Bratanov_BUL-204,33,6400
PWA,342,835,Nicolas Goyard,F-465,Goyard_F-465,1,10300
PWA,342,835,Pierre Mortefon,F-14,Mortefon_F-14,2,10200
PWA,342,835,William Huppert,FRA-330,Huppert_FRA-330,3,10100
PWA,342,835,Maciek Rutkowski,POL-23,Rutkowski_POL-23,4,10000
PWA,342,835,Antoine Albeau,F-192,Albeau_F-192,5,9900
PWA,342,835,Enrico Marotti,CRO-401,Marotti_CRO-401,6,9800
PWA,342,835,Matteo Iachino,ITA-140,Iachino_ITA-140,7,9700
PWA,342,835,Basile Jacquin,NC-498,Jacquin_NC-498,8,9600
PWA,342,835,Alexandre Cousin,FRA-752,Cousin_FRA-752,9,9500
PWA,342,835,Jordy Vonk,NED-69,Vonk_NED-69,10,9400
PWA,342,835,Nico Prien,GER-7,Prien_GER-7,11,9300
PWA,342,835,Antoine Questel,FRA-99,Questel_FRA-99,12,9200
PWA,342,835,Sebastian Kördel,GER-220,Kördel_GER-220,13,9100
PWA,342,835,Ingmar Daldorf,NED-191,Daldorf_NED-191,14,9000
PWA,342,835,Bruno Martini,ITA-160,Martini_ITA-160,15,8900
PWA,342,835,Marco Lang,AUT-66,Lang_AUT-66,16,8800
PWA,342,835,Mateus Isaac,BRA-7,Isaac_BRA-7,17,8700
PWA,342,835,Rytis Jasiunas,LTU-7,Jasiunas_LTU-7,18,8600
PWA,342,835,Amado Vrieswijk,NB-20,Vrieswijk_NB-20,19,8500
PWA,342,835,Cedric Bordes,FRA-91,Bordes_FRA-91,20,8400
PWA,342,835,Ethan Westera,ARU-4,Westera_ARU-4,21,8300
PWA,342,835,Martin Møller Hovda,NOR-41,Møller Hovda_NOR-41,22,8200
PWA,342,835,Malte Reuscher,GER-777,Reuscher_GER-777,23,8100
PWA,342,835,Benjamin Augé,FRA-2,Augé_FRA-2,24,8000
PWA,342,835,Pierre Macquaert,FRA-945,Macquaert_FRA-945,25,7900
PWA,342,835,Gunnar Asmussen,GER-2,Asmussen_GER-2,26,7800
PWA,342,835,Jimmy Thieme,F-888,Thieme_F-888,27,7700
PWA,342,835,Arnon Dagan,ISR-1,Dagan_ISR-1,28,7600
PWA,342,835,Cyril Moussilmani,F-71,Moussilmani_F-71,29,7500
PWA,342,835,Tomer Vardimon,ISR-30,Vardimon_ISR-30,30,7400
PWA,342,835,Luuc Van Opzeeland,NED-55,Van Opzeeland_NED-55,31,7300
PWA,342,835,Davide Fabbi,ITA-30,Fabbi_ITA-30,32,7200
PWA,342,835,Francesco Scagliola,ITA-353,Scagliola_ITA-353,33,7100
PWA,342,835,Elton (Taty) Frans,NB-9,(Taty) Frans_NB-9,34,7000
PWA,342,835,Damien Arnoux,FRA-848,Arnoux_FRA-848,35,6900
PWA,342,835,Ben Van Der Steen,NED-57,Van Der Steen_NED-57,36,6800
PWA,342,835,Andy Laufer,G-93,Laufer_G-93,37,6700
PWA,328,710,Sarah-Quita Offringa,ARU-91,Offringa_ARU-91,1,2100
PWA,328,710,Sarah Hauser,NC-6,Hauser_NC-6,2,2067
PWA,328,710,Junko Nagoshi,J-11,Nagoshi_J-11,3,2034
PWA,328,710,Fiona Wylde,US-11,Wylde_US-11,4,2001
PWA,328,710,Motoko Sato,J-0,Sato_J-0,5,1968
PWA,328,710,Tatiana Howard,US-16,Howard_US-16,6,1935
PWA,328,710,Shawna Cropas,KC-99,Cropas_KC-99,7,1902
PWA,328,710,Jessica Crisp,AUS-15,Crisp_AUS-15,8,1869
PWA,328,710,Alice Arutkin,F-111,Arutkin_F-111,9,1820
PWA,328,710,Ingrid Larouche,CAN-66,Larouche_CAN-66,9,1820
PWA,328,710,María Andrés,E-2,Andrés_E-2,11,1754
PWA,328,710,Amanda Beenen,H-87,Beenen_H-87,11,1754
PWA,328,710,Vickey Abbot,AWT-3,Abbot_AWT-3,13,1655
PWA,328,710,Lena Erdil,GER-33,Erdil_GER-33,13,1655
PWA,328,710,Colette Guadagnino,V-711,Guadagnino_V-711,13,1655
PWA,328,710,Tiffany Ward,US-69,Ward_US-69,13,1655
PWA,328,710,Ashley Baxter,US-77,Baxter_US-77,17,1523
PWA,328,710,Sam Bittner,AWT-1,Bittner_AWT-1,17,1523
PWA,328,710,Minako Mori,J-375,Mori_J-375,17,1523
PWA,328,710,Annamaria Zollet,I-908,Zollet_I-908,17,1523
PWA,328,709,Kevin Pritchard,US-3,Pritchard_US-3,1,2100
PWA,328,709,Marcilio Browne,BRA-105,Browne_BRA-105,2,2067
PWA,328,709,Levi Siver,USA-0,Siver_USA-0,3,2034
PWA,328,709,Kai Lenny,US-1112,Lenny_US-1112,4,2001
PWA,328,709,Bernd Roediger,US-1113,Roediger_US-1113,5,1968
PWA,328,709,Camille Juban,GPE-8,Juban_GPE-8,6,1935
PWA,328,709,Morgan Noireaux,HI-101,Noireaux_HI-101,7,1902
PWA,328,709,Robby Swift,K-89,Swift_K-89,8,1869
PWA,328,709,Graham Ezzy,USA-1,Ezzy_USA-1,9,1820
PWA,328,709,Kauli Seadi,BRA-253,Seadi_BRA-253,9,1820
PWA,328,709,Ricardo Campello,V-111,Campello_V-111,11,1754
PWA,328,709,Ross Williams,GBR-83,Williams_GBR-83,11,1754
PWA,328,709,Antoine Martin,F-193,Martin_F-193,13,1688
PWA,328,709,Alex Mussolini,E-30,Mussolini_E-30,13,1688
PWA,328,709,Leon Jamaer,G-208,Jamaer_G-208,15,1622
PWA,328,709,Klaas Voget,G-4,Voget_G-4,15,1622
PWA,328,709,Moritz Mauch,G-103,Mauch_G-103,17,1523
PWA,328,709,Robby Naish,US-1111,Naish_US-1111,17,1523
PWA,328,709,Jason Polakow,KA-1111,Polakow_KA-1111,17,1523
PWA,328,709,Keith Teboul,US-60,Teboul_US-60,17,1523
PWA,328,709,Victor Fernandez,E-42,Fernandez_E-42,21,1391
PWA,328,709,Boujmaa Guilloul,M-3,Guilloul_M-3,21,1391
PWA,328,709,John Skye,K-57,Skye_K-57,21,1391
PWA,328,709,Julien Taboulet,F-100,Taboulet_F-100,21,1391
PWA,328,709,Josh Angulo,CV-1,Angulo_CV-1,25,1259
PWA,328,709,Kai Katchadourian,US-33,Katchadourian_US-33,25,1259
PWA,328,709,Kevin McGillivray,US-527,McGillivray_US-527,25,1259
PWA,328,709,Michi Schweiger,AUT-54,Schweiger_AUT-54,25,1259
PWA,328,709,Diony Guadagnino,V-69,Guadagnino_V-69,29,1127
PWA,328,709,Laurent Guillemin,F-716,Guillemin_F-716,29,1127
PWA,328,709,Florian Jung,G-21,Jung_G-21,29,1127
PWA,328,709,Bryan Metcalf-Perez,US-505,Metcalf-Perez_US-505,29,1127
PWA,328,709,Jake Schettewi,US-25,Schettewi_US-25,33,929
PWA,328,709,Zane Kekoa Schweitzer,HI-11,Kekoa Schweitzer_HI-11,33,929
PWA,328,709,Connor Baxter,US-333,Baxter_US-333,33,929
PWA,328,709,Russ Faurot,US-785,Faurot_US-785,33,929
PWA,328,709,Pascal Hardy,KC-991,Hardy_KC-991,33,929
PWA,328,709,Federico Morisio,I-676,Morisio_I-676,33,929
PWA,328,709,Marc Paré,E-334,Paré_E-334,33,929
PWA,328,709,Aleix Sanllehy,CAT-555,Sanllehy_CAT-555,33,929
PWA,328,709,Chris Freeman,K-97,Freeman_K-97,41,665
PWA,328,709,Casey Hauser,US-634,Hauser_US-634,41,665
PWA,328,709,Loick Lesauvage,F-780,Lesauvage_F-780,41,665
PWA,328,709,Ferdinando Loffreda,HI-1001,Loffreda_HI-1001,41,665
PWA,328,709,Joey Sanchez,US-37,Sanchez_US-37,41,665
PWA,328,709,Jaeger Stone,KA-120,Stone_KA-120,41,665
PWA,328,709,Josh Stone,USA-6,Stone_USA-6,41,665
PWA,328,709,Brian Talma,KBA-8,Talma_KBA-8,41,665
PWA,332,721,"Jose ""Gollito"" Estredo",V-10,"""Gollito"" Estredo_V-10",1,1000
PWA,332,721,Amado Vrieswijk,NB-20,Vrieswijk_NB-20,2,990
PWA,332,721,Yentel Caers,B-16,Caers_B-16,3,980
PWA,332,721,Jacopo Testa,ITA-261,Testa_ITA-261,4,970
PWA,332,721,Steven Van Broeckhoven,B-72,Van Broeckhoven_B-72,5,960
PWA,332,721,Adrien Bosson,F-296,Bosson_F-296,6,950
PWA,332,721,Dieter Van der Eyken,B-35,Van der Eyken_B-35,7,935
PWA,332,721,Antony Ruenes,F-85,Ruenes_F-85,7,935
PWA,332,721,Kiri Thode,NB-61,Thode_NB-61,9,905
PWA,332,721,Sam Esteve,F-79,Esteve_F-79,9,905
PWA,332,721,Everon (Tonky) Frans,NB-7,(Tonky) Frans_NB-7,9,905
PWA,332,721,Elton (Taty) Frans,NB-9,(Taty) Frans_NB-9,9,905
PWA,332,721,Antoine Albert,NC-21,Albert_NC-21,13,865
PWA,332,721,Balz Muller,SUI-21,Muller_SUI-21,13,865
PWA,332,721,Philip Soltysiak,CAN-9,Soltysiak_CAN-9,13,865
PWA,332,721,Rick Jendrusch,H-120,Jendrusch_H-120,13,865
PWA,332,721,Mattia Fabrizi,ITA-991,Fabrizi_ITA-991,17,805
PWA,332,721,Nicolas Akgazciyan,F-400,Akgazciyan_F-400,17,805
PWA,332,721,Youp Schmit,NB-12,Schmit_NB-12,17,805
PWA,332,721,Davy Scheffers,H-311,Scheffers_H-311,17,805
PWA,332,721,Francesco Cappuzzo,I-333,Cappuzzo_I-333,17,805
PWA,332,721,Adrian Beholz,G-888,Beholz_G-888,17,805
PWA,332,721,Giovanni Passani,ITA-139,Passani_ITA-139,17,805
PWA,332,721,Marco Lufen,G-2626,Lufen_G-2626,17,805
PWA,332,721,Loick Spicher,SUI-19,Spicher_SUI-19,25,725
PWA,332,721,Jeremy Plüss,SUI-500,Plüss_SUI-500,25,725
PWA,332,721,Riccardo Marca,ITA-988,Marca_ITA-988,25,725
PWA,332,721,Jamie Howard,K-582,Howard_K-582,25,725
PWA,332,721,Johnny Yagen,ISR-02,Yagen_ISR-02,25,725
PWA,332,721,Adam Sims,K-72,Sims_K-72,25,725
PWA,332,721,Yegor Popretinskiy,RUS-11,Popretinskiy_RUS-11,25,725
PWA,332,721,Yarden Meir,ISR-91,Meir_ISR-91,25,725
PWA,332,721,Julien Mas,FRA-07,Mas_FRA-07,33,605
PWA,332,721,Niclas Nebelung,G-584,Nebelung_G-584,33,605
PWA,332,721,Julian Wiemar,G-2111,Wiemar_G-2111,33,605
PWA,332,721,Björn Saragoza,NB-11,Saragoza_NB-11,33,605
PWA,332,721,Deivis Paternina Teran,V-04,Paternina Teran_V-04,33,605
PWA,332,721,Tony Mõttus,EST-21,Mõttus_EST-21,33,605
PWA,332,721,Florian Wegerer,NB-16,Wegerer_NB-16,33,605
PWA,332,721,Andreas Lachauer,G-171,Lachauer_G-171,33,605
PWA,332,721,Valentin Böckler,G-315,Böckler_G-315,33,605
PWA,332,721,Nic Hibdige,K-700,Hibdige_K-700,33,605
PWA,332,721,Yuma Kobayashi,J-100,Kobayashi_J-100,33,605
PWA,332,721,"Stepherd ""Cheppi"" Gustowski",NB-33,"""Cheppi"" Gustowski_NB-33",33,605
PWA,332,721,Aron Etmon,CUR-2,Etmon_CUR-2,33,605
PWA,332,721,Eliran Levi,ISR-22,Levi_ISR-22,33,605
PWA,332,721,Max Matissek,OE-9,Matissek_OE-9,33,605
PWA,332,721,Marco Vinante,I-205,Vinante_I-205,33,605
PWA,332,722,Philip Köster,G-44,Köster_G-44,1,2100
PWA,332,722,Victor Fernandez,E-42,Fernandez_E-42,2,2067
PWA,332,722,Alex Mussolini,E-30,Mussolini_E-30,3,2034
PWA,332,722,Marcilio Browne,BRA-105,Browne_BRA-105,4,2001
PWA,332,722,Adam Lewis,K-516,Lewis_K-516,5,1968
PWA,332,722,Alessio Stillrich,E-95,Stillrich_E-95,6,1935
PWA,332,722,Thomas Traversa,F-3,Traversa_F-3,7,1886
PWA,332,722,Jaeger Stone,KA-120,Stone_KA-120,7,1886
PWA,332,722,Ricardo Campello,V-111,Campello_V-111,9,1787
PWA,332,722,Camille Juban,GPE-8,Juban_GPE-8,9,1787
PWA,332,722,Daniel Bruch,G-1181,Bruch_G-1181,9,1787
PWA,332,722,Marc Paré,E-334,Paré_E-334,9,1787
PWA,332,722,Antoine Martin,F-193,Martin_F-193,13,1655
PWA,332,722,Jules Denel,FRA-41,Denel_FRA-41,13,1655
PWA,332,722,Julian Salmonn,G-21,Salmonn_G-21,13,1655
PWA,332,722,Klaas Voget,G-4,Voget_G-4,13,1655
PWA,332,722,Arthur Arutkin,F-7,Arutkin_F-7,17,1457
PWA,332,722,Leon Jamaer,G-208,Jamaer_G-208,17,1457
PWA,332,722,Moritz Mauch,G-103,Mauch_G-103,17,1457
PWA,332,722,Robby Swift,K-89,Swift_K-89,17,1457
PWA,332,722,Aleix Sanllehy,CAT-555,Sanllehy_CAT-555,17,1457
PWA,332,722,Omar Sanchez,E-33,Sanchez_E-33,17,1457
PWA,332,722,Morgan Noireaux,HI-101,Noireaux_HI-101,17,1457
PWA,332,722,Josep Pons,E-203,Pons_E-203,17,1457
PWA,332,722,Florian Jung,G-21,Jung_G-21,25,1193
PWA,332,722,Marino Gil Gherardi,E-959,Gil Gherardi_E-959,25,1193
PWA,332,722,Kenneth Danielsen,D-38,Danielsen_D-38,25,1193
PWA,332,722,Dieter Van der Eyken,B-35,Van der Eyken_B-35,25,1193
PWA,332,722,Loick Lesauvage,F-780,Lesauvage_F-780,25,1193
PWA,332,722,Tim van Dam Sanchidrian,E-510,van Dam Sanchidrian_E-510,25,1193
PWA,332,722,Graham Ezzy,USA-1,Ezzy_USA-1,25,1193
PWA,332,722,"Jose ""Gollito"" Estredo",V-10,"""Gollito"" Estredo_V-10",25,1193
PWA,332,722,Eric Sanllehy,CAT-111,Sanllehy_CAT-111,33,797
PWA,332,722,Martin ten Hoeve,H-999,ten Hoeve_H-999,33,797
PWA,332,722,Felix Spencer,AUS-69,Spencer_AUS-69,33,797
PWA,332,722,Noah Vocker,F-210,Vocker_F-210,33,797
PWA,332,722,Antoine Albert,NC-21,Albert_NC-21,33,797
PWA,332,722,Francesco Cappuzzo,I-333,Cappuzzo_I-333,33,797
PWA,332,722,Nicolas Akgazciyan,F-400,Akgazciyan_F-400,33,797
PWA,332,722,Pablo Ramírez Bolaños,E-244,Ramírez Bolaños_E-244,33,797
PWA,332,722,Dario Ojeda,E-211,Ojeda_E-211,33,797
PWA,332,722,Jacopo Testa,ITA-261,Testa_ITA-261,33,797
PWA,332,722,Ben Proffitt,K-800,Proffitt_K-800,33,797
PWA,332,722,Valter Scotto,TF-7,Scotto_TF-7,33,797
PWA,332,722,Jake Schettewi,US-25,Schettewi_US-25,33,797
PWA,332,722,Alexandre Grand-Guillot,F-585,Grand-Guillot_F-585,33,797
PWA,332,722,John Skye,K-57,Skye_K-57,33,797
PWA,332,722,Antony Ruenes,F-85,Ruenes_F-85,33,797
PWA,332,713,Sarah-Quita Offringa,ARU-91,Offringa_ARU-91,1,1000
PWA,332,713,Lena Erdil,GER-33,Erdil_GER-33,2,990
PWA,332,713,Marion Mortefon,FRA-118,Mortefon_FRA-118,3,980
PWA,332,713,Esther De Geus,NED-16,De Geus_NED-16,4,970
PWA,332,713,Maëlle Guilbaud,FRA-551,Guilbaud_FRA-551,5,960
PWA,332,713,Oda Johanne Brødholt,NOR-500,Johanne Brødholt_NOR-500,6,950
PWA,332,713,Yuki Sunaga,JPN-470,Sunaga_JPN-470,7,940
PWA,332,713,Nimet Tulumen,TUR-753,Tulumen_TUR-753,8,930
PWA,332,713,Ayako Suzuki,JPN-61,Suzuki_JPN-61,9,915
PWA,332,713,Maria Shapkina,RUS-6,Shapkina_RUS-6,9,915
PWA,332,713,Delphine Cousin Questel,FRA-775,Cousin Questel_FRA-775,11,900
PWA,332,713,Fujiko Onishi,JPN-94,Onishi_JPN-94,12,890
PWA,332,713,Cagla Kubat,TUR-75,Kubat_TUR-75,13,880
PWA,332,713,Marianne Rautelin,FIN-13,Rautelin_FIN-13,14,870
PWA,332,713,Mio Anayama,JPN-311,Anayama_JPN-311,15,860
PWA,332,713,Yun-Hee Lim,KOR-033,Lim_KOR-033,16,850
PWA,332,713,Moeata Boosie,TAH-22,Boosie_TAH-22,17,840
PWA,332,713,Mathilde Zampieri,TAH-987,Zampieri_TAH-987,18,830
PWA,332,713,Fulya Ünlü,TUR-165,Ünlü_TUR-165,19,810
PWA,332,713,Marion Dusart,F-306,Dusart_F-306,19,810
PWA,332,713,Anissa Mohrath,DEN-85,Mohrath_DEN-85,19,810
PWA,322,699,Sarah-Quita Offringa,ARU-91,Offringa_ARU-91,1,2100
PWA,322,699,Delphine Cousin Questel,FRA-775,Cousin Questel_FRA-775,2,2067
PWA,322,699,Lena Erdil,GER-33,Erdil_GER-33,3,2034
PWA,322,699,Maja Dziarnowska,POL-7,Dziarnowska_POL-7,4,2001
PWA,322,699,Fujiko Onishi,JPN-94,Onishi_JPN-94,5,1968
PWA,322,699,Yuki Sunaga,JPN-470,Sunaga_JPN-470,6,1935
PWA,322,699,Fulya Ünlü,TUR-165,Ünlü_TUR-165,7,1902
PWA,322,699,Oda Johanne Brødholt,NOR-500,Johanne Brødholt_NOR-500,8,1869
PWA,322,699,Marion Mortefon,FRA-118,Mortefon_FRA-118,9,1836
PWA,322,699,Ayako Suzuki,JPN-61,Suzuki_JPN-61,10,1803
PWA,322,699,Maëlle Guilbaud,FRA-551,Guilbaud_FRA-551,11,1770
PWA,322,699,Lucie Hervoche,F-42,Hervoche_F-42,12,1737
PWA,322,699,María Andrés,E-2,Andrés_E-2,13,1704
PWA,322,699,Esther De Geus,NED-16,De Geus_NED-16,14,1671
PWA,322,699,Marion Dusart,F-306,Dusart_F-306,15,1638
PWA,322,699,Mio Anayama,JPN-311,Anayama_JPN-311,16,1605
PWA,322,699,Cagla Kubat,TUR-75,Kubat_TUR-75,17,1572
PWA,322,699,Marine Hunter,FRA-181,Hunter_FRA-181,18,1539
PWA,322,699,Marianne Rautelin,FIN-13,Rautelin_FIN-13,19,1506
PWA,322,699,Estelle Barré,FRA-675,Barré_FRA-675,20,1440
PWA,322,699,Nimet Tulumen,TUR-753,Tulumen_TUR-753,20,1440
PWA,322,699,Andrea Vanhoorne,BEL-26,Vanhoorne_BEL-26,20,1440
PWA,322,699,Anissa Mohrath,DEN-85,Mohrath_DEN-85,23,1374
PWA,322,699,Maria Shapkina,RUS-6,Shapkina_RUS-6,24,1325
PWA,322,699,Annika Valkna,EST-14,Valkna_EST-14,24,1325
PWA,322,699,Cécile Decourt,F-49,Decourt_F-49,26,1242
PWA,322,699,Helle Oppedal,NOR-39,Oppedal_NOR-39,26,1242
PWA,322,699,Miriam Rasmussen,NOR-17,Rasmussen_NOR-17,26,1242
PWA,322,699,Alara Baykent,USA-07,Baykent_USA-07,29,1143
PWA,322,699,Natasha Schaloffsky Bate,DEN-611,Schaloffsky Bate_DEN-611,29,1143
PWA,322,699,Ann Schliemann,GER-1003,Schliemann_GER-1003,29,1143
PWA,322,702,Alex Mussolini,E-30,Mussolini_E-30,1,2100
PWA,322,702,Thomas Traversa,F-3,Traversa_F-3,2,2067
PWA,322,702,Jaeger Stone,KA-120,Stone_KA-120,3,2034
PWA,322,702,Victor Fernandez,E-42,Fernandez_E-42,4,2001
PWA,322,702,Daniel Bruch,G-1181,Bruch_G-1181,5,1919
PWA,322,702,Kenneth Danielsen,D-38,Danielsen_D-38,5,1919
PWA,322,702,Robby Swift,K-89,Swift_K-89,5,1919
PWA,322,702,Klaas Voget,G-4,Voget_G-4,5,1919
PWA,322,702,Marcilio Browne,BRA-105,Browne_BRA-105,9,1721
PWA,322,702,Leon Jamaer,G-208,Jamaer_G-208,9,1721
PWA,322,702,Camille Juban,GPE-8,Juban_GPE-8,9,1721
PWA,322,702,Antoine Martin,F-193,Martin_F-193,9,1721
PWA,322,702,Moritz Mauch,G-103,Mauch_G-103,9,1721
PWA,322,702,John Skye,K-57,Skye_K-57,9,1721
PWA,322,702,Alessio Stillrich,E-95,Stillrich_E-95,9,1721
PWA,322,702,Dieter Van der Eyken,B-35,Van der Eyken_B-35,9,1721
PWA,322,702,Ricardo Campello,V-111,Campello_V-111,17,1325
PWA,322,702,Jules Denel,FRA-41,Denel_FRA-41,17,1325
PWA,322,702,Max Droege,G-3,Droege_G-3,17,1325
PWA,322,702,Graham Ezzy,USA-1,Ezzy_USA-1,17,1325
PWA,322,702,Gustav Haggstrom,S-7,Haggstrom_S-7,17,1325
PWA,322,702,Florian Jung,G-21,Jung_G-21,17,1325
PWA,322,702,Adam Lewis,K-516,Lewis_K-516,17,1325
PWA,322,702,Marc Paré,E-334,Paré_E-334,17,1325
PWA,322,702,Josep Pons,E-203,Pons_E-203,17,1325
PWA,322,702,Ben Proffitt,K-800,Proffitt_K-800,17,1325
PWA,322,702,Julien Quentel,SXM-421,Quentel_SXM-421,17,1325
PWA,322,702,Pablo Ramírez Bolaños,E-244,Ramírez Bolaños_E-244,17,1325
PWA,322,702,Maciek Rutkowski,POL-23,Rutkowski_POL-23,17,1325
PWA,322,702,Omar Sanchez,E-33,Sanchez_E-33,17,1325
PWA,322,702,Aleix Sanllehy,CAT-555,Sanllehy_CAT-555,17,1325
PWA,322,702,Martin ten Hoeve,H-999,ten Hoeve_H-999,17,1325
PWA,286,584,Karin Jaggi,SUI-14,Jaggi_SUI-14,1,2100
PWA,286,584,Lena Erdil,GER-33,Erdil_GER-33,2,2067
PWA,286,584,Valérie Arrighetti Ghibaudo,FRA-444,Arrighetti Ghibaudo_FRA-444,3,2034
PWA,286,584,Alice Arutkin,F-111,Arutkin_F-111,4,1985
PWA,286,584,Laura Linares,ITA-611,Linares_ITA-611,4,1985
PWA,286,584,Cagla Kubat,TUR-75,Kubat_TUR-75,6,1935
PWA,286,584,Delphine Cousin Questel,FRA-775,Cousin Questel_FRA-775,7,1902
PWA,286,584,María Andrés,E-2,Andrés_E-2,8,1853
PWA,286,584,Fanny Aubet,FRA-809,Aubet_FRA-809,8,1853
PWA,286,584,Dilara Uralp,TUR-191,Uralp_TUR-191,10,1803
PWA,286,584,Marianne Rautelin,FIN-13,Rautelin_FIN-13,11,1770
PWA,286,584,Greta Benvenuti,ITA-38,Benvenuti_ITA-38,12,1737
PWA,286,584,Melek Toraman,TUR-115,Toraman_TUR-115,13,1704
PWA,286,584,Ceren Yaman,TUR-666,Yaman_TUR-666,14,1655
PWA,286,584,Emanuela Giorgi,ITA-725,Giorgi_ITA-725,14,1655
PWA,286,583,Antoine Albeau,F-192,Albeau_F-192,1,2100
PWA,286,583,Ross Williams,GBR-83,Williams_GBR-83,2,2067
PWA,286,583,Ludovic Jossin,E-12,Jossin_E-12,3,2034
PWA,286,583,Josh Angulo,CV-1,Angulo_CV-1,4,2001
PWA,286,583,Micah Buzianis,USA-34,Buzianis_USA-34,5,1968
PWA,286,583,Sylvain Moussilmani,F-007,Moussilmani_F-007,6,1935
PWA,286,583,Peter Volwater,H-24,Volwater_H-24,7,1902
PWA,286,583,Steve Allen,AUS-0,Allen_AUS-0,8,1869
PWA,286,583,Cyril Moussilmani,F-71,Moussilmani_F-71,9,1836
PWA,286,583,Björn Dunkerbeck,ESP-11,Dunkerbeck_ESP-11,10,1803
PWA,286,583,Matteo Iachino,ITA-140,Iachino_ITA-140,11,1770
PWA,286,583,Bernd Flessner,G-16,Flessner_G-16,12,1737
PWA,286,583,Vincent Langer,G-1,Langer_G-1,13,1704
PWA,286,583,Antoine Questel,FRA-99,Questel_FRA-99,14,1671
PWA,286,583,Ben Van Der Steen,NED-57,Van Der Steen_NED-57,15,1638
PWA,286,583,Pascal Toselli,F-916,Toselli_F-916,16,1605
PWA,286,583,Alberto Menegatti,ITA-4,Menegatti_ITA-4,17,1572
PWA,286,583,Damien Le Guen,FRA-86,Le Guen_FRA-86,18,1539
PWA,286,583,Cedric Bordes,FRA-91,Bordes_FRA-91,19,1506
PWA,286,583,Pieter Bijl,NED-0,Bijl_NED-0,20,1473
PWA,286,583,Jimmy Diaz,ISV-11,Diaz_ISV-11,21,1424
PWA,286,583,Pierre Mortefon,F-14,Mortefon_F-14,21,1424
PWA,286,583,Maciek Rutkowski,POL-23,Rutkowski_POL-23,23,1374
PWA,286,583,Elton (Taty) Frans,NB-9,(Taty) Frans_NB-9,24,1341
PWA,286,583,Arnon Dagan,ISR-1,Dagan_ISR-1,25,1275
PWA,286,583,Patrik Diethelm,SUI-20,Diethelm_SUI-20,25,1275
PWA,286,583,Andrea Rosati,ITA-0,Rosati_ITA-0,25,1275
PWA,286,583,Gunnar Asmussen,GER-2,Asmussen_GER-2,28,1209
PWA,286,583,Julien Quentel,SXM-421,Quentel_SXM-421,29,1176
PWA,286,583,Finian Maynard,KV-11,Maynard_KV-11,30,1143
PWA,286,583,Kevin Mevissen,H-79,Mevissen_H-79,31,1110
PWA,286,583,Gonzalo Costa Hoevel,ARG-3,Costa Hoevel_ARG-3,32,1077
PWA,286,583,Benoit Moussilmani,F-1,Moussilmani_F-1,33,1044
PWA,286,583,Joel Grönqvist,FIN-2,Grönqvist_FIN-2,34,1011
PWA,286,583,Clément Bozec,F-32,Bozec_F-32,35,962
PWA,286,583,Malte Reuscher,GER-777,Reuscher_GER-777,35,962
PWA,286,583,Casper Bouman,NED-52,Bouman_NED-52,37,912
PWA,286,583,William Alikiagalelei,FRA-540,Alikiagalelei_FRA-540,38,764
PWA,286,583,Daniel Blinnikka,FIN-5,Blinnikka_FIN-5,38,764
PWA,286,583,Andrea Ferin,ITA-111,Ferin_ITA-111,38,764
PWA,286,583,Kurosh Kiani,D-83,Kiani_D-83,38,764
PWA,286,583,Marco Lang,AUT-66,Lang_AUT-66,38,764
PWA,286,583,Fred Morin,T-1000,Morin_T-1000,38,764
PWA,286,583,Oliver-Tom Schliemann,G-1001,Schliemann_G-1001,38,764
PWA,286,583,Jordy Vonk,NED-69,Vonk_NED-69,38,764
PWA,286,583,Jocelyn de Souza,FRA-873,de Souza_FRA-873,46,615
PWA,286,583,Tomas Malina,CZE-109,Malina_CZE-109,47,566
PWA,286,583,Christoph Pressler,AUT-226,Pressler_AUT-226,47,566
PWA,286,583,Sean O'Brien,AUS-120,O'Brien_AUS-120,49,516
PWA,286,583,Andrea Cucchi,I-1,Cucchi_I-1,50,450
PWA,286,583,Dennis Müller,GER-89,Müller_GER-89,50,450
PWA,286,583,Manuel Zugsbratl,AUT-230,Zugsbratl_AUT-230,50,450
PWA,286,583,Wolfgang Draschner,G-3333,Draschner_G-3333,53,335
PWA,286,583,Danny Kater,H-322,Kater_H-322,53,335
PWA,286,583,Michael Kvasnovsky,CZE-178,Kvasnovsky_CZE-178,53,335
PWA,286,583,Christian Recke,GER-556,Recke_GER-556,53,335
PWA,286,579,Thomas Traversa,F-3,Traversa_F-3,1,2100
PWA,286,579,Philip Köster,G-44,Köster_G-44,2,2067
PWA,286,579,Victor Fernandez,E-42,Fernandez_E-42,3,2034
PWA,286,579,Ricardo Campello,V-111,Campello_V-111,4,2001
PWA,286,579,Kauli Seadi,BRA-253,Seadi_BRA-253,5,1968
PWA,286,579,Alex Mussolini,E-30,Mussolini_E-30,6,1935
PWA,286,579,Daniel Bruch,G-1181,Bruch_G-1181,7,1886
PWA,286,579,Klaas Voget,G-4,Voget_G-4,7,1886
PWA,286,579,Leon Jamaer,G-208,Jamaer_G-208,9,1787
PWA,286,579,Robby Swift,K-89,Swift_K-89,9,1787
PWA,286,579,Peter Volwater,H-24,Volwater_H-24,9,1787
PWA,286,579,Ross Williams,GBR-83,Williams_GBR-83,9,1787
PWA,286,579,Marcilio Browne,BRA-105,Browne_BRA-105,13,1655
PWA,286,579,Mikey Clancy,IR-253,Clancy_IR-253,13,1655
PWA,286,579,Jamie Hancock,K-218,Hancock_K-218,13,1655
PWA,286,579,John Skye,K-57,Skye_K-57,13,1655
PWA,286,579,Kenneth Danielsen,D-38,Danielsen_D-38,17,1457
PWA,286,579,Jules Denel,FRA-41,Denel_FRA-41,17,1457
PWA,286,579,Lars Gobisch,G-800,Gobisch_G-800,17,1457
PWA,286,579,Stefan Gobisch,G-3,Gobisch_G-3,17,1457
PWA,286,579,Phil Horrocks,K-303,Horrocks_K-303,17,1457
PWA,286,579,Adam Lewis,K-516,Lewis_K-516,17,1457
PWA,286,579,Ben Proffitt,K-800,Proffitt_K-800,17,1457
PWA,286,579,Omar Sanchez,E-33,Sanchez_E-33,17,1457
PWA,286,579,Robert Baldyga,POL-18,Baldyga_POL-18,25,1193
PWA,286,579,Mads Bjørnå,DEN-20,Bjørnå_DEN-20,25,1193
PWA,286,579,Michael Kleingarn,G-308,Kleingarn_G-308,25,1193
PWA,286,579,Sebastian Kornum,DEN-24,Kornum_DEN-24,25,1193
PWA,286,579,Dario Ojeda,E-211,Ojeda_E-211,25,1193
PWA,286,579,Lars Petersen,D-99,Petersen_D-99,25,1193
PWA,286,579,Albert Pijoan,E-88,Pijoan_E-88,25,1193
PWA,286,579,Markus Rydberg,S-313,Rydberg_S-313,25,1193
PWA,286,579,Mikkel Asmussen,D-153,Asmussen_D-153,33,0
PWA,286,579,Christopher Friis,D-36,Friis_D-36,33,0
PWA,286,579,Jonas Knudsen,D-103,Knudsen_D-103,33,0
PWA,286,579,Przemek Krzycki,POL-194,Krzycki_POL-194,33,0
PWA,286,579,Antoine Martin,F-193,Martin_F-193,33,0
PWA,286,579,Nikodem Merlak,POL-64,Merlak_POL-64,33,0
PWA,286,579,Jens Pedersen,D-43,Pedersen_D-43,33,0
PWA,286,579,Tuomo Naalisvaara,FIN-3,Naalisvaara_FIN-3,33,0
PWA,286,579,Alessio Stillrich,E-95,Stillrich_E-95,33,0
PWA,286,579,Martin ten Hoeve,H-999,ten Hoeve_H-999,33,0
PWA,286,579,Thomas Wessel Svensson,N-14,Wessel Svensson_N-14,33,0
PWA,286,582,"Jose ""Gollito"" Estredo",V-10,"""Gollito"" Estredo_V-10",1,2100
PWA,286,582,Everon (Tonky) Frans,NB-7,(Tonky) Frans_NB-7,2,2067
PWA,286,582,Kiri Thode,NB-61,Thode_NB-61,3,2034
PWA,286,582,Steven Van Broeckhoven,B-72,Van Broeckhoven_B-72,4,2001
PWA,286,582,Youp Schmit,NB-12,Schmit_NB-12,5,1968
PWA,286,582,Philip Soltysiak,CAN-9,Soltysiak_CAN-9,6,1935
PWA,286,582,Elton (Taty) Frans,NB-9,(Taty) Frans_NB-9,7,1886
PWA,286,582,Dieter Van der Eyken,B-35,Van der Eyken_B-35,7,1886
PWA,286,582,Antony Ruenes,F-85,Ruenes_F-85,9,1787
PWA,286,582,Björn Saragoza,NB-11,Saragoza_NB-11,9,1787
PWA,286,582,Davy Scheffers,H-311,Scheffers_H-311,9,1787
PWA,286,582,Maarten van Ochten,H-73,van Ochten_H-73,9,1787
PWA,286,582,Andy 'Bubble' Chambers,K-540,'Bubble' Chambers_K-540,13,1655
PWA,286,582,Yegor Popretinskiy,RUS-11,Popretinskiy_RUS-11,13,1655
PWA,286,582,Max Rowe,K-20,Rowe_K-20,13,1655
PWA,286,582,Amado Vrieswijk,NB-20,Vrieswijk_NB-20,13,1655
PWA,286,582,Adrien Bosson,F-296,Bosson_F-296,17,1457
PWA,286,582,Tilo Eber,G-414,Eber_G-414,17,1457
PWA,286,582,Mattia Fabrizi,ITA-991,Fabrizi_ITA-991,17,1457
PWA,286,582,Rick Jendrusch,H-120,Jendrusch_H-120,17,1457
PWA,286,582,Christofer Kalk,EST-141,Kalk_EST-141,17,1457
PWA,286,582,Julien Mas,FRA-07,Mas_FRA-07,17,1457
PWA,286,582,Max Matissek,OE-9,Matissek_OE-9,17,1457
PWA,286,582,Bryan Metcalf-Perez,US-505,Metcalf-Perez_US-505,17,1457
PWA,286,582,Paul Boef,NED-720,Boef_NED-720,25,1193
PWA,286,582,Adam Gavriel,ISR-111,Gavriel_ISR-111,25,1193
PWA,286,582,Tony Mõttus,EST-21,Mõttus_EST-21,25,1193
PWA,286,582,Balz Muller,SUI-21,Muller_SUI-21,25,1193
PWA,286,582,Jeremy Plüss,SUI-500,Plüss_SUI-500,25,1193
PWA,286,582,Nicola Spadea,ITA-44,Spadea_ITA-44,25,1193
PWA,286,582,Jacopo Testa,ITA-261,Testa_ITA-261,25,1193
PWA,286,582,Fabian Weber,G-999,Weber_G-999,25,1193
PWA,286,582,Adrian Beholz,G-888,Beholz_G-888,33,0
PWA,286,582,Valentin Böckler,G-315,Böckler_G-315,33,0
PWA,286,582,Ricardo Campello,V-111,Campello_V-111,33,0
PWA,286,582,Remko de Zeeuw,NED-444,de Zeeuw_NED-444,33,0
PWA,286,582,Ole Hasholt,D-210,Hasholt_D-210,33,0
PWA,286,582,Danny Kater,H-322,Kater_H-322,33,0
PWA,286,582,Kevin Mevissen,H-79,Mevissen_H-79,33,0
PWA,286,582,Rasmus Oegelund,D-22,Oegelund_D-22,33,0
PWA,286,582,Meikel Thies,GER-106,Thies_GER-106,33,0
PWA,288,601,Philip Köster,G-44,Köster_G-44,1,2100
PWA,288,601,Victor Fernandez,E-42,Fernandez_E-42,2,2067
PWA,288,601,Alex Mussolini,E-30,Mussolini_E-30,3,2034
PWA,288,601,Ricardo Campello,V-111,Campello_V-111,4,2001
PWA,288,601,Thomas Traversa,F-3,Traversa_F-3,5,1968
PWA,288,601,Marcilio Browne,BRA-105,Browne_BRA-105,6,1935
PWA,288,601,Leon Jamaer,G-208,Jamaer_G-208,7,1886
PWA,288,601,John Skye,K-57,Skye_K-57,7,1886
PWA,288,601,Daniel Bruch,G-1181,Bruch_G-1181,9,1787
PWA,288,601,Jules Denel,FRA-41,Denel_FRA-41,9,1787
PWA,288,601,Jamie Hancock,K-218,Hancock_K-218,9,1787
PWA,288,601,Adam Lewis,K-516,Lewis_K-516,9,1787
PWA,288,601,Kenneth Danielsen,D-38,Danielsen_D-38,13,1655
PWA,288,601,Dario Ojeda,E-211,Ojeda_E-211,13,1655
PWA,288,601,Florian Jung,G-21,Jung_G-21,13,1655
PWA,288,601,Scott McKercher,KA-181,McKercher_KA-181,13,1655
PWA,288,601,Boujmaa Guilloul,M-3,Guilloul_M-3,17,1457
PWA,288,601,Phil Horrocks,K-303,Horrocks_K-303,17,1457
PWA,288,601,Antoine Martin,F-193,Martin_F-193,17,1457
PWA,288,601,Ben Proffitt,K-800,Proffitt_K-800,17,1457
PWA,288,601,Omar Sanchez,E-33,Sanchez_E-33,17,1457
PWA,288,601,Aleix Sanllehy,CAT-555,Sanllehy_CAT-555,17,1457
PWA,288,601,Klaas Voget,G-4,Voget_G-4,17,1457
PWA,288,601,Martin ten Hoeve,H-999,ten Hoeve_H-999,17,1457
PWA,288,601,Michael Kleingarn,G-308,Kleingarn_G-308,25,1193
PWA,288,601,Albert Pijoan,E-88,Pijoan_E-88,25,1193
PWA,288,601,Valter Scotto,TF-7,Scotto_TF-7,25,1193
PWA,288,601,Peter Volwater,H-24,Volwater_H-24,25,1193
PWA,288,601,Jochen Stolz,E-174,Stolz_E-174,25,1193
PWA,288,601,Jonas Ceballos,E-40,Ceballos_E-40,25,1193
PWA,288,601,Moritz Mauch,G-103,Mauch_G-103,25,1193
PWA,288,601,Alessio Stillrich,E-95,Stillrich_E-95,25,1193
PWA,288,602,Sarah-Quita Offringa,ARU-91,Offringa_ARU-91,1,2100
PWA,288,602,Arrianne Aukes,H-131,Aukes_H-131,2,2067
PWA,288,602,Yolanda Freites de Brendt,V-26,Freites de Brendt_V-26,3,2034
PWA,288,602,Olya Raskina,14,Raskina_14,4,2001
PWA,288,602,Oda Johanne Brødholt,NOR-500,Johanne Brødholt_NOR-500,5,1952
PWA,288,602,Maxime van Gent,NB-22,van Gent_NB-22,5,1952
PWA,288,602,Maaike Huvermann,NED-108,Huvermann_NED-108,7,1886
PWA,288,602,Karin Jaggi,SUI-14,Jaggi_SUI-14,7,1886
PWA,288,602,Svetlana Martynova,RUS-10,Martynova_RUS-10,9,1820
PWA,288,602,Heleen Muijsers,NED-206,Muijsers_NED-206,9,1820
PWA,288,602,Francesca Floris,ITA-211,Floris_ITA-211,11,1770
PWA,291,628,Sarah-Quita Offringa,ARU-91,Offringa_ARU-91,1,2100
PWA,291,628,Olya Raskina,14,Raskina_14,2,2067
PWA,291,628,Oda Johanne Brødholt,NOR-500,Johanne Brødholt_NOR-500,3,2034
PWA,291,628,Yolanda Freites de Brendt,V-26,Freites de Brendt_V-26,4,2001
PWA,291,628,Heleen Muijsers,NED-206,Muijsers_NED-206,5,1968
PWA,291,628,Maaike Huvermann,NED-108,Huvermann_NED-108,6,1935
PWA,291,628,Maeli Cherel,AUS-558,Cherel_AUS-558,7,1886
PWA,291,628,Maxime van Gent,NB-22,van Gent_NB-22,7,1886
PWA,291,628,Eva Chiochetti,I-191,Chiochetti_I-191,9,1820
PWA,291,628,Francesca Floris,ITA-211,Floris_ITA-211,9,1820
PWA,291,627,Victor Fernandez,E-42,Fernandez_E-42,1,2100
PWA,291,627,Ricardo Campello,V-111,Campello_V-111,2,2067
PWA,291,627,Marcilio Browne,BRA-105,Browne_BRA-105,3,2034
PWA,291,627,Jaeger Stone,KA-120,Stone_KA-120,4,2001
PWA,291,627,Philip Köster,G-44,Köster_G-44,5,1919
PWA,291,627,John Skye,K-57,Skye_K-57,5,1919
PWA,291,627,Alessio Stillrich,E-95,Stillrich_E-95,5,1919
PWA,291,627,Klaas Voget,G-4,Voget_G-4,5,1919
PWA,291,627,Daniel Bruch,G-1181,Bruch_G-1181,9,1721
PWA,291,627,Antoine Martin,F-193,Martin_F-193,9,1721
PWA,291,627,Moritz Mauch,G-103,Mauch_G-103,9,1721
PWA,291,627,Dario Ojeda,E-211,Ojeda_E-211,9,1721
PWA,291,627,Omar Sanchez,E-33,Sanchez_E-33,9,1721
PWA,291,627,Aleix Sanllehy,CAT-555,Sanllehy_CAT-555,9,1721
PWA,291,627,Robby Swift,K-89,Swift_K-89,9,1721
PWA,291,627,Thomas Traversa,F-3,Traversa_F-3,9,1721
PWA,291,627,Alex Mussolini,E-30,Mussolini_E-30,17,1325
PWA,291,627,Albert Pijoan,E-88,Pijoan_E-88,17,1325
PWA,291,627,Ben Proffitt,K-800,Proffitt_K-800,17,1325
PWA,291,627,José Romero,E-45,Romero_E-45,17,1325
PWA,291,627,Eric Sanllehy,CAT-111,Sanllehy_CAT-111,17,1325
PWA,291,627,Martin ten Hoeve,H-999,ten Hoeve_H-999,17,1325
PWA,291,627,Jonas Ceballos,E-40,Ceballos_E-40,17,1325
PWA,291,627,Kenneth Danielsen,D-38,Danielsen_D-38,17,1325
PWA,291,627,Jules Denel,FRA-41,Denel_FRA-41,17,1325
PWA,291,627,Graham Ezzy,USA-1,Ezzy_USA-1,17,1325
PWA,291,627,Boujmaa Guilloul,M-3,Guilloul_M-3,17,1325
PWA,291,627,Leon Jamaer,G-208,Jamaer_G-208,17,1325
PWA,291,627,Camille Juban,GPE-8,Juban_GPE-8,17,1325
PWA,291,627,Florian Jung,G-21,Jung_G-21,17,1325
PWA,291,627,Adam Lewis,K-516,Lewis_K-516,17,1325
PWA,291,627,Ramon Pastor,E-72,Pastor_E-72,17,1325
PWA,291,626,Daida Ruano Moreno,E-64,Ruano Moreno_E-64,1,2100
PWA,291,626,Iballa Ruano Moreno,E-63,Ruano Moreno_E-63,2,2067
PWA,291,626,Steffi Wahl,G-303,Wahl_G-303,3,2034
PWA,291,626,Amanda Beenen,H-87,Beenen_H-87,4,2001
PWA,291,626,Carmen Afonso Martin,E-209,Afonso Martin_E-209,5,1919
PWA,291,626,Alice Arutkin,F-111,Arutkin_F-111,5,1919
PWA,291,626,Justyna Sniady,POL-1111,Sniady_POL-1111,5,1919
PWA,291,626,Caterina Stenta,I-662,Stenta_I-662,5,1919
PWA,291,626,Silvia Alba Orozco,E-67,Alba Orozco_E-67,9,1721
PWA,291,626,Sarah Hilder,K-349,Hilder_K-349,9,1721
PWA,291,626,Heleen Muijsers,NED-206,Muijsers_NED-206,9,1721
PWA,291,626,Astrid Muldoon,F-002,Muldoon_F-002,9,1721
PWA,291,626,Waka Nishida,J-700,Nishida_J-700,9,1721
PWA,291,626,Sarah-Quita Offringa,ARU-91,Offringa_ARU-91,9,1721
PWA,291,626,Olya Raskina,14,Raskina_14,9,1721
PWA,291,626,Serena Zoia,ESP-17,Zoia_ESP-17,9,1721
PWA,291,625,Steve Allen,AUS-0,Allen_AUS-0,1,1919
PWA,291,625,Gonzalo Costa Hoevel,ARG-3,Costa Hoevel_ARG-3,1,1919
PWA,291,625,Alexandre Cousin,FRA-752,Cousin_FRA-752,1,1919
PWA,291,625,Arnon Dagan,ISR-1,Dagan_ISR-1,1,1919
PWA,291,625,Jimmy Diaz,ISV-11,Diaz_ISV-11,1,1919
PWA,291,625,Elton (Taty) Frans,NB-9,(Taty) Frans_NB-9,1,1919
PWA,291,625,Matteo Iachino,ITA-140,Iachino_ITA-140,1,1919
PWA,291,625,Ludovic Jossin,E-12,Jossin_E-12,1,1919
PWA,291,625,Pierre Mortefon,F-14,Mortefon_F-14,1,1919
PWA,291,625,Cyril Moussilmani,F-71,Moussilmani_F-71,1,1919
PWA,291,625,Pascal Toselli,F-916,Toselli_F-916,1,1919
PWA,291,625,Ross Williams,GBR-83,Williams_GBR-83,1,1919
PWA,291,625,Micah Buzianis,USA-34,Buzianis_USA-34,13,1556
PWA,291,625,Finian Maynard,KV-11,Maynard_KV-11,13,1556
PWA,291,625,Alberto Menegatti,ITA-4,Menegatti_ITA-4,13,1556
PWA,291,625,Benoit Moussilmani,F-1,Moussilmani_F-1,13,1556
PWA,291,625,Sean O'Brien,AUS-120,O'Brien_AUS-120,13,1556
PWA,291,625,Julien Quentel,SXM-421,Quentel_SXM-421,13,1556
PWA,291,625,Antoine Questel,FRA-99,Questel_FRA-99,13,1556
PWA,291,625,Malte Reuscher,GER-777,Reuscher_GER-777,13,1556
PWA,291,625,Andrea Rosati,ITA-0,Rosati_ITA-0,13,1556
PWA,291,625,Ben Van Der Steen,NED-57,Van Der Steen_NED-57,13,1556
PWA,291,625,Jordy Vonk,NED-69,Vonk_NED-69,23,1358
PWA,291,625,Enes Yilmazer,TUR-2,Yilmazer_TUR-2,23,1358
PWA,291,625,Tristan Algret,GPE-44,Algret_GPE-44,25,1259
PWA,291,625,Pieter Bijl,NED-0,Bijl_NED-0,25,1259
PWA,291,625,Casper Bouman,NED-52,Bouman_NED-52,25,1259
PWA,291,625,Maciek Rutkowski,POL-23,Rutkowski_POL-23,25,1259
PWA,291,625,Poyraz Akay,TUR-101,Akay_TUR-101,29,1127
PWA,291,625,Cedric Bordes,FRA-91,Bordes_FRA-91,29,1127
PWA,291,625,Martim Montiero,POR-13,Montiero_POR-13,29,1127
PWA,291,625,Sylvain Moussilmani,F-007,Moussilmani_F-007,29,1127
PWA,291,625,Kurosh Kiani,D-83,Kiani_D-83,33,995
PWA,291,625,Sebastian Kördel,GER-220,Kördel_GER-220,33,995
PWA,291,625,Marco Lang,AUT-66,Lang_AUT-66,33,995
PWA,291,625,Erkan Morgan,TUR-611,Morgan_TUR-611,33,995
PWA,291,625,Josh Angulo,CV-1,Angulo_CV-1,37,863
PWA,291,625,Parahat Arazmedov,TRM-111,Arazmedov_TRM-111,37,863
PWA,291,625,Enrico Marotti,CRO-401,Marotti_CRO-401,37,863
PWA,291,625,Oliver-Tom Schliemann,G-1001,Schliemann_G-1001,37,863
PWA,291,625,Sarp Kuşçu,TUR-907,Kuşçu_TUR-907,41,764
PWA,291,625,Tomas Malina,CZE-109,Malina_CZE-109,41,764
PWA,291,625,Antoine Albeau,F-192,Albeau_F-192,43,632
PWA,291,625,Orazmyrat Arnamammedov,TRM-999,Arnamammedov_TRM-999,43,632
PWA,291,625,Gunnar Asmussen,GER-2,Asmussen_GER-2,43,632
PWA,291,625,Björn Dunkerbeck,ESP-11,Dunkerbeck_ESP-11,43,632
PWA,291,625,Tayfun Onur,TUR-192,Onur_TUR-192,43,632
PWA,291,625,Saryhan Sapayev,TRM-222,Sapayev_TRM-222,43,632
PWA,292,643,Ricardo Campello,V-111,Campello_V-111,1,2100
PWA,292,643,Thomas Traversa,F-3,Traversa_F-3,2,2067
PWA,292,643,Marcilio Browne,BRA-105,Browne_BRA-105,3,2034
PWA,292,643,Robby Swift,K-89,Swift_K-89,4,2001
PWA,292,643,Josh Angulo,CV-1,Angulo_CV-1,5,1919
PWA,292,643,Victor Fernandez,E-42,Fernandez_E-42,5,1919
PWA,292,643,Antoine Martin,F-193,Martin_F-193,5,1919
PWA,292,643,Alex Mussolini,E-30,Mussolini_E-30,5,1919
PWA,292,643,Antoine Albeau,F-192,Albeau_F-192,9,1721
PWA,292,643,Daniel Bruch,G-1181,Bruch_G-1181,9,1721
PWA,292,643,Jules Denel,FRA-41,Denel_FRA-41,9,1721
PWA,292,643,Adam Lewis,K-516,Lewis_K-516,9,1721
PWA,292,643,Ben Proffitt,K-800,Proffitt_K-800,9,1721
PWA,292,643,Julien Quentel,SXM-421,Quentel_SXM-421,9,1721
PWA,292,643,John Skye,K-57,Skye_K-57,9,1721
PWA,292,643,Martin ten Hoeve,H-999,ten Hoeve_H-999,9,1721
PWA,292,643,Kilian Du Couëdic,F-777,Du Couëdic_F-777,17,1457
PWA,292,643,Leon Jamaer,G-208,Jamaer_G-208,17,1457
PWA,292,643,Philip Köster,G-44,Köster_G-44,17,1457
PWA,292,643,Moritz Mauch,G-103,Mauch_G-103,17,1457
PWA,292,643,Marc Paré,E-334,Paré_E-334,17,1457
PWA,292,643,Alessio Stillrich,E-95,Stillrich_E-95,17,1457
PWA,292,643,Jaeger Stone,KA-120,Stone_KA-120,17,1457
PWA,292,643,Klaas Voget,G-4,Voget_G-4,17,1457
PWA,292,643,Nicolas Akgazciyan,F-400,Akgazciyan_F-400,25,1193
PWA,292,643,Arthur Arutkin,F-7,Arutkin_F-7,25,1193
PWA,292,643,Juilan Bontemps,F-6,Bontemps_F-6,25,1193
PWA,292,643,Justin Denel,F-541,Denel_F-541,25,1193
PWA,292,643,Florian Jung,G-21,Jung_G-21,25,1193
PWA,292,643,Maciek Rutkowski,POL-23,Rutkowski_POL-23,25,1193
PWA,292,643,Omar Sanchez,E-33,Sanchez_E-33,25,1193
PWA,292,643,Aleix Sanllehy,CAT-555,Sanllehy_CAT-555,25,1193
PWA,292,640,Lena Erdil,GER-33,Erdil_GER-33,1,2100
PWA,292,640,Zofia Klepacka,POL-8,Klepacka_POL-8,2,2067
PWA,292,640,Arrianne Aukes,H-131,Aukes_H-131,3,2034
PWA,292,640,Delphine Cousin Questel,FRA-775,Cousin Questel_FRA-775,4,2001
PWA,292,640,Agnieszka Pietrasik,POL-19,Pietrasik_POL-19,5,1952
PWA,292,640,Justyna Sniady,POL-1111,Sniady_POL-1111,5,1952
PWA,292,640,María Andrés,E-2,Andrés_E-2,7,1886
PWA,292,640,Sarah-Quita Offringa,ARU-91,Offringa_ARU-91,7,1886
PWA,279,425,"Jose ""Gollito"" Estredo",V-10,"""Gollito"" Estredo_V-10",0,2100
PWA,279,425,Everon (Tonky) Frans,NB-7,(Tonky) Frans_NB-7,0,2067
PWA,279,425,Marcilio Browne,BRA-105,Browne_BRA-105,0,2034
PWA,279,425,Ricardo Campello,V-111,Campello_V-111,0,2001
PWA,279,425,Andre Paskowski,G-2,Paskowski_G-2,0,1968
PWA,279,425,Antony Ruenes,F-85,Ruenes_F-85,0,1935
PWA,279,425,Nicolas Akgazciyan,F-400,Akgazciyan_F-400,0,1886
PWA,279,425,Kiri Thode,NB-61,Thode_NB-61,0,1886
PWA,279,425,Elton (Taty) Frans,NB-9,(Taty) Frans_NB-9,0,1787
PWA,279,425,Normen Günzlein,G-186,Günzlein_G-186,0,1787
PWA,279,425,Leo Ray,F-200,Ray_F-200,0,1787
PWA,279,425,Thomas Traversa,F-3,Traversa_F-3,0,1787
PWA,279,425,Remko de Weerd,H-23,de Weerd_H-23,0,1655
PWA,279,425,Douglas Diaz,V-34,Diaz_V-34,0,1655
PWA,279,425,Kevin Mevissen,H-79,Mevissen_H-79,0,1655
PWA,279,425,Kauli Seadi,BRA-253,Seadi_BRA-253,0,1655
PWA,279,425,Jakub Kosmowski,POL-288,Kosmowski_POL-288,0,1457
PWA,279,425,Ian Mouro Lemos,BRA-85,Mouro Lemos_BRA-85,0,1457
PWA,279,425,Quincy Offringa,ARU-10,Offringa_ARU-10,0,1457
PWA,279,425,Antxon Otaegui,E-169,Otaegui_E-169,0,1457
PWA,279,425,Mattia Pedrani,I-00,Pedrani_I-00,0,1457
PWA,279,425,Daniel Schenk,G-803,Schenk_G-803,0,1457
PWA,279,425,Tine Slabe,SLO-6,Slabe_SLO-6,0,1457
PWA,279,425,Philip Soltysiak,CAN-9,Soltysiak_CAN-9,0,1457
PWA,279,425,Jonas Ceballos,E-40,Ceballos_E-40,0,1193
PWA,279,425,Victor Fernandez,E-42,Fernandez_E-42,0,1193
PWA,279,425,Tyson Poor,US-22,Poor_US-22,0,1193
PWA,279,425,Michael Roßmeier,AUT-256,Roßmeier_AUT-256,0,1193
PWA,279,425,Colin Sifferlen,NC-4,Sifferlen_NC-4,0,1193
PWA,279,425,John Skye,K-57,Skye_K-57,0,1193
PWA,279,425,Klaas Voget,G-4,Voget_G-4,0,1193
PWA,279,425,Fabian Weber,G-999,Weber_G-999,0,1193
PWA,275,500,"Jose ""Gollito"" Estredo",V-10,"""Gollito"" Estredo_V-10",1,2100
PWA,275,500,Kiri Thode,NB-61,Thode_NB-61,2,2067
PWA,275,500,Everon (Tonky) Frans,NB-7,(Tonky) Frans_NB-7,3,2034
PWA,275,500,Philip Soltysiak,CAN-9,Soltysiak_CAN-9,4,2001
PWA,275,500,"João ""Janjão"" Henrique",BRA-291,"""Janjão"" Henrique_BRA-291",5,1919
PWA,275,500,Yegor Popretinskiy,RUS-11,Popretinskiy_RUS-11,5,1919
PWA,275,500,Björn Saragoza,NB-11,Saragoza_NB-11,5,1919
PWA,275,500,Steven Van Broeckhoven,B-72,Van Broeckhoven_B-72,5,1919
PWA,275,500,Levi Lenz,BRA-91,Lenz_BRA-91,9,1721
PWA,275,500,Nicolas Akgazciyan,F-400,Akgazciyan_F-400,9,1721
PWA,275,500,Ian Mouro Lemos,BRA-85,Mouro Lemos_BRA-85,9,1721
PWA,275,500,Quincy Offringa,ARU-10,Offringa_ARU-10,9,1721
PWA,275,500,Antxon Otaegui,E-169,Otaegui_E-169,9,1721
PWA,275,500,Davy Scheffers,H-311,Scheffers_H-311,9,1721
PWA,275,500,Maarten van Ochten,H-73,van Ochten_H-73,9,1721
PWA,275,500,Andraž Žan,SLO-49,Žan_SLO-49,9,1721
PWA,275,500,Adrian Beholz,G-888,Beholz_G-888,17,1325
PWA,275,500,Andy 'Bubble' Chambers,K-540,'Bubble' Chambers_K-540,17,1325
PWA,275,500,Elton (Taty) Frans,NB-9,(Taty) Frans_NB-9,17,1325
PWA,275,500,Edvan Souza,BRA-250,Souza_BRA-250,17,1325
PWA,275,500,Dai Nagamine,J-111,Nagamine_J-111,17,1325
PWA,275,500,Mattia Pedrani,I-00,Pedrani_I-00,17,1325
PWA,275,500,Damien Potier,F-01,Potier_F-01,17,1325
PWA,275,500,Leo Ray,F-200,Ray_F-200,17,1325
PWA,275,500,Max Rowe,K-20,Rowe_K-20,17,1325
PWA,275,500,Antony Ruenes,F-85,Ruenes_F-85,17,1325
PWA,275,500,Dieter Van der Eyken,B-35,Van der Eyken_B-35,17,1325
PWA,275,500,Loïc Viandier,F-2,Viandier_F-2,17,1325
PWA,275,500,Tomasz Wieczorek,POL-589,Wieczorek_POL-589,17,1325
PWA,275,500,Paul Zeper,H-115,Zeper_H-115,17,1325
PWA,275,500,Endro Finies,NB-77,Finies_NB-77,17,1325
PWA,275,500,Deivis Paternina Teran,V-04,Paternina Teran_V-04,17,1325
PWA,275,500,Adrien Bosson,F-296,Bosson_F-296,33,0
PWA,275,500,Danilo Menezes da Silva,BRA-83,Menezes da Silva_BRA-83,33,0
PWA,275,500,Arthur Pollet,F-00,Pollet_F-00,33,0
PWA,275,501,Sarah-Quita Offringa,ARU-91,Offringa_ARU-91,1,2100
PWA,275,501,Yolanda Freites de Brendt,V-26,Freites de Brendt_V-26,2,2067
PWA,275,501,Laure Treboux,SUI-4,Treboux_SUI-4,3,2034
PWA,275,501,Junko Nagoshi,J-11,Nagoshi_J-11,4,2001
PWA,275,501,Xenia Kessler,D-211,Kessler_D-211,5,1968
PWA,275,501,Nayra Alonso,E-4,Alonso_E-4,6,1935
PWA,275,501,Olya Raskina,14,Raskina_14,7,1886
PWA,275,501,Heike Reimann,G-545,Reimann_G-545,7,1886
PWA,275,501,Arrianne Aukes,H-131,Aukes_H-131,9,1836
PWA,275,498,Björn Dunkerbeck,ESP-11,Dunkerbeck_ESP-11,1,2100
PWA,275,498,Antoine Albeau,F-192,Albeau_F-192,2,2067
PWA,275,498,Cyril Moussilmani,F-71,Moussilmani_F-71,3,2034
PWA,275,498,Micah Buzianis,USA-34,Buzianis_USA-34,4,2001
PWA,275,498,Ross Williams,GBR-83,Williams_GBR-83,5,1968
PWA,275,498,Sylvain Moussilmani,F-007,Moussilmani_F-007,6,1935
PWA,275,498,Benoit Moussilmani,F-1,Moussilmani_F-1,7,1902
PWA,275,498,Kevin Pritchard,US-3,Pritchard_US-3,8,1869
PWA,275,498,Pierre Mortefon,F-14,Mortefon_F-14,9,1836
PWA,275,498,Finian Maynard,KV-11,Maynard_KV-11,10,1803
PWA,275,498,Jimmy Diaz,ISV-11,Diaz_ISV-11,11,1770
PWA,275,498,Wojtek Brzozowski,POL-10,Brzozowski_POL-10,12,1737
PWA,275,498,Steve Allen,AUS-0,Allen_AUS-0,13,1704
PWA,275,498,Alberto Menegatti,ITA-4,Menegatti_ITA-4,14,1655
PWA,275,498,Julien Quentel,SXM-421,Quentel_SXM-421,14,1655
PWA,275,498,Jules Denel,FRA-41,Denel_FRA-41,16,1589
PWA,275,498,Ben Van Der Steen,NED-57,Van Der Steen_NED-57,16,1589
PWA,275,498,Cedric Bordes,FRA-91,Bordes_FRA-91,18,1539
PWA,275,498,Antoine Questel,FRA-99,Questel_FRA-99,19,1506
PWA,275,498,Jesper Orth,AUS-10,Orth_AUS-10,20,1473
PWA,275,498,Pascal Toselli,F-916,Toselli_F-916,21,1440
PWA,275,498,Nicolas Warembourg,FRA-531,Warembourg_FRA-531,22,1407
PWA,275,498,Peter Volwater,H-24,Volwater_H-24,23,1374
PWA,275,498,John Benamati,E-313,Benamati_E-313,24,1325
PWA,275,498,Ertugrul Icingir,TUR-1,Icingir_TUR-1,24,1325
PWA,275,498,Andrea Cucchi,I-1,Cucchi_I-1,26,1275
PWA,275,498,Patrik Diethelm,SUI-20,Diethelm_SUI-20,27,1226
PWA,275,498,Ludovic Jossin,E-12,Jossin_E-12,27,1226
PWA,275,498,Dmytro Davydenko,UKR-2,Davydenko_UKR-2,29,1143
PWA,275,498,Tomas Malina,CZE-109,Malina_CZE-109,29,1143
PWA,275,498,Tine Slabe,SLO-6,Slabe_SLO-6,29,1143
PWA,275,498,Fernando Martinez,ESP-71,Martinez_ESP-71,32,1077
PWA,275,498,Damien Le Guen,FRA-86,Le Guen_FRA-86,33,1044
PWA,275,498,Tomohiko Suzuki,J-85,Suzuki_J-85,34,995
PWA,275,498,Manuel Zugsbratl,AUT-230,Zugsbratl_AUT-230,34,995
PWA,275,498,Enes Yilmazer,TUR-2,Yilmazer_TUR-2,36,945
PWA,275,498,Arnon Dagan,ISR-1,Dagan_ISR-1,37,912
PWA,275,498,Maxime Lhuillier,FRA-25,Lhuillier_FRA-25,38,879
PWA,275,498,Alexandre Cousin,FRA-752,Cousin_FRA-752,39,830
PWA,275,498,Diony Guadagnino,V-69,Guadagnino_V-69,39,830
PWA,275,498,Gonzalo Costa Hoevel,ARG-3,Costa Hoevel_ARG-3,41,780
PWA,275,498,Robby Swift,K-89,Swift_K-89,42,747
PWA,275,498,Gabriel Browne,BRA-6,Browne_BRA-6,43,681
PWA,275,498,Dan Ellis,K-52,Ellis_K-52,43,681
PWA,275,498,Remzi Kocakiran,TUR-36,Kocakiran_TUR-36,43,681
PWA,275,498,Josh Angulo,CV-1,Angulo_CV-1,46,615
PWA,275,498,Yoann Fleury,FRA-730,Fleury_FRA-730,47,500
PWA,275,498,Maxime Gaubert,F-499,Gaubert_F-499,47,500
PWA,275,498,Kurosh Kiani,D-83,Kiani_D-83,47,500
PWA,275,498,Aurelien Le Metayer,FRA-105,Le Metayer_FRA-105,47,500
PWA,275,498,Ramon Pastor,E-72,Pastor_E-72,47,500
PWA,275,498,Christoph Pressler,AUT-226,Pressler_AUT-226,47,500
PWA,275,498,Gábor Koszti,HUN-90,Koszti_HUN-90,53,351
PWA,275,498,Fredrik Lindberg,NOR-2,Lindberg_NOR-2,53,351
PWA,275,498,Maciej Rutkowski,POL-23,Rutkowski_POL-23,53,351
PWA,275,498,Joan Llop Oliveras,CAT-26,Llop Oliveras_CAT-26,56,250
PWA,275,498,Mike Porter,ISV-2,Porter_ISV-2,56,250
PWA,275,498,Eric Sanllehy,CAT-111,Sanllehy_CAT-111,56,250
PWA,275,498,Koji Kano,JPN-63,Kano_JPN-63,59,186
PWA,275,499,Karin Jaggi,SUI-14,Jaggi_SUI-14,1,2100
PWA,275,499,Valérie Arrighetti Ghibaudo,FRA-444,Arrighetti Ghibaudo_FRA-444,2,2067
PWA,275,499,Sarah-Quita Offringa,ARU-91,Offringa_ARU-91,3,2034
PWA,275,499,Alice Arutkin,F-111,Arutkin_F-111,4,2001
PWA,275,499,Lise Vidal,F-19,Vidal_F-19,5,1968
PWA,275,499,Cagla Kubat,TUR-75,Kubat_TUR-75,6,1935
PWA,275,499,Sarah Hebert,ARM-1,Hebert_ARM-1,7,1902
PWA,275,499,Lena Erdil,GER-33,Erdil_GER-33,8,1869
PWA,275,499,Morane Demont,FRA-59,Demont_FRA-59,9,1836
PWA,275,499,Fanny Aubet,FRA-809,Aubet_FRA-809,10,1803
PWA,275,499,Delphine Cousin Questel,FRA-775,Cousin Questel_FRA-775,11,1770
PWA,275,499,Olivia Piana,FRA-51,Piana_FRA-51,12,1737
PWA,275,499,Ayako Suzuki,JPN-61,Suzuki_JPN-61,13,1704
PWA,275,499,Greta Benvenuti,ITA-38,Benvenuti_ITA-38,14,1671
PWA,275,499,Lilian De Geus,NED-171,De Geus_NED-171,15,1638
PWA,275,499,Cécile Decourt,F-49,Decourt_F-49,16,1605
PWA,275,499,Burce Vardarli,TUR-107,Vardarli_TUR-107,17,1572
PWA,275,499,Aida Macià Gual,CAT-85,Macià Gual_CAT-85,18,1539
PWA,275,499,Esther De Geus,NED-172,De Geus_NED-172,19,1506
PWA,275,499,Monique Meijer,NB-28,Meijer_NB-28,20,1473
PWA,275,499,Valentina Crugnola,ITA-8,Crugnola_ITA-8,21,1440
PWA,277,513,Victor Fernandez,E-42,Fernandez_E-42,1,2100
PWA,277,513,Philip Köster,G-44,Köster_G-44,2,2067
PWA,277,513,Ricardo Campello,V-111,Campello_V-111,3,2034
PWA,277,513,Dario Ojeda,E-211,Ojeda_E-211,4,2001
PWA,277,513,Marcilio Browne,BRA-105,Browne_BRA-105,5,1968
PWA,277,513,Robby Swift,K-89,Swift_K-89,6,1935
PWA,277,513,Daniel Bruch,G-1181,Bruch_G-1181,7,1886
PWA,277,513,Marcos Pérez,E-7,Pérez_E-7,7,1886
PWA,277,513,Jonas Ceballos,E-40,Ceballos_E-40,9,1787
PWA,277,513,Alex Mussolini,E-30,Mussolini_E-30,9,1787
PWA,277,513,Kauli Seadi,BRA-253,Seadi_BRA-253,9,1787
PWA,277,513,Klaas Voget,G-4,Voget_G-4,9,1787
PWA,277,513,Ben Proffitt,K-800,Proffitt_K-800,13,1655
PWA,277,513,John Skye,K-57,Skye_K-57,13,1655
PWA,277,513,Thomas Traversa,F-3,Traversa_F-3,13,1655
PWA,277,513,Ross Williams,GBR-83,Williams_GBR-83,13,1655
PWA,277,513,Antoine Albeau,F-192,Albeau_F-192,17,1457
PWA,277,513,Eleazar Alonso Sanchez,E-41,Alonso Sanchez_E-41,17,1457
PWA,277,513,Kenneth Danielsen,D-38,Danielsen_D-38,17,1457
PWA,277,513,Jules Denel,FRA-41,Denel_FRA-41,17,1457
PWA,277,513,"Jose ""Gollito"" Estredo",V-10,"""Gollito"" Estredo_V-10",17,1457
PWA,277,513,Antxon Otaegui,E-169,Otaegui_E-169,17,1457
PWA,277,513,Kevin Pritchard,US-3,Pritchard_US-3,17,1457
PWA,277,513,Aleix Sanllehy,CAT-555,Sanllehy_CAT-555,17,1457
PWA,277,513,Graham Ezzy,USA-1,Ezzy_USA-1,25,1193
PWA,277,513,Boujmaa Guilloul,M-3,Guilloul_M-3,25,1193
PWA,277,513,Jamie Hancock,K-218,Hancock_K-218,25,1193
PWA,277,513,Kai Lenny,US-1112,Lenny_US-1112,25,1193
PWA,277,513,Josep Pons,E-203,Pons_E-203,25,1193
PWA,277,513,Omar Sanchez,E-33,Sanchez_E-33,25,1193
PWA,277,513,Yann Sorlut,F-60,Sorlut_F-60,25,1193
PWA,277,513,Jaeger Stone,KA-120,Stone_KA-120,25,1193
PWA,277,513,Wout Burman,BEL-113,Burman_BEL-113,33,0
PWA,277,513,Francisco Casas Garcia,E-80,Casas Garcia_E-80,33,0
PWA,277,513,Everon (Tonky) Frans,NB-7,(Tonky) Frans_NB-7,33,0
PWA,277,513,Phil Horrocks,K-303,Horrocks_K-303,33,0
PWA,277,513,Leon Jamaer,G-208,Jamaer_G-208,33,0
PWA,277,513,Camille Juban,GPE-8,Juban_GPE-8,33,0
PWA,277,513,Florian Jung,G-21,Jung_G-21,33,0
PWA,277,513,Moritz Mauch,G-103,Mauch_G-103,33,0
PWA,277,513,Kevin Mevissen,H-79,Mevissen_H-79,33,0
PWA,277,513,Andreas Olandersson,S-66,Olandersson_S-66,33,0
PWA,277,513,José Romero,E-45,Romero_E-45,33,0
PWA,277,513,Valter Scotto,TF-7,Scotto_TF-7,33,0
PWA,277,513,Alessio Stillrich,E-95,Stillrich_E-95,33,0
PWA,277,513,Martin ten Hoeve,H-999,ten Hoeve_H-999,33,0
PWA,277,513,Jorge Vera García,E-173,Vera García_E-173,33,0
PWA,277,513,Peter Volwater,H-24,Volwater_H-24,33,0
PWA,277,512,Antoine Albeau,F-192,Albeau_F-192,1,2100
PWA,277,512,Finian Maynard,KV-11,Maynard_KV-11,2,2067
PWA,277,512,Björn Dunkerbeck,ESP-11,Dunkerbeck_ESP-11,3,2034
PWA,277,512,Cyril Moussilmani,F-71,Moussilmani_F-71,4,2001
PWA,277,512,Kevin Pritchard,US-3,Pritchard_US-3,5,1968
PWA,277,512,Ross Williams,GBR-83,Williams_GBR-83,6,1935
PWA,277,512,Micah Buzianis,USA-34,Buzianis_USA-34,7,1902
PWA,277,512,Ben Van Der Steen,NED-57,Van Der Steen_NED-57,8,1869
PWA,277,512,Steve Allen,AUS-0,Allen_AUS-0,9,1836
PWA,277,512,Jimmy Diaz,ISV-11,Diaz_ISV-11,10,1803
PWA,277,512,Patrik Diethelm,SUI-20,Diethelm_SUI-20,11,1770
PWA,277,512,Julien Quentel,SXM-421,Quentel_SXM-421,12,1737
PWA,277,512,Pierre Mortefon,F-14,Mortefon_F-14,13,1704
PWA,277,512,Peter Volwater,H-24,Volwater_H-24,14,1671
PWA,277,512,Benoit Moussilmani,F-1,Moussilmani_F-1,15,1638
PWA,277,512,Pascal Toselli,F-916,Toselli_F-916,16,1605
PWA,277,512,Sylvain Moussilmani,F-007,Moussilmani_F-007,17,1572
PWA,277,512,Arnon Dagan,ISR-1,Dagan_ISR-1,18,1539
PWA,277,512,Cedric Bordes,FRA-91,Bordes_FRA-91,19,1506
PWA,277,512,Josh Angulo,CV-1,Angulo_CV-1,20,1473
PWA,277,512,Robby Swift,K-89,Swift_K-89,21,1440
PWA,277,512,Ludovic Jossin,E-12,Jossin_E-12,22,1407
PWA,277,512,Kasper Larsen,DEN-11,Larsen_DEN-11,23,1374
PWA,277,512,Alberto Menegatti,ITA-4,Menegatti_ITA-4,24,1341
PWA,277,512,Gonzalo Costa Hoevel,ARG-3,Costa Hoevel_ARG-3,25,1308
PWA,277,512,Antoine Questel,FRA-99,Questel_FRA-99,26,1275
PWA,277,512,Andrea Rosati,ITA-0,Rosati_ITA-0,27,1242
PWA,277,512,Jesper Orth,AUS-10,Orth_AUS-10,28,1209
PWA,277,512,Enes Yilmazer,TUR-2,Yilmazer_TUR-2,29,1176
PWA,277,512,Dan Ellis,K-52,Ellis_K-52,30,1143
PWA,277,512,Andrea Cucchi,I-1,Cucchi_I-1,31,1110
PWA,277,512,Ertugrul Icingir,TUR-1,Icingir_TUR-1,32,1077
PWA,277,512,Jules Denel,FRA-41,Denel_FRA-41,33,1044
PWA,277,512,Jesper Vesterstrøm,DEN-111,Vesterstrøm_DEN-111,34,1011
PWA,277,512,Tine Slabe,SLO-6,Slabe_SLO-6,35,978
PWA,277,512,Christoph Pressler,AUT-226,Pressler_AUT-226,36,945
PWA,277,512,Kurosh Kiani,D-83,Kiani_D-83,37,912
PWA,277,512,Matteo Iachino,ITA-140,Iachino_ITA-140,38,879
PWA,277,512,Malte Reuscher,GER-777,Reuscher_GER-777,39,846
PWA,277,512,Damien Le Guen,FRA-86,Le Guen_FRA-86,40,813
PWA,277,512,Adriaan van Rijsselberghe,NED-2,van Rijsselberghe_NED-2,41,780
PWA,277,512,Marco Begalli,ITA-415,Begalli_ITA-415,42,747
PWA,277,512,James Dinsmore,GBR-659,Dinsmore_GBR-659,43,714
PWA,277,512,Alexandre Cousin,FRA-752,Cousin_FRA-752,44,681
PWA,277,512,Remzi Kocakiran,TUR-36,Kocakiran_TUR-36,45,648
PWA,277,512,Maxime Gaubert,F-499,Gaubert_F-499,46,615
PWA,277,512,Wilfried Vanherweghe,FRA-163,Vanherweghe_FRA-163,47,582
PWA,277,512,Diony Guadagnino,V-69,Guadagnino_V-69,48,549
PWA,277,512,Max Schanda,AUT-235,Schanda_AUT-235,49,516
PWA,277,512,Markus Bouman,NED-6,Bouman_NED-6,50,483
PWA,277,512,Sean O'Brien,AUS-120,O'Brien_AUS-120,51,450
PWA,277,512,John Benamati,E-313,Benamati_E-313,52,417
PWA,277,512,Patryk Hronowski,POL-739,Hronowski_POL-739,53,384
PWA,277,512,János Torma,HUN-111,Torma_HUN-111,54,351
PWA,277,512,Tomas Malina,CZE-109,Malina_CZE-109,55,318
PWA,277,512,Marco Lang,AUT-66,Lang_AUT-66,56,285
PWA,277,512,Orlando Lavandera,E-65,Lavandera_E-65,57,252
PWA,277,512,Sinan Gerzile,TUR-74,Gerzile_TUR-74,58,213
PWA,277,512,Panta Quevedo,E-28,Quevedo_E-28,59,186
PWA,277,512,Manuel Zugsbratl,AUT-230,Zugsbratl_AUT-230,60,153
PWA,277,512,Emirhan Kolburan,TUR-235,Kolburan_TUR-235,61,120
PWA,277,512,Osman Catirli,TUR-83,Catirli_TUR-83,62,87
PWA,278,523,Steven Van Broeckhoven,B-72,Van Broeckhoven_B-72,1,2100
PWA,278,523,Kiri Thode,NB-61,Thode_NB-61,2,2067
PWA,278,523,Davy Scheffers,H-311,Scheffers_H-311,3,2034
PWA,278,523,"Jose ""Gollito"" Estredo",V-10,"""Gollito"" Estredo_V-10",4,2001
PWA,278,523,Elton (Taty) Frans,NB-9,(Taty) Frans_NB-9,5,1968
PWA,278,523,Philip Soltysiak,CAN-9,Soltysiak_CAN-9,6,1935
PWA,278,523,Everon (Tonky) Frans,NB-7,(Tonky) Frans_NB-7,7,1886
PWA,278,523,Antony Ruenes,F-85,Ruenes_F-85,7,1886
PWA,278,523,Nicolas Akgazciyan,F-400,Akgazciyan_F-400,9,1787
PWA,278,523,Yegor Popretinskiy,RUS-11,Popretinskiy_RUS-11,9,1787
PWA,278,523,Max Rowe,K-20,Rowe_K-20,9,1787
PWA,278,523,Dieter Van der Eyken,B-35,Van der Eyken_B-35,9,1787
PWA,278,523,Edvan Souza,BRA-250,Souza_BRA-250,13,1655
PWA,278,523,Tilo Eber,G-414,Eber_G-414,13,1655
PWA,278,523,Yarden Meir,ISR-91,Meir_ISR-91,13,1655
PWA,278,523,Ian Mouro Lemos,BRA-85,Mouro Lemos_BRA-85,13,1655
PWA,278,523,Andy 'Bubble' Chambers,K-540,'Bubble' Chambers_K-540,17,1457
PWA,278,523,Mattia Fabrizi,ITA-991,Fabrizi_ITA-991,17,1457
PWA,278,523,Julien Mas,FRA-07,Mas_FRA-07,17,1457
PWA,278,523,Bryan Metcalf-Perez,US-505,Metcalf-Perez_US-505,17,1457
PWA,278,523,Deivis Paternina Teran,V-04,Paternina Teran_V-04,17,1457
PWA,278,523,Michael Roßmeier,AUT-256,Roßmeier_AUT-256,17,1457
PWA,278,523,Björn Saragoza,NB-11,Saragoza_NB-11,17,1457
PWA,278,523,Andraž Žan,SLO-49,Žan_SLO-49,17,1457
PWA,278,523,Adrian Beholz,G-888,Beholz_G-888,25,1193
PWA,278,523,Danilo Menezes da Silva,BRA-83,Menezes da Silva_BRA-83,25,1193
PWA,278,523,Remko de Zeeuw,NED-444,de Zeeuw_NED-444,25,1193
PWA,278,523,Manuel Grafenauer,AUT-259,Grafenauer_AUT-259,25,1193
PWA,278,523,Rick Jendrusch,H-120,Jendrusch_H-120,25,1193
PWA,278,523,Christofer Kalk,EST-141,Kalk_EST-141,25,1193
PWA,278,523,Arthur Pollet,F-00,Pollet_F-00,25,1193
PWA,278,523,Adam Sims,K-72,Sims_K-72,25,1193
PWA,278,523,Mauricio Alvarez,AUT-86,Alvarez_AUT-86,33,0
PWA,278,523,Paul Boef,NED-720,Boef_NED-720,33,0
PWA,278,523,Jamie Drummond,K-787,Drummond_K-787,33,0
PWA,278,523,Tom Föda,AUT-29,Föda_AUT-29,33,0
PWA,278,523,Lorenz Forstenlechner,AUT-7,Forstenlechner_AUT-7,33,0
PWA,278,523,Raimondo Gasperini,I-157,Gasperini_I-157,33,0
PWA,278,523,Vladimir Yakovlev,RUS-99,Yakovlev_RUS-99,33,0
PWA,278,523,Luigi Madeddu,SAR-3,Madeddu_SAR-3,33,0
PWA,278,523,Max Matissek,OE-9,Matissek_OE-9,33,0
PWA,278,523,Mattia Pedrani,I-00,Pedrani_I-00,33,0
PWA,278,523,Bastien Rama,F-109,Rama_F-109,33,0
PWA,278,523,Markus Schranz,AUT-100,Schranz_AUT-100,33,0
PWA,278,523,Alexander Seyss,AUT-61,Seyss_AUT-61,33,0
PWA,278,523,Thijs Westbroek,H-666,Westbroek_H-666,33,0
PWA,278,523,Paul Zeper,H-115,Zeper_H-115,33,0
PWA,278,516,Daida Ruano Moreno,E-64,Ruano Moreno_E-64,1,2100
PWA,278,516,Iballa Ruano Moreno,E-63,Ruano Moreno_E-63,2,2067
PWA,278,516,Karin Jaggi,SUI-14,Jaggi_SUI-14,3,2034
PWA,278,516,Nayra Alonso,E-4,Alonso_E-4,4,2001
PWA,278,516,Steffi Wahl,G-303,Wahl_G-303,5,1968
PWA,278,516,Junko Nagoshi,J-11,Nagoshi_J-11,6,1935
PWA,278,516,Alice Arutkin,F-111,Arutkin_F-111,7,1886
PWA,278,516,Laure Treboux,SUI-4,Treboux_SUI-4,7,1886
PWA,278,516,Fanny Aubet,FRA-809,Aubet_FRA-809,9,1787
PWA,278,516,Astrid Muldoon,F-002,Muldoon_F-002,9,1787
PWA,278,516,Waka Nishida,J-700,Nishida_J-700,9,1787
PWA,278,516,Heike Reimann,G-545,Reimann_G-545,9,1787
PWA,278,516,Olya Raskina,14,Raskina_14,13,1688
PWA,278,516,Justyna Sniady,POL-1111,Sniady_POL-1111,13,1688
PWA,266,359,Daida Ruano Moreno,E-64,Ruano Moreno_E-64,0,2100
PWA,266,359,Iballa Ruano Moreno,E-63,Ruano Moreno_E-63,0,2067
PWA,266,359,Karin Jaggi,SUI-14,Jaggi_SUI-14,0,2034
PWA,266,359,Nayra Alonso,E-4,Alonso_E-4,0,2001
PWA,266,359,Ulrike Hölzl,AT-123,Hölzl_AT-123,0,1968
PWA,266,359,Junko Nagoshi,J-11,Nagoshi_J-11,0,1886
PWA,266,359,Anne-Marie Reichman,H-98,Reichman_H-98,0,1886
PWA,266,359,Steffi Wahl,G-303,Wahl_G-303,0,1935
PWA,266,359,Silvia Alba Orozco,E-67,Alba Orozco_E-67,0,1787
PWA,266,359,Ruth Elliot,K-696,Elliot_K-696,0,1655
PWA,266,359,Andrea Hausberg,G-212,Hausberg_G-212,0,1457
PWA,266,359,Olga Malysheva,RUS-1,Malysheva_RUS-1,0,1457
PWA,266,359,Astrid Muldoon,F-002,Muldoon_F-002,0,1457
PWA,266,359,Sarah-Quita Offringa,ARU-91,Offringa_ARU-91,0,1655
PWA,266,359,Ania Ostrowska,POL-00,Ostrowska_POL-00,0,1655
PWA,266,359,Laure Treboux,SUI-4,Treboux_SUI-4,0,1787
PWA,266,359,Caroline Barbeau,F-10,Barbeau_F-10,0,1457
PWA,266,359,Anna Blanch,E-20,Blanch_E-20,0,1787
PWA,266,359,Emma Johansson,S-37,Johansson_S-37,0,1457
PWA,266,359,Britta Kühn,G-506,Kühn_G-506,0,1655
PWA,266,359,Waka Nishida,J-700,Nishida_J-700,0,1457
PWA,266,359,Lucy Robson,K-121,Robson_K-121,0,1457
PWA,266,359,Nina Tjernberg,S-165,Tjernberg_S-165,0,1308
PWA,266,359,Evi Tsape,GR-2,Tsape_GR-2,0,1787
PWA,266,359,Frida Wiraeus,S-93,Wiraeus_S-93,0,1457
PWA,266,358,Victor Fernandez,E-42,Fernandez_E-42,0,2100
PWA,266,358,Kevin Pritchard,US-3,Pritchard_US-3,0,2034
PWA,266,358,Kauli Seadi,BRA-253,Seadi_BRA-253,0,2067
PWA,266,358,Björn Dunkerbeck,ESP-11,Dunkerbeck_ESP-11,0,1968
PWA,266,358,Josh Angulo,CV-1,Angulo_CV-1,0,1886
PWA,266,358,Nik Baker,K-66,Baker_K-66,0,1886
PWA,266,358,Vidar Jensen,N-44,Jensen_N-44,0,1935
PWA,266,358,Peter Volwater,H-24,Volwater_H-24,0,2001
PWA,266,358,Ricardo Campello,V-111,Campello_V-111,0,1457
PWA,266,358,Jonas Ceballos,E-40,Ceballos_E-40,0,1787
PWA,266,358,Orjan Jensen,E-19,Jensen_E-19,0,1787
PWA,266,358,Kristoffer Living,S-80,Living_S-80,0,1457
PWA,266,358,Scott McKercher,KA-181,McKercher_KA-181,0,1655
PWA,266,358,Alex Mussolini,E-30,Mussolini_E-30,0,1457
PWA,266,358,Marcos Pérez,E-7,Pérez_E-7,0,1787
PWA,266,358,Ben Van Der Steen,NED-57,Van Der Steen_NED-57,0,1457
PWA,266,358,Antoine Albeau,F-192,Albeau_F-192,0,1193
PWA,266,358,Regis Bouron,F-300,Bouron_F-300,0,1787
PWA,266,358,Marcilio Browne,BRA-105,Browne_BRA-105,0,1457
PWA,266,358,Daniel Bruch,G-1181,Bruch_G-1181,0,0
PWA,266,358,Diony Guadagnino,V-69,Guadagnino_V-69,0,0
PWA,266,358,Phil Horrocks,K-303,Horrocks_K-303,0,1655
PWA,266,358,Xavier Huart,F-33,Huart_F-33,0,1655
PWA,266,358,Cyril Moussilmani,F-71,Moussilmani_F-71,0,1457
PWA,266,358,Dario Ojeda,E-211,Ojeda_E-211,0,1193
PWA,266,358,Mat Pearch,K-16,Pearch_K-16,0,0
PWA,266,358,Matt Pritchard,US-10,Pritchard_US-10,0,1457
PWA,266,358,Ben Proffitt,K-800,Proffitt_K-800,0,0
PWA,266,358,Robert Sand,D-62,Sand_D-62,0,0
PWA,266,358,Colin Sifferlen,NC-4,Sifferlen_NC-4,0,0
PWA,266,358,John Skye,K-57,Skye_K-57,0,1193
PWA,266,358,Julien Taboulet,F-100,Taboulet_F-100,0,1655
PWA,266,358,Steve Allen,AUS-0,Allen_AUS-0,0,1193
PWA,266,358,Eleazar Alonso Sanchez,E-41,Alonso Sanchez_E-41,0,0
PWA,266,358,Ron Barel,ISR-60,Barel_ISR-60,0,0
PWA,266,358,Pieter Bijl,NED-0,Bijl_NED-0,0,0
PWA,266,358,Douglas Diaz,V-34,Diaz_V-34,0,0
PWA,266,358,Frank Díaz Figueroa,E-200,Díaz Figueroa_E-200,0,0
PWA,266,358,"Jose ""Gollito"" Estredo",V-10,"""Gollito"" Estredo_V-10",0,0
PWA,266,358,Graham Ezzy,USA-1,Ezzy_USA-1,0,0
PWA,266,358,Elton (Taty) Frans,NB-9,(Taty) Frans_NB-9,0,1193
PWA,266,358,Everon (Tonky) Frans,NB-7,(Tonky) Frans_NB-7,0,1193
PWA,266,358,Jorge Vera García,E-173,Vera García_E-173,0,0
PWA,266,358,Boujmaa Guilloul,M-3,Guilloul_M-3,0,0
PWA,266,358,John Hibbard,K-007,Hibbard_K-007,0,0
PWA,266,358,Florian Jung,G-21,Jung_G-21,0,0
PWA,266,358,Philip Köster,G-44,Köster_G-44,0,0
PWA,266,358,Gerard Lopez,E-49,Lopez_E-49,0,0
PWA,266,358,Kevin Mevissen,H-79,Mevissen_H-79,0,0
PWA,266,358,Sylvain Moussilmani,F-007,Moussilmani_F-007,0,0
PWA,266,358,Michael Richard,F-7a,Richard_F-7a,0,0
PWA,266,358,Aleix Sanllehy,CAT-555,Sanllehy_CAT-555,0,0
PWA,266,358,Yann Sorlut,F-60,Sorlut_F-60,0,0
PWA,266,358,Jaeger Stone,KA-120,Stone_KA-120,0,0
PWA,266,358,Martin ten Hoeve,H-999,ten Hoeve_H-999,0,1193
PWA,266,358,Klaas Voget,G-4,Voget_G-4,0,1457
PWA,266,358,Hans Botnen-Waarum,N-257,Botnen-Waarum_N-257,0,0
PWA,266,358,Nicholas Warmuth,US-36,Warmuth_US-36,0,0
PWA,266,358,Ross Williams,GBR-83,Williams_GBR-83,0,1193
PWA,268,386,Daida Ruano Moreno,E-64,Ruano Moreno_E-64,0,2100
PWA,268,386,Karin Jaggi,SUI-14,Jaggi_SUI-14,0,2067
PWA,268,386,Iballa Ruano Moreno,E-63,Ruano Moreno_E-63,0,2034
PWA,268,386,Junko Nagoshi,J-11,Nagoshi_J-11,0,2001
PWA,268,386,Astrid Muldoon,F-002,Muldoon_F-002,0,1968
PWA,268,386,Nayra Alonso,E-4,Alonso_E-4,0,1935
PWA,268,386,Silvia Alba Orozco,E-67,Alba Orozco_E-67,0,1902
PWA,268,386,Ruth Elliot,K-696,Elliot_K-696,0,1869
PWA,268,386,Evi Tsape,GR-2,Tsape_GR-2,0,1836
PWA,268,385,Tiffany Ward,US-69,Ward_US-69,0,1754
PWA,268,385,Daida Ruano Moreno,E-64,Ruano Moreno_E-64,0,2100
PWA,268,385,Karin Jaggi,SUI-14,Jaggi_SUI-14,0,2067
PWA,268,385,Iballa Ruano Moreno,E-63,Ruano Moreno_E-63,0,2034
PWA,268,385,Junko Nagoshi,J-11,Nagoshi_J-11,0,2001
PWA,268,385,Silvia Alba Orozco,E-67,Alba Orozco_E-67,0,1919
PWA,268,385,Ulrike Hölzl,AT-123,Hölzl_AT-123,0,1919
PWA,268,385,Waka Nishida,J-700,Nishida_J-700,0,1919
PWA,268,385,Anne-Marie Reichman,H-98,Reichman_H-98,0,1919
PWA,268,385,Nayra Alonso,E-4,Alonso_E-4,0,1754
PWA,268,385,Caroline Barbeau,F-10,Barbeau_F-10,0,1754
PWA,268,385,Anna Blanch,E-20,Blanch_E-20,0,1754
PWA,268,385,Valentina Crugnola,ITA-8,Crugnola_ITA-8,0,1754
PWA,268,385,Lucy Robson,K-121,Robson_K-121,0,1754
PWA,268,375,Ben Van Der Steen,NED-57,Van Der Steen_NED-57,0,1638
PWA,268,375,Arnon Dagan,ISR-1,Dagan_ISR-1,0,1500
PWA,268,375,Cyril Moussilmani,F-71,Moussilmani_F-71,0,1402
PWA,268,375,Eyal Shelef,ISR-43,Shelef_ISR-43,0,1316
PWA,268,375,Kevin Mevissen,H-79,Mevissen_H-79,0,1142
PWA,268,375,Tine Slabe,SLO-6,Slabe_SLO-6,0,1142
PWA,268,375,Frank Bernklau,G-405,Bernklau_G-405,0,892
PWA,268,375,Ofer Binshtok,ISR-555,Binshtok_ISR-555,0,892
PWA,268,375,Nir Cohen,ISR-16,Cohen_ISR-16,0,670
PWA,268,375,Yotam Gutman,ISR-3,Gutman_ISR-3,0,670
PWA,268,375,Hidi Kinerti,ISR-95,Kinerti_ISR-95,0,670
PWA,268,375,Omri Shapira,ISR-89,Shapira_ISR-89,0,670
PWA,268,375,Nir Tzuberi,ISR-11,Tzuberi_ISR-11,0,670
PWA,250,266,Antoine Albeau,F-192,Albeau_F-192,0,1341
PWA,250,266,Jérémy Amsellem,F-64,Amsellem_F-64,0,0
PWA,250,266,Ron Barel,ISR-60,Barel_ISR-60,0,0
PWA,250,266,Ricardo Campello,V-111,Campello_V-111,0,2100
PWA,250,266,Jonas Ceballos,E-40,Ceballos_E-40,0,1226
PWA,250,266,Riley Coon,US-26,Coon_US-26,0,437
PWA,250,266,Remko de Weerd,H-23,de Weerd_H-23,0,1704
PWA,250,266,Douglas Diaz,V-34,Diaz_V-34,0,1935
PWA,250,266,Frank Díaz Figueroa,E-200,Díaz Figueroa_E-200,0,1655
PWA,250,266,Mariano Estivill,A-11,Estivill_A-11,0,1226
PWA,250,266,"Jose ""Gollito"" Estredo",V-10,"""Gollito"" Estredo_V-10",0,1556
PWA,250,266,Victor Fernandez,E-42,Fernandez_E-42,0,1457
PWA,250,266,Elton (Taty) Frans,NB-9,(Taty) Frans_NB-9,0,1605
PWA,250,266,Everon (Tonky) Frans,NB-7,(Tonky) Frans_NB-7,0,2001
PWA,250,266,Diony Guadagnino,V-69,Guadagnino_V-69,0,2034
PWA,250,266,Phil Horrocks,K-303,Horrocks_K-303,0,437
PWA,250,266,Jayson Jonge,NB-1111,Jonge_NB-1111,0,0
PWA,250,266,Konan Lang,BRA-3,Lang_BRA-3,0,1886
PWA,250,266,Frank Lewisch,AUT-19,Lewisch_AUT-19,0,1341
PWA,250,266,Kristoffer Living,S-80,Living_S-80,0,1457
PWA,250,266,Nicolas MEREAUD,F-92,MEREAUD_F-92,0,0
PWA,250,266,Kevin Mevissen,H-79,Mevissen_H-79,0,1556
PWA,250,266,Cyril Moussilmani,F-71,Moussilmani_F-71,0,437
PWA,250,266,Antxon Otaegui,E-169,Otaegui_E-169,0,1341
PWA,250,266,Ruben Petrisie,NB-50,Petrisie_NB-50,0,437
PWA,250,266,Ben Proffitt,K-800,Proffitt_K-800,0,1143
PWA,250,266,Leo Ray,F-200,Ray_F-200,0,1457
PWA,250,266,Michael Richard,F-7a,Richard_F-7a,0,0
PWA,250,266,Antony Ruenes,F-85,Ruenes_F-85,0,1836
PWA,250,266,Kauli Seadi,BRA-253,Seadi_BRA-253,0,2067
PWA,250,266,Colin Sifferlen,NC-4,Sifferlen_NC-4,0,1968
PWA,250,266,John Skye,K-57,Skye_K-57,0,1737
PWA,250,266,Robby Swift,K-89,Swift_K-89,0,1787
PWA,250,266,Julien Taboulet,F-100,Taboulet_F-100,0,1886
PWA,250,266,Kiri Thode,NB-61,Thode_NB-61,0,1226
PWA,250,266,Thomas Traversa,F-3,Traversa_F-3,0,1787
PWA,250,266,Martin Van Geenhoven,KC-25,Van Geenhoven_KC-25,0,1655
PWA,250,266,Peter Volwater,H-24,Volwater_H-24,0,1226
PWA,250,266,Nicholas Warmuth,US-36,Warmuth_US-36,0,1457
PWA,250,266,Juan Rodrigues Tabares,E-384,Rodrigues Tabares_E-384,0,0
PWA,250,266,Marcilio Browne,BRA-105,Browne_BRA-105,0,437
PWA,252,284,Steve Allen,AUS-0,Allen_AUS-0,0,0
PWA,252,284,Nik Baker,K-66,Baker_K-66,0,0
PWA,252,284,Ricardo Campello,V-111,Campello_V-111,0,0
PWA,252,284,Douglas Diaz,V-34,Diaz_V-34,0,0
PWA,252,284,Elton (Taty) Frans,NB-9,(Taty) Frans_NB-9,0,0
PWA,252,284,Alex Mussolini,E-30,Mussolini_E-30,0,0
PWA,252,284,Kauli Seadi,BRA-253,Seadi_BRA-253,0,0
PWA,252,284,John Skye,K-57,Skye_K-57,0,0
PWA,252,284,Robby Swift,K-89,Swift_K-89,0,0
PWA,252,284,Nicolas Akgazciyan,F-400,Akgazciyan_F-400,0,0
PWA,252,284,Nick Dempsey,GBR-21,Dempsey_GBR-21,0,0
PWA,252,284,"Jose ""Gollito"" Estredo",V-10,"""Gollito"" Estredo_V-10",0,0
PWA,252,284,Everon (Tonky) Frans,NB-7,(Tonky) Frans_NB-7,0,0
PWA,252,284,Diony Guadagnino,V-69,Guadagnino_V-69,0,0
PWA,252,284,Ben Proffitt,K-800,Proffitt_K-800,0,0
PWA,252,284,Josh Angulo,CV-1,Angulo_CV-1,0,0
PWA,252,284,Yannick Anton,F-8,Anton_F-8,0,0
PWA,252,284,Guy Cribb,K-9,Cribb_K-9,0,0
PWA,252,284,Jamie Hancock,K-218,Hancock_K-218,0,0
PWA,258,315,Klaas Voget,G-4,Voget_G-4,0,1671
PWA,258,315,Ricardo Campello,V-111,Campello_V-111,0,1803
PWA,258,315,Phil Horrocks,K-303,Horrocks_K-303,0,1308
PWA,258,315,Fred Jezequel,F-54,Jezequel_F-54,0,1605
PWA,258,315,Nicolas Reynes,F-456,Reynes_F-456,0,1638
PWA,258,315,Robert Teriitehau,F-2000,Teriitehau_F-2000,0,1209
PWA,258,315,Alexis Zabala,V-41,Zabala_V-41,0,1127
PWA,258,315,Jérémy Amsellem,F-64,Amsellem_F-64,0,1275
PWA,258,315,Nicolas Akgazciyan,F-400,Akgazciyan_F-400,0,1770
PWA,258,315,Nik Baker,K-66,Baker_K-66,0,1902
PWA,258,315,Remko de Weerd,H-23,de Weerd_H-23,0,1572
PWA,258,315,Douglas Diaz,V-34,Diaz_V-34,0,1440
PWA,258,315,John Hibbard,K-007,Hibbard_K-007,0,1473
PWA,258,315,Orjan Jensen,E-19,Jensen_E-19,0,1605
PWA,258,315,Vidar Jensen,N-44,Jensen_N-44,0,2001
PWA,258,315,Nicolas MEREAUD,F-92,MEREAUD_F-92,0,1539
PWA,258,315,Cyril Moussilmani,F-71,Moussilmani_F-71,0,2067
PWA,258,315,Benoit Moussilmani,F-1,Moussilmani_F-1,0,1737
PWA,258,315,Marcos Pérez,E-7,Pérez_E-7,0,1242
PWA,258,315,Matt Pritchard,US-10,Pritchard_US-10,0,2100
PWA,258,315,Kevin Pritchard,US-3,Pritchard_US-3,0,1968
PWA,258,315,John Skye,K-57,Skye_K-57,0,1836
PWA,258,315,Robby Swift,K-89,Swift_K-89,0,2034
PWA,258,315,Julien Taboulet,F-100,Taboulet_F-100,0,1935
PWA,258,315,Peter Volwater,H-24,Volwater_H-24,0,1869
PWA,258,315,Josh Angulo,CV-1,Angulo_CV-1,0,1407
PWA,258,315,Mathieu Bonno,F-6,Bonno_F-6,0,1506
PWA,258,315,Micah Buzianis,USA-34,Buzianis_USA-34,0,1077
PWA,258,315,Frank Díaz Figueroa,E-200,Díaz Figueroa_E-200,0,0
PWA,258,315,"Jose ""Gollito"" Estredo",V-10,"""Gollito"" Estredo_V-10",0,0
PWA,258,315,Ramon Pastor,E-72,Pastor_E-72,0,1176
PWA,258,315,Mat Pearch,K-16,Pearch_K-16,0,1358
PWA,258,315,Ben Proffitt,K-800,Proffitt_K-800,0,1704
PWA,258,315,Sylvain Puig,F-74,Puig_F-74,0,1127
PWA,258,314,Ulrike Hölzl,AT-123,Hölzl_AT-123,0,947
PWA,258,314,Junko Nagoshi,J-11,Nagoshi_J-11,0,1203
PWA,258,314,Anne-Marie Reichman,H-98,Reichman_H-98,0,1203
PWA,258,314,Iballa Ruano Moreno,E-63,Ruano Moreno_E-63,0,1500
PWA,258,314,Daida Ruano Moreno,E-64,Ruano Moreno_E-64,0,1638
PWA,258,314,Fiona Van Ammers,US-8,Van Ammers_US-8,0,838
PWA,258,314,Tiffany Ward,US-69,Ward_US-69,0,838
PWA,258,314,Morgan Fisher,US-9,Fisher_US-9,0,1081
PWA,258,314,Juliana Gomes de Farias,BRA-124,Gomes de Farias_BRA-124,0,795
PWA,258,314,Ivana Gomes de Farias,BRA-770,Gomes de Farias_BRA-770,0,1081
PWA,258,314,Tatiana Howard,US-16,Howard_US-16,0,947
PWA,258,314,Nayra Alonso,E-4,Alonso_E-4,0,947
PWA,258,314,Jenny Ellefson Riemenschneider,US-129,Ellefson Riemenschneider_US-129,0,1316
PWA,258,314,Shawna Cropas,KC-99,Cropas_KC-99,0,838
PWA,258,314,Jennifer Henderson,US-7,Henderson_US-7,0,1402
PWA,258,314,Kana Suzuki,J-1,Suzuki_J-1,0,947
PWA,258,314,Anick Violette,KC-96,Violette_KC-96,0,838
PWA,258,313,Greg Allaway,KA-38,Allaway_KA-38,0,736
PWA,258,313,Josh Angulo,CV-1,Angulo_CV-1,0,1638
PWA,258,313,Yannick Anton,F-8,Anton_F-8,0,1
PWA,258,313,Jonas Ceballos,E-40,Ceballos_E-40,0,1
PWA,258,313,Victor Fernandez,E-42,Fernandez_E-42,0,736
PWA,258,313,Diony Guadagnino,V-69,Guadagnino_V-69,0,603
PWA,258,313,Xavier Huart,F-33,Huart_F-33,0,1
PWA,258,313,Scott McKercher,KA-181,McKercher_KA-181,0,838
PWA,258,313,Cyril Moussilmani,F-71,Moussilmani_F-71,0,736
PWA,258,313,Sylvain Moussilmani,F-007,Moussilmani_F-007,0,1
PWA,258,313,Alex Mussolini,E-30,Mussolini_E-30,0,1203
PWA,258,313,Dario Ojeda,E-211,Ojeda_E-211,0,1
PWA,258,313,Mat Pearch,K-16,Pearch_K-16,0,1
PWA,258,313,Jason Polakow,KA-1111,Polakow_KA-1111,0,1316
PWA,258,313,Kevin Pritchard,US-3,Pritchard_US-3,0,1081
PWA,258,313,Rush Randle,US-321,Randle_US-321,0,1
PWA,258,313,Kauli Seadi,BRA-253,Seadi_BRA-253,0,1500
PWA,258,313,Levi Siver,USA-0,Siver_USA-0,0,1203
PWA,258,313,John Skye,K-57,Skye_K-57,0,603
PWA,258,313,Robby Swift,K-89,Swift_K-89,0,603
PWA,258,313,Julien Taboulet,F-100,Taboulet_F-100,0,1
PWA,258,313,Keith Teboul,US-60,Teboul_US-60,0,838
PWA,258,313,Klaas Voget,G-4,Voget_G-4,0,1
PWA,258,313,Peter Volwater,H-24,Volwater_H-24,0,1
PWA,258,313,Ross Williams,GBR-83,Williams_GBR-83,0,1
PWA,258,313,Andy Wolff,G-9,Wolff_G-9,0,1
PWA,258,313,Fabrice Beaux,F-911,Beaux_F-911,0,736
PWA,258,313,Regis Bouron,F-300,Bouron_F-300,0,1
PWA,258,313,Tristan Boxford,K-35,Boxford_K-35,0,603
PWA,258,313,Anders Bringdal,S-10,Bringdal_S-10,0,1
PWA,258,313,Jesse Brown,US-055,Brown_US-055,0,1
PWA,258,313,Micah Buzianis,USA-34,Buzianis_USA-34,0,1
PWA,258,313,Mariano Estivill,A-11,Estivill_A-11,0,1
PWA,258,313,Graham Ezzy,USA-1,Ezzy_USA-1,0,1
PWA,258,313,Tony Garcia,DR-17,Garcia_DR-17,0,1
PWA,258,313,Baptiste Gossein,F-61,Gossein_F-61,0,736
PWA,258,313,Francisco Goya,A-211,Goya_A-211,0,1081
PWA,258,313,Boujmaa Guilloul,M-3,Guilloul_M-3,0,736
PWA,258,313,Kai Katchadourian,US-33,Katchadourian_US-33,0,838
PWA,258,313,Shinjo Katsushi,J-4,Katsushi_J-4,0,736
PWA,258,313,Konan Lang,BRA-3,Lang_BRA-3,0,603
PWA,258,313,Kevin Ponichtera,US-006,Ponichtera_US-006,0,1
PWA,258,313,Francisco Porcella,I-69,Porcella_I-69,0,947
PWA,258,313,Jason Prior,KC-0,Prior_KC-0,0,1
PWA,258,313,Matt Pritchard,US-10,Pritchard_US-10,0,1402
PWA,258,313,Robert Sand,D-62,Sand_D-62,0,1
PWA,258,313,Josh Stone,USA-6,Stone_USA-6,0,947
PWA,258,313,Alex Aguera,US-151,Aguera_US-151,0,1
PWA,258,313,Riley Coon,US-26,Coon_US-26,0,1
PWA,258,313,Nat Gill,US-19,Gill_US-19,0,603
PWA,258,313,Jake Miller,US-77,Miller_US-77,0,603
PWA,258,313,Sean Ordonez,US-20,Ordonez_US-20,0,947
PWA,258,313,Yann Quilfen,F-21,Quilfen_F-21,0,838
PWA,258,313,Leo Ray,F-200,Ray_F-200,0,736
PWA,258,313,Michael Richard,F-7a,Richard_F-7a,0,1
PWA,258,313,Robert Teriitehau,F-2000,Teriitehau_F-2000,0,1
PWA,258,313,Martin Van Geenhoven,KC-25,Van Geenhoven_KC-25,0,1
PWA,258,313,Nicholas Warmuth,US-36,Warmuth_US-36,0,1
PWA,258,313,Pablo Wohlgemuth,A-19,Wohlgemuth_A-19,0,1
PWA,258,313,Marcilio Browne,BRA-105,Browne_BRA-105,0,603
PWA,258,313,Leon Belanger,DR-1,Belanger_DR-1,0,1
PWA,258,313,Luke Johnson,KA-86,Johnson_KA-86,0,1
PWA,258,313,Peleg Miron,ISR-22,Miron_ISR-22,0,1
PWA,258,313,Eyal Shelef,ISR-43,Shelef_ISR-43,0,947
PWA,258,312,Nayra Alonso,E-4,Alonso_E-4,0,0
PWA,258,312,Lucy Horwood,GBR-95,Horwood_GBR-95,0,0
PWA,258,312,Karin Jaggi,SUI-14,Jaggi_SUI-14,0,0
PWA,258,312,Iballa Ruano Moreno,E-63,Ruano Moreno_E-63,0,0
PWA,258,312,Daida Ruano Moreno,E-64,Ruano Moreno_E-64,0,0
