event_href,event_name,id,category_codes,event_id,elimination_names,year,section,ladder_url
https://www.pwaworldtour.com/index.php?id=38&tx_pwaevent_pi1%5BshowUid%5D=357&cHash=c9720a68c542213e603b7dd18e1a98cf,2024 Gran Canaria GLORIA PWA Windsurfing Grand Slam ******,2310,"['857', '876', '882', '881', '880', '879', '878', '877', '875', '874', '873', '872', '870', '869', '871', '867', '868', '866', '865', '864', '863', '862', '859', '861', '855', '856']",357,"['Mens 2024 Gran Canaria PWA Windsurfing Grand Slam ****** Mens Wave elimination double elimination', 'Womens 2024 Gran Canaria PWA Windsurfing Grand Slam ****** Women Wave elimination double elimination', '2024 Gran Canaria PWA Windsurfing Grand Slam ****** Mens Slalom Elimination 10', '2024 Gran Canaria PWA Windsurfing Grand Slam ****** Womens Slalom Elimination 11', '2024 Gran Canaria PWA Windsurfing Grand Slam ****** Mens Slalom Elimination 9', '2024 Gran Canaria PWA Windsurfing Grand Slam ****** Womens Slalom Elimination 10', '2024 Gran Canaria PWA Windsurfing Grand Slam ****** Mens Slalom Elimination 8', '2024 Gran Canaria PWA Windsurfing Grand Slam ****** Womens Slalom Elimination 9', '2024 Gran Canaria PWA Windsurfing Grand Slam ****** Mens Slalom Elimination 7', '2024 Gran Canaria PWA Windsurfing Grand Slam ****** Womens Slalom Elimination 8', '2024 Gran Canaria PWA Windsurfing Grand Slam ****** Mens Slalom Elimination 6', '2024 Gran Canaria PWA Windsurfing Grand Slam ****** Womens Slalom Elimination 7', '2024 Gran Canaria PWA Windsurfing Grand Slam ****** Mens Slalom Elimination 5', '2024 Gran Canaria PWA Windsurfing Grand Slam ****** Womens Slalom Elimination 6', '2024 Gran Canaria PWA Windsurfing Grand Slam ****** Womens Slalom Elimination 8', '2024 Gran Canaria PWA Windsurfing Grand Slam ****** Mens Slalom Elimination 4', '2024 Gran Canaria PWA Windsurfing Grand Slam ****** Womens Slalom Elimination 5', '2024 Gran Canaria PWA Windsurfing Grand Slam ****** Womens Slalom Elimination 4', '2024 Gran Canaria PWA Windsurfing Grand Slam ****** Mens Slalom Elimination 3', '2024 Gran Canaria PWA Windsurfing Grand Slam ****** Womens Slalom Elimination 3', '2024 Gran Canaria PWA Windsurfing Grand Slam ****** Mens Slalom Elimination 2', '2024 Gran Canaria PWA Windsurfing Grand Slam ****** Womens Slalom Elimination 2', '2024 Gran Canaria PWA Windsurfing Grand Slam ****** Mens Slalom Elimination 1', '2024 Gran Canaria PWA Windsurfing Grand Slam ****** Womens Slalom Elimination 1', 'Mens 2024 Gran Canaria PWA Windsurfing Grand Slam ****** Mens Wave elimination', 'Womens 2024 Gran Canaria PWA Windsurfing Grand Slam ****** Women Wave elimination']",2024,Completed events,https://www.pwaworldtour.com/index.php?id=1900&type=21&tx_pwaevent_pi1%5Baction%5D=ladders&tx_pwaevent_pi1%5BshowUid%5D=357
https://www.pwaworldtour.com/index.php?id=38&tx_pwaevent_pi1%5BshowUid%5D=359&cHash=caad02636580af46a906c7d26caf8b10,2024 Fuerteventura PWA Grand Slam ******,2310,"['922', '923', '921', '903', '902', '918', '919', '917', '915', '916', '914', '913', '912', '911', '910', '909', '907', '908', '905', '906', '904', '901', '899', '894', '898', '897', '892', '891', '889', '888', '900', '896', '895', '893', '890', '887', '885', '886', '884', '883']",359,"['2024 Fuerteventura PWA Grand Slam ****** Mens Foil Elimination 7', '2024 Fuerteventura PWA Grand Slam ****** Womens Foil Elimination 12', '2024 Fuerteventura PWA Grand Slam ****** Womens Foil Elimination 11', '2024 Fuerteventura PWA Grand Slam ****** Mens Foil Elimination 6', '2024 Fuerteventura PWA Grand Slam ****** Womens Foil Elimination 10', '2024 Fuerteventura PWA Grand Slam ****** Mens Slalom Elimination 6', '2024 Fuerteventura PWA Grand Slam ****** Womens Slalom Elimination 10', '2024 Fuerteventura PWA Grand Slam ****** Womens Slalom Elimination 9', '2024 Fuerteventura PWA Grand Slam ****** Mens Slalom Elimination 5', '2024 Fuerteventura PWA Grand Slam ****** Womens Slalom Elimination 8', '2024 Fuerteventura PWA Grand Slam ****** Womens Slalom Elimination 7', '2024 Fuerteventura PWA Grand Slam ****** Mens Slalom Elimination 4', '2024 Fuerteventura PWA Grand Slam ****** Womens Slalom Elimination 6', '2024 Fuerteventura PWA Grand Slam ****** Womens Slalom Elimination 5', '2024 Fuerteventura PWA Grand Slam ****** Mens Slalom Elimination 3', '2024 Fuerteventura PWA Grand Slam ****** Womens Slalom Elimination 4', '2024 Fuerteventura PWA Grand Slam ****** Mens Slalom Elimination 2', '2024 Fuerteventura PWA Grand Slam ****** Womens Slalom Elimination 3', '2024 Fuerteventura PWA Grand Slam ****** Mens Slalom Elimination 1', '2024 Fuerteventura PWA Grand Slam ****** Womens Slalom Elimination 2', '2024 Fuerteventura PWA Grand Slam ****** Womens Slalom Elimination 1', '2024 Fuerteventura PWA Grand Slam ****** Womens Foil Elimination 9', '2024 Fuerteventura PWA Grand Slam ****** Mens Foil Elimination 5', '2024 Fuerteventura PWA Grand Slam ****** Womens Foil Elimination 5', '2024 Fuerteventura PWA Grand Slam ****** Womens Foil Elimination 8', '2024 Fuerteventura PWA Grand Slam ****** Womens Foil Elimination 7', '2024 Fuerteventura PWA Grand Slam ****** Womens Foil Elimination 4', '2024 Fuerteventura PWA Grand Slam ****** Womens Foil Elimination 3', '2024 Fuerteventura PWA Grand Slam ****** Womens Foil Elimination 2', '2024 Fuerteventura PWA Grand Slam ****** Womens Foil Elimination 1', '2024 Fuerteventura PWA Grand Slam ****** Womens Foil Elimination 10', '2024 Fuerteventura PWA Grand Slam ****** Mens Foil Elimination 4', '2024 Fuerteventura PWA Grand Slam ****** Womens Foil Elimination 6', '2024 Fuerteventura PWA Grand Slam ****** Mens Foil Elimination 3', '2024 Fuerteventura PWA Grand Slam ****** Mens Foil Elimination 2', '2024 Fuerteventura PWA Grand Slam ****** Mens Foil Elimination 1', 'Mens 2024 Fuerteventura PWA Grand Slam ****** Mens Freestyle elimination 1(double)', 'Womens 2024 Fuerteventura PWA Grand Slam ****** Womens Freestyle elimination 1(double)', 'Womens 2024 Fuerteventura PWA Grand Slam ****** Womens Freestyle elimination 1', 'Mens 2024 Fuerteventura PWA Grand Slam ****** Mens Freestyle elimination 1']",2024,Completed events,https://www.pwaworldtour.com/index.php?id=1900&type=21&tx_pwaevent_pi1%5Baction%5D=ladders&tx_pwaevent_pi1%5BshowUid%5D=359
https://www.pwaworldtour.com/index.php?id=38&tx_pwaevent_pi1%5BshowUid%5D=358&cHash=810d8779bf78e5fb75817e83f998b70b,2024 Tenerife PWA World Cup ****,2310,"['926', '927', '924', '925']",358,"['Mens 2024 Tenerife PWA World Cup ***** Mens Wave elimination double elimination', 'Womens 2024 Tenerife PWA World Cup ***** Women Wave elimination double elimination', 'Mens 2024 Tenerife PWA World Cup ***** Mens Wave elimination', 'Womens 2024 Tenerife PWA World Cup ***** Women Wave elimination']",2024,Completed events,https://www.pwaworldtour.com/index.php?id=1900&type=21&tx_pwaevent_pi1%5Baction%5D=ladders&tx_pwaevent_pi1%5BshowUid%5D=358
https://www.pwaworldtour.com/index.php?id=38&tx_pwaevent_pi1%5BshowUid%5D=363&cHash=bf5225169ae75b8279dac2e81dc7def1,2024 Citroën PWA Windsurf World Cup Sylt *******,2310,"['951', '949', '950', '930', '948', '946', '947', '945', '943', '944', '942', '941', '940', '938', '939', '937', '934', '936', '935', '932', '933', '929', '928', '931']",363,"['2024 Citroen PWA Windsurf World Cup Sylt ******* Womens Foil Elimination 13', '2024 Citroen PWA Windsurf World Cup Sylt ******* Mens Foil Elimination 7', '2024 Citroen PWA Windsurf World Cup Sylt ******* Womens Foil Elimination 12', 'Mens 2024 Citroen PWA Windsurf World Cup Sylt ******* Mens Freestyle elimination 1', '2024 Citroen PWA Windsurf World Cup Sylt ******* Womens Foil Elimination 11', '2024 Citroen PWA Windsurf World Cup Sylt ******* Mens Foil Elimination 6', '2024 Citroen PWA Windsurf World Cup Sylt ******* Womens Foil Elimination 10', '2024 Citroen PWA Windsurf World Cup Sylt ******* Womens Foil Elimination 9', '2024 Citroen PWA Windsurf World Cup Sylt ******* Mens Foil Elimination 5', '2024 Citroen PWA Windsurf World Cup Sylt ******* Womens Foil Elimination 8', '2024 Citroen PWA Windsurf World Cup Sylt ******* Womens Foil Elimination 7', '2024 Citroen PWA Windsurf World Cup Sylt ******* Mens Foil Elimination 4', '2024 Citroen PWA Windsurf World Cup Sylt ******* Womens Foil Elimination 6', '2024 Citroen PWA Windsurf World Cup Sylt ******* Mens Foil Elimination 3', '2024 Citroen PWA Windsurf World Cup Sylt ******* Womens Foil Elimination 5', '2024 Citroen PWA Windsurf World Cup Sylt ******* Womens Foil Elimination 4', '2024 Citroen PWA Windsurf World Cup Sylt ******* Mens Foil Elimination 2', '2024 Citroen PWA Windsurf World Cup Sylt ******* Womens Foil Elimination 3', '2024 Citroen PWA Windsurf World Cup Sylt ******* Womens Foil Elimination 2', '2024 Citroen PWA Windsurf World Cup Sylt ******* Mens Foil Elimination 1', '2024 Citroen PWA Windsurf World Cup Sylt ******* Womens Foil Elimination 1', 'Mens 2024 Citroen PWA Windsurf World Cup Sylt ******* Mens Wave elimination', 'Womens 2024 Citroen PWA Windsurf World Cup Sylt ******* Women Wave elimination', 'Mens 2024 Citroen PWA Windsurf World Cup Sylt ******* Mens Wave elimination double elimination']",2024,Completed events,https://www.pwaworldtour.com/index.php?id=1900&type=21&tx_pwaevent_pi1%5Baction%5D=ladders&tx_pwaevent_pi1%5BshowUid%5D=363
https://www.pwaworldtour.com/index.php?id=38&tx_pwaevent_pi1%5BshowUid%5D=366&cHash=2cd4b9e39c6233384046e5544aab5596,"2024 Fly! ANA Yokosuka, Miura, Windsurf World Cup, Japan *****",2310,"['965', '964', '963', '961', '960', '959', '957', '956', '955', '954']",366,"['2024 Fly! ANA World Cup, Japan Mens Foil Elimination 5', '2024 Fly! ANA World Cup, Japan Womens Foil Elimination 5', '2024 Fly! ANA World Cup, Japan Mens Foil Elimination 4', '2024 Fly! ANA World Cup, Japan Womens Foil Elimination 4', '2024 Fly! ANA World Cup, Japan Mens Foil Elimination 3', '2024 Fly! ANA World Cup, Japan Womens Foil Elimination 3', '2024 Fly! ANA World Cup, Japan Mens Foil Elimination 2', '2024 Fly! ANA World Cup, Japan Womens Foil Elimination 2', '2024 Fly! ANA World Cup, Japan Mens Foil Elimination 1', '2024 Fly! ANA World Cup, Japan Womens Foil Elimination 1']",2024,Completed events,https://www.pwaworldtour.com/index.php?id=1900&type=21&tx_pwaevent_pi1%5Baction%5D=ladders&tx_pwaevent_pi1%5BshowUid%5D=366
https://www.pwaworldtour.com/index.php?id=38&tx_pwaevent_pi1%5BshowUid%5D=336&cHash=0b8f4942373ecbec9adaa3dce9dafa56,2023 Torbole PWA World Cup *****,2284,"['752', '754', '751', '753', '750', '748', '749', '747', '746', '744', '745']",336,"['2023 Torbole PWA World Cup ***** Mens Slalom Elimination 4', '2023 Torbole PWA World Cup ***** Womens Slalom Elimination 7', '2023 Torbole PWA World Cup ***** Mens Slalom Elimination 3', '2023 Torbole PWA World Cup ***** Womens Slalom Elimination 6', '2023 Torbole PWA World Cup ***** Womens Slalom Elimination 5', '2023 Torbole PWA World Cup ***** Mens Slalom Elimination 2', '2023 Torbole PWA World Cup ***** Womens Slalom Elimination 4', '2023 Torbole PWA World Cup ***** Womens Slalom Elimination 3', '2023 Torbole PWA World Cup ***** Womens Slalom Elimination 2', '2023 Torbole PWA World Cup ***** Mens Slalom Elimination 1', '2023 Torbole PWA World Cup ***** Womens Slalom Elimination 1']",2023,Completed events,https://www.pwaworldtour.com/index.php?id=1900&type=21&tx_pwaevent_pi1%5Baction%5D=ladders&tx_pwaevent_pi1%5BshowUid%5D=336
https://www.pwaworldtour.com/index.php?id=38&tx_pwaevent_pi1%5BshowUid%5D=338&cHash=b9ace970f382423c0fca8363194b4212,2023 Gran Canaria PWA Windsurfing Grand Slam ******,2284,"['762', '758', '759', '785', '786', '782', '784', '783', '781', '780', '777', '778', '774', '776', '775', '772', '773', '771', '770', '769', '766', '768', '767', '764', '765', '763', '760', '761', '755']",338,"['Womens 2023 Gran Canaria PWA Windsurfing Grand Slam ****** Women Wave elimination double elimination', 'Womens 2023 Gran Canaria PWA Windsurfing Grand Slam ****** Women Wave elimination', 'Mens 2023 Gran Canaria PWA Windsurfing Grand Slam ****** Mens Wave elimination double elimination', '2023 Gran Canaria PWA Windsurfing Grand Slam ****** Mens Slalom Elimination 10', '2023 Gran Canaria PWA Windsurfing Grand Slam ****** Womens Slalom Elimination 15', '2023 Gran Canaria PWA Windsurfing Grand Slam ****** Mens Slalom Elimination 9', '2023 Gran Canaria PWA Windsurfing Grand Slam ****** Womens Slalom Elimination 14', '2023 Gran Canaria PWA Windsurfing Grand Slam ****** Womens Slalom Elimination 13', '2023 Gran Canaria PWA Windsurfing Grand Slam ****** Womens Slalom Elimination 12', '2023 Gran Canaria PWA Windsurfing Grand Slam ****** Mens Slalom Elimination 8', '2023 Gran Canaria PWA Windsurfing Grand Slam ****** Womens Slalom Elimination 11', '2023 Gran Canaria PWA Windsurfing Grand Slam ****** Mens Slalom Elimination 7', '2023 Gran Canaria PWA Windsurfing Grand Slam ****** Mens Slalom Elimination 6', '2023 Gran Canaria PWA Windsurfing Grand Slam ****** Womens Slalom Elimination 10', '2023 Gran Canaria PWA Windsurfing Grand Slam ****** Womens Slalom Elimination 9', '2023 Gran Canaria PWA Windsurfing Grand Slam ****** Mens Slalom Elimination 5', '2023 Gran Canaria PWA Windsurfing Grand Slam ****** Womens Slalom Elimination 8', '2023 Gran Canaria PWA Windsurfing Grand Slam ****** Womens Slalom Elimination 7', '2023 Gran Canaria PWA Windsurfing Grand Slam ****** Mens Slalom Elimination 4', '2023 Gran Canaria PWA Windsurfing Grand Slam ****** Womens Slalom Elimination 6', '2023 Gran Canaria PWA Windsurfing Grand Slam ****** Mens Slalom Elimination 3', '2023 Gran Canaria PWA Windsurfing Grand Slam ****** Womens Slalom Elimination 5', '2023 Gran Canaria PWA Windsurfing Grand Slam ****** Womens Slalom Elimination 4', '2023 Gran Canaria PWA Windsurfing Grand Slam ****** Mens Slalom Elimination 2', '2023 Gran Canaria PWA Windsurfing Grand Slam ****** Womens Slalom Elimination 3', '2023 Gran Canaria PWA Windsurfing Grand Slam ****** Womens Slalom Elimination 2', '2023 Gran Canaria PWA Windsurfing Grand Slam ****** Mens Slalom Elimination 1', '2023 Gran Canaria PWA Windsurfing Grand Slam ****** Womens Slalom Elimination 1', 'Mens 2023 Gran Canaria PWA Windsurfing Grand Slam ****** Mens Wave elimination']",2023,Completed events,https://www.pwaworldtour.com/index.php?id=1900&type=21&tx_pwaevent_pi1%5Baction%5D=ladders&tx_pwaevent_pi1%5BshowUid%5D=338
https://www.pwaworldtour.com/index.php?id=38&tx_pwaevent_pi1%5BshowUid%5D=340&cHash=61eb563ed7561dc510e147975efd5c91,2023 Fuerteventura PWA Grand Slam ******,2284,"['819', '818', '817', '815', '813', '814', '810', '812', '811', '808', '809', '807', '805', '806', '803', '804', '802', '801', '799', '800', '798', '796', '797', '795', '793', '794', '792', '787', '791', '790', '789']",340,"['Mens 2023 Fuerteventura PWA Grand Slam ****** Mens Freestyle elimination 1(double)', 'Womens 2023 Fuerteventura PWA Grand Slam ****** Womens Freestyle elimination 1(double)', 'Mens 2023 Fuerteventura PWA Grand Slam ****** Mens Freestyle elimination 1', 'Womens 2023 Fuerteventura PWA Grand Slam ****** Womens Freestyle elimination 1', '2023 Fuerteventura PWA Grand Slam ****** Mens Slalom Elimination 11', '2023 Fuerteventura PWA Grand Slam ****** Womens Slalom Elimination 15', '2023 Fuerteventura PWA Grand Slam ****** Womens Slalom Elimination 14', '2023 Fuerteventura PWA Grand Slam ****** Mens Slalom Elimination 10', '2023 Fuerteventura PWA Grand Slam ****** Mens Slalom Elimination 9', '2023 Fuerteventura PWA Grand Slam ****** Mens Slalom Elimination 8', '2023 Fuerteventura PWA Grand Slam ****** Womens Slalom Elimination 13', '2023 Fuerteventura PWA Grand Slam ****** Womens Slalom Elimination 12', '2023 Fuerteventura PWA Grand Slam ****** Mens Slalom Elimination 7', '2023 Fuerteventura PWA Grand Slam ****** Womens Slalom Elimination 11', '2023 Fuerteventura PWA Grand Slam ****** Womens Slalom Elimination 10', '2023 Fuerteventura PWA Grand Slam ****** Mens Slalom Elimination 6', '2023 Fuerteventura PWA Grand Slam ****** Mens Slalom Elimination 5', '2023 Fuerteventura PWA Grand Slam ****** Womens Slalom Elimination 9', '2023 Fuerteventura PWA Grand Slam ****** Mens Slalom Elimination 4', '2023 Fuerteventura PWA Grand Slam ****** Womens Slalom Elimination 8', '2023 Fuerteventura PWA Grand Slam ****** Womens Slalom Elimination 7', '2023 Fuerteventura PWA Grand Slam ****** Mens Slalom Elimination 3', '2023 Fuerteventura PWA Grand Slam ****** Womens Slalom Elimination 6', '2023 Fuerteventura PWA Grand Slam ****** Womens Slalom Elimination 5', '2023 Fuerteventura PWA Grand Slam ****** Mens Slalom Elimination 2', '2023 Fuerteventura PWA Grand Slam ****** Womens Slalom Elimination 4', '2023 Fuerteventura PWA Grand Slam ****** Womens Slalom Elimination 3', '2023 Fuerteventura PWA Grand Slam ****** Mens Slalom Elimination 1', '2023 Fuerteventura PWA Grand Slam ****** Womens Slalom Elimination 2', '2023 Fuerteventura PWA Grand Slam ****** Womens Slalom Elimination 2', '2023 Fuerteventura PWA Grand Slam ****** Womens Slalom Elimination 1']",2023,Completed events,https://www.pwaworldtour.com/index.php?id=1900&type=21&tx_pwaevent_pi1%5Baction%5D=ladders&tx_pwaevent_pi1%5BshowUid%5D=340
https://www.pwaworldtour.com/index.php?id=38&tx_pwaevent_pi1%5BshowUid%5D=342&cHash=a084d014e91db5fb85fbd4d88f159868,"schauinslandreisen Windsurf World Cup Sylt, presented by got2b *******",2284,"['826', '835', '825', '834', '833', '832', '831', '829', '830', '824', '828', '827', '823']",342,"['Mens Mens Wave elimination', 'Womens Women Wave elimination double elimination', 'Womens Women Wave elimination', '2023 Windsurf World Cup Sylt ******* Mens Slalom Elimination 8', '2023 Windsurf World Cup Sylt ******* Mens Slalom Elimination 7', '2023 Windsurf World Cup Sylt ******* Mens Slalom Elimination 6', '2023 Windsurf World Cup Sylt ******* Mens Slalom Elimination 5', '2023 Windsurf World Cup Sylt ******* Mens Slalom Elimination 4', 'Mens Mens Freestyle elimination (double)', 'Mens Mens Freestyle elimination', '2023 Windsurf World Cup Sylt ******* Mens Slalom Elimination 3', '2023 Windsurf World Cup Sylt ******* Mens Slalom Elimination 2', 'Mens Slalom Elimination 1']",2023,Completed events,https://www.pwaworldtour.com/index.php?id=1900&type=21&tx_pwaevent_pi1%5Baction%5D=ladders&tx_pwaevent_pi1%5BshowUid%5D=342
https://www.pwaworldtour.com/index.php?id=38&tx_pwaevent_pi1%5BshowUid%5D=343&cHash=fa398d029fb70b54b1b9d3c57168a894,"2023 Fly! ANA Yokosuka, Miura, Windsurf World Cup, Japan *****",2284,"['853', '852', '851', '850', '849', '848', '847', '846', '845', '843', '844', '840', '839', '838']",343,"['Mens Slalom Elimination 7', 'Womens Slalom Elimination 7', 'Mens Slalom Elimination 6', 'Womens Slalom Elimination 6', 'Mens Slalom Elimination 5', 'Womens Slalom Elimination 5', 'Mens Slalom Elimination 4', 'Womens Slalom Elimination 4', 'Womens Slalom Elimination 3', 'Mens Slalom Elimination 3', 'Womens Slalom Elimination 2', 'Mens Slalom Elimination 2', 'Mens Slalom Elimination 1', 'Womens Slalom Elimination 1']",2023,Completed events,https://www.pwaworldtour.com/index.php?id=1900&type=21&tx_pwaevent_pi1%5Baction%5D=ladders&tx_pwaevent_pi1%5BshowUid%5D=343
https://www.pwaworldtour.com/index.php?id=38&tx_pwaevent_pi1%5BshowUid%5D=324&cHash=32858c99d47b5c135886da106a5e3ecd,2022 SOMWR 10x Cabo Verde PWA World Cup *****,2267,"['707', '706']",324,"['SOMWR Cabo Verde 2022 Mens double elimination', 'SOMWR Cabo Verde 2022 Mens Single elimination']",2022,Completed events,https://www.pwaworldtour.com/index.php?id=1900&type=21&tx_pwaevent_pi1%5Baction%5D=ladders&tx_pwaevent_pi1%5BshowUid%5D=324
https://www.pwaworldtour.com/index.php?id=38&tx_pwaevent_pi1%5BshowUid%5D=328&cHash=ea92f82f38d9aed790528c5c560bff5f,2022 Gran Canaria PWA Windsurfing World Cup *****,2267,"['710', '711', '708', '709']",328,"['Womens 2022 Gran Canaria PWA Windsurfing World Cup ***** Women Wave elimination double elimination', 'Mens 2022 Gran Canaria PWA Windsurfing World Cup ***** Mens Wave elimination double elimination', 'Mens 2022 Gran Canaria PWA Windsurfing World Cup ***** Mens Wave elimination', 'Womens 2022 Gran Canaria PWA Windsurfing World Cup ***** Women Wave elimination']",2022,Completed events,https://www.pwaworldtour.com/index.php?id=1900&type=21&tx_pwaevent_pi1%5Baction%5D=ladders&tx_pwaevent_pi1%5BshowUid%5D=328
https://www.pwaworldtour.com/index.php?id=38&tx_pwaevent_pi1%5BshowUid%5D=332&cHash=3dba48be016aafe08e7080c96be9c9e6,2022 Mercedes-Benz World Cup Sylt *******,2267,"['723', '721', '730', '729', '728', '727', '725', '724', '720', '722', '712', '713', '715', '719', '718', '717', '716']",332,"['Mens 2022 Mercedes-Benz World Cup Sylt ******* Mens Freestyle elimination 1(double)', 'Mens 2022 Mercedes-Benz World Cup Sylt ******* Mens Wave elimination double elimination', '2022 Mercedes-Benz World Cup Sylt ******* Mens Slalom Elimination 11', '2022 Mercedes-Benz World Cup Sylt ******* Mens Slalom Elimination 10', '2022 Mercedes-Benz World Cup Sylt ******* Mens Slalom Elimination 9', '2022 Mercedes-Benz World Cup Sylt ******* Mens Slalom Elimination 8', '2022 Mercedes-Benz World Cup Sylt ******* Mens Slalom Elimination 7', '2022 Mercedes-Benz World Cup Sylt ******* Mens Slalom Elimination 6', '2022 Mercedes-Benz World Cup Sylt ******* Mens Slalom Elimination 5', 'Womens 2022 Mercedes-Benz World Cup Sylt ******* Women Wave elimination double elimination', 'Mens 2022 Mercedes-Benz World Cup Sylt ******* Mens Wave elimination', 'Womens 2022 Mercedes-Benz World Cup Sylt ******* Women Wave elimination', 'Mens 2022 Mercedes-Benz World Cup Sylt ******* Mens Freestyle elimination 1', '2022 Mercedes-Benz World Cup Sylt ******* Mens Slalom Elimination 4', '2022 Mercedes-Benz World Cup Sylt ******* Mens Slalom Elimination 3', '2022 Mercedes-Benz World Cup Sylt ******* Mens Slalom Elimination 2', '2022 Mercedes-Benz World Cup Sylt ******* Mens Slalom Elimination 1']",2022,Completed events,https://www.pwaworldtour.com/index.php?id=1900&type=21&tx_pwaevent_pi1%5Baction%5D=ladders&tx_pwaevent_pi1%5BshowUid%5D=332
https://www.pwaworldtour.com/index.php?id=38&tx_pwaevent_pi1%5BshowUid%5D=334&cHash=402bd06b998a60bf33c79052c6c6aca0,"2022 Fly! ANA Yokosuka, Miura, Windsurf World Cup, Japan *****",2267,"['742', '743', '741', '739', '738', '735', '736', '737', '734', '733', '731', '732']",334,"['2022 Windsurf World Cup, Yokosuka Japan ***** Mens Slalom Elimination 5', '2022 Windsurf World Cup, Yokosuka Japan ***** Womens Slalom Elimination 5', '2022 Windsurf World Cup, Yokosuka Japan ***** Mens Slalom Elimination 4', '2022 Windsurf World Cup, Yokosuka Japan ***** Womens Slalom Elimination 4', '2022 Windsurf World Cup, Yokosuka Japan ***** Mens Slalom Elimination 4', '2022 Windsurf World Cup, Yokosuka Japan ***** Mens Slalom Elimination 3', '2022 Windsurf World Cup, Yokosuka Japan ***** Womens Slalom Elimination 3', '2022 Windsurf World Cup, Yokosuka Japan ***** Womens Slalom Elimination 4', '2022 Windsurf World Cup, Yokosuka Japan ***** Mens Slalom Elimination 2', '2022 Windsurf World Cup, Yokosuka Japan ***** Womens Slalom Elimination 2', '2022 Windsurf World Cup, Yokosuka Japan ***** Mens Slalom Elimination 1', '2022 Windsurf World Cup, Yokosuka Japan ***** Womens Slalom Elimination 1']",2022,Completed events,https://www.pwaworldtour.com/index.php?id=1900&type=21&tx_pwaevent_pi1%5Baction%5D=ladders&tx_pwaevent_pi1%5BshowUid%5D=334
https://www.pwaworldtour.com/index.php?id=38&tx_pwaevent_pi1%5BshowUid%5D=308&cHash=d3b08197b3dc9150666d4d74361fd772,2021 Tiberias Israel PWA World Cup *****,2253,"['690', '694', '691', '693', '686', '692', '688', '689', '685', '687', '684', '682', '681', '679', '671', '672', '675']",308,"['2021 Tiberias Israel PWA World Cup ***** Womens Foil Elimination 4', '2021 Tiberias Israel PWA World Cup ***** Mens Slalom Elimination 7', '2021 Tiberias Israel PWA World Cup ***** Mens Slalom Elimination 6', '2021 Tiberias Israel PWA World Cup ***** Womens Slalom Elimination 6', '2021 Tiberias Israel PWA World Cup ***** Womens Foil Elimination 3', '2021 Tiberias Israel PWA World Cup ***** Womens Slalom Elimination 5', '2021 Tiberias Israel PWA World Cup ***** Mens Slalom Elimination 5', '2021 Tiberias Israel PWA World Cup ***** Womens Slalom Elimination 4', '2021 Tiberias Israel PWA World Cup ***** Womens Slalom Elimination 3', '2021 Tiberias Israel PWA World Cup ***** Mens Slalom Elimination 4', '2021 Tiberias Israel PWA World Cup ***** Womens Foil Elimination 2', '2021 Tiberias Israel PWA World Cup ***** Mens Slalom Elimination 3', '2021 Tiberias Israel PWA World Cup ***** Womens Slalom Elimination 2', '2021 Tiberias Israel PWA World Cup ***** Mens Slalom Elimination 2', '2021 Tiberias Israel PWA World Cup ***** Womens Foil Elimination 1', '2021 Tiberias Israel PWA World Cup ***** Womens Slalom Elimination 1', '2021 Tiberias Israel PWA World Cup ***** Mens Slalom Elimination 1']",2021,Completed events,https://www.pwaworldtour.com/index.php?id=1900&type=21&tx_pwaevent_pi1%5Baction%5D=ladders&tx_pwaevent_pi1%5BshowUid%5D=308
https://www.pwaworldtour.com/index.php?id=38&tx_pwaevent_pi1%5BshowUid%5D=322&cHash=a9699db711a425e197aadb6e7ff69685,"SOMWR 10 x Marignane PWA Grand Slam, Presented by Greentech Festival******",2253,"['695', '696', '698', '699', '700', '701', '702', '703', '704']",322,"['Mens Slalom Elimination 1', 'Womens Foil Elimination 1', 'Womens Slalom Elimination 1', 'Mens Wave elimination', 'Mens Freestyle elimination 1', ""Women's Freestyle elimination 1"", ""Women's Wave elimination"", 'Womens Freestyle elimination 1(double)', 'Mens Freestyle elimination 1(double)']",2021,Completed events,https://www.pwaworldtour.com/index.php?id=1900&type=21&tx_pwaevent_pi1%5Baction%5D=ladders&tx_pwaevent_pi1%5BshowUid%5D=322
https://www.pwaworldtour.com/index.php?id=38&tx_pwaevent_pi1%5BshowUid%5D=280&cHash=6274455bc7f9c27cf27daa8e52c1cda7,2019 Forsa Bonaire PWA World Cup,2208,"['528', '531', '530', '529']",280,"['Mens 2019 Forsa Bonaire PWA World Cup Mens Freestyle elimination 1', 'Mens 2019 Forsa Bonaire PWA World Cup Mens Freestyle elimination 1(double)', 'Womens 2019 Forsa Bonaire PWA World Cup Womens Freestyle elimination 1(double)', 'Womens 2019 Forsa Bonaire PWA World Cup Womens Freestyle elimination 1']",2019,Completed events,https://www.pwaworldtour.com/index.php?id=1900&type=21&tx_pwaevent_pi1%5Baction%5D=ladders&tx_pwaevent_pi1%5BshowUid%5D=280
https://www.pwaworldtour.com/index.php?id=38&tx_pwaevent_pi1%5BshowUid%5D=281&cHash=8d784f90bc70894be45d36de1d6d2aff,2019 Marignane PWA World Cup,2208,"['535', '534', '536']",281,"['2019 Marignane PWA World Cup Mens Slalom Elimination 1', '2019 Marignane PWA World Cup Womens Slalom Elimination 1', '2019 Marignane PWA World Cup Mens Slalom Elimination 2']",2019,Completed events,https://www.pwaworldtour.com/index.php?id=1900&type=21&tx_pwaevent_pi1%5Baction%5D=ladders&tx_pwaevent_pi1%5BshowUid%5D=281
https://www.pwaworldtour.com/index.php?id=38&tx_pwaevent_pi1%5BshowUid%5D=282&cHash=ff03281c584870e4091d5c51033d6073,"2019 Fly! ANA Windsurf World Cup, Yokosuka Japan",2208,"['551', '552', '550', '547', '548', '546', '539', '538', '545', '544', '543', '542', '541', '537']",282,"['2019 Fly! ANA Windsurf World Cup, Yokosuka Japan Womens Foil Elimination 7', '2019 Fly! ANA Windsurf World Cup, Yokosuka Japan Womens Foil Elimination 8', '2019 Fly! ANA Windsurf World Cup, Yokosuka Japan Mens Foil Elimination 4', '2019 Fly! ANA Windsurf World Cup, Yokosuka Japan Womens Foil Elimination 6', '2019 Fly! ANA Windsurf World Cup, Yokosuka Japan Womens Foil Elimination 5', '2019 Fly! ANA Windsurf World Cup, Yokosuka Japan Mens Foil Elimination 3', '2019 Fly! ANA Windsurf World Cup, Yokosuka Japan Mens Slalom Elimination 1', '2019 Fly! ANA Windsurf World Cup, Yokosuka Japan Mens Foil Elimination 1', '2019 Fly! ANA Windsurf World Cup, Yokosuka Japan Womens Foil Elimination 4', '2019 Fly! ANA Windsurf World Cup, Yokosuka Japan Womens Foil Elimination 3', '2019 Fly! ANA Windsurf World Cup, Yokosuka Japan Mens Foil Elimination 2', '2019 Fly! ANA Windsurf World Cup, Yokosuka Japan Womens Foil Elimination 2', '2019 Fly! ANA Windsurf World Cup, Yokosuka Japan Womens Foil Elimination 1', '2019 Fly! ANA Windsurf World Cup, Yokosuka Japan Womens Slalom Elimination 1']",2019,Completed events,https://www.pwaworldtour.com/index.php?id=1900&type=21&tx_pwaevent_pi1%5Baction%5D=ladders&tx_pwaevent_pi1%5BshowUid%5D=282
https://www.pwaworldtour.com/index.php?id=38&tx_pwaevent_pi1%5BshowUid%5D=283&cHash=e3b52413e476af2d55b6168a6e80da89,"2019 Ulsan PWA World Cup, Korea",2208,"['567', '565', '566', '563', '562', '564', '560', '561', '556', '559', '558', '557', '555', '553']",283,"['2019 Ulsan PWA World Cup, Korea Womens Slalom Elimination 4', '2019 Ulsan PWA World Cup, Korea Mens Slalom Elimination 3', '2019 Ulsan PWA World Cup, Korea Womens Slalom Elimination 3', '2019 Ulsan PWA World Cup, Korea Womens Slalom Elimination 2', '2019 Ulsan PWA World Cup, Korea Mens Slalom Elimination 2', '2019 Ulsan PWA World Cup, Korea Womens Foil Elimination 6', '2019 Ulsan PWA World Cup, Korea Womens Foil Elimination 5', '2019 Ulsan PWA World Cup, Korea Womens Slalom Elimination 1', '2019 Ulsan PWA World Cup, Korea Mens Slalom Elimination 1', '2019 Ulsan PWA World Cup, Korea Womens Foil Elimination 4', '2019 Ulsan PWA World Cup, Korea Womens Foil Elimination 3', '2019 Ulsan PWA World Cup, Korea Womens Foil Elimination 2', '2019 Ulsan PWA World Cup, Korea Womens Foil Elimination 1', '2019 Ulsan PWA World Cup, Korea Womens Slalom Elimination 1']",2019,Completed events,https://www.pwaworldtour.com/index.php?id=1900&type=21&tx_pwaevent_pi1%5Baction%5D=ladders&tx_pwaevent_pi1%5BshowUid%5D=283
https://www.pwaworldtour.com/index.php?id=38&tx_pwaevent_pi1%5BshowUid%5D=284&cHash=4c2099ed853fb05c69a00328e8ac7ec6,2019 Catalunya Costa Brava PWA World Cup,2208,"['574', '573', '572', '578', '577', '576', '571', '570', '569', '568']",284,"['2019 Catalunya Costa Brava PWA World Cup Mens Foil Elimination 7', '2019 Catalunya Costa Brava PWA World Cup Mens Foil Elimination 6', '2019 Catalunya Costa Brava PWA World Cup Mens Foil Elimination 5', '2019 Catalunya Costa Brava PWA World Cup Mens Foil Elimination 10', '2019 Catalunya Costa Brava PWA World Cup Mens Foil Elimination 9', '2019 Catalunya Costa Brava PWA World Cup Mens Foil Elimination 8', '2019 Catalunya Costa Brava PWA World Cup Mens Foil Elimination 4', '2019 Catalunya Costa Brava PWA World Cup Mens Foil Elimination 3', '2019 Catalunya Costa Brava PWA World Cup Mens Foil Elimination 2', '2019 Catalunya Costa Brava PWA World Cup Mens Foil Elimination 1']",2019,Completed events,https://www.pwaworldtour.com/index.php?id=1900&type=21&tx_pwaevent_pi1%5Baction%5D=ladders&tx_pwaevent_pi1%5BshowUid%5D=284
https://www.pwaworldtour.com/index.php?id=38&tx_pwaevent_pi1%5BshowUid%5D=286&cHash=86563a7fef38b80cc2236d4be71de045,2019 Gran Canaria PWA World Cup,2208,"['584', '583', '579', '582']",286,"['Mens 2019 Gran Canaria PWA World Cup Mens Wave elimination double elimination', 'Womens 2019 Gran Canaria PWA World Cup Women Wave elimination double elimination', 'Mens 2019 Gran Canaria PWA World Cup Mens Wave elimination', 'Womens 2019 Gran Canaria PWA World Cup Women Wave elimination']",2019,Completed events,https://www.pwaworldtour.com/index.php?id=1900&type=21&tx_pwaevent_pi1%5Baction%5D=ladders&tx_pwaevent_pi1%5BshowUid%5D=286
https://www.pwaworldtour.com/index.php?id=38&tx_pwaevent_pi1%5BshowUid%5D=287&cHash=eddb2d86cfaefa225225717b6c446558,2019 Fuerteventura PWA Grand Slam,2208,"['597', '598', '595', '596', '594', '593', '592', '591', '590', '589', '588', '586', '585']",287,"['Mens 2019 Fuerteventura PWA Grand Slam Mens Freestyle elimination 1(double)', 'Womens 2019 Fuerteventura PWA Grand Slam Womens Freestyle elimination 1(double)', 'Womens 2019 Fuerteventura PWA Grand Slam Womens Freestyle elimination 1', 'Mens 2019 Fuerteventura PWA Grand Slam Mens Freestyle elimination 1', '2019 Fuerteventura PWA Grand Slam Mens Slalom Elimination 9', '2019 Fuerteventura PWA Grand Slam Mens Slalom Elimination 8', '2019 Fuerteventura PWA Grand Slam Mens Slalom Elimination 7', '2019 Fuerteventura PWA Grand Slam Mens Slalom Elimination 6', '2019 Fuerteventura PWA Grand Slam Mens Slalom Elimination 5', '2019 Fuerteventura PWA Grand Slam Mens Slalom Elimination 4', '2019 Fuerteventura PWA Grand Slam Mens Slalom Elimination 3', '2019 Fuerteventura PWA Grand Slam Mens Slalom Elimination 2', '2019 Fuerteventura PWA Grand Slam Mens Slalom Elimination 1']",2019,Completed events,https://www.pwaworldtour.com/index.php?id=1900&type=21&tx_pwaevent_pi1%5Baction%5D=ladders&tx_pwaevent_pi1%5BshowUid%5D=287
https://www.pwaworldtour.com/index.php?id=38&tx_pwaevent_pi1%5BshowUid%5D=288&cHash=279f6bdb5eba0202a63126f9db5064c8,2019 Tenerife PWA World Cup,2208,"['601', '602']",288,"['Mens 2019 Tenerife PWA World Cup Mens Wave elimination', 'Womens 2019 Tenerife PWA World Cup Women Wave elimination']",2019,Completed events,https://www.pwaworldtour.com/index.php?id=1900&type=21&tx_pwaevent_pi1%5Baction%5D=ladders&tx_pwaevent_pi1%5BshowUid%5D=288
https://www.pwaworldtour.com/index.php?id=38&tx_pwaevent_pi1%5BshowUid%5D=289&cHash=f771957e29cf7ecd18d6bec6d4b9fc40,"2019 Waterz Festival, Hvide Sande, Denmark",2208,"['621', '623', '622', '619', '620', '617', '618', '615', '616', '612', '614', '610', '613', '611', '609', '607', '608', '606', '605', '604', '603']",289,"['2019 Waterz Festival, Hvide Sande, Denmark Mens Slalom Elimination 9', '2019 Waterz Festival, Hvide Sande, Denmark Womens Slalom Elimination 11', '2019 Waterz Festival, Hvide Sande, Denmark Womens Slalom Elimination 10', '2019 Waterz Festival, Hvide Sande, Denmark Mens Slalom Elimination 8', '2019 Waterz Festival, Hvide Sande, Denmark Womens Slalom Elimination 9', '2019 Waterz Festival, Hvide Sande, Denmark Mens Slalom Elimination 7', '2019 Waterz Festival, Hvide Sande, Denmark Womens Slalom Elimination 8', '2019 Waterz Festival, Hvide Sande, Denmark Mens Slalom Elimination 6', '2019 Waterz Festival, Hvide Sande, Denmark Womens Slalom Elimination 7', '2019 Waterz Festival, Hvide Sande, Denmark Mens Slalom Elimination 5', '2019 Waterz Festival, Hvide Sande, Denmark Womens Slalom Elimination 6', '2019 Waterz Festival, Hvide Sande, Denmark Womens Slalom Elimination 5', '2019 Waterz Festival, Hvide Sande, Denmark Womens Slalom Elimination 6', '2019 Waterz Festival, Hvide Sande, Denmark Mens Slalom Elimination 4', '2019 Waterz Festival, Hvide Sande, Denmark Womens Slalom Elimination 4', '2019 Waterz Festival, Hvide Sande, Denmark Mens Slalom Elimination 3', '2019 Waterz Festival, Hvide Sande, Denmark Womens Slalom Elimination 3', '2019 Waterz Festival, Hvide Sande, Denmark Mens Slalom Elimination 2', '2019 Waterz Festival, Hvide Sande, Denmark Womens Slalom Elimination 2', '2019 Waterz Festival, Hvide Sande, Denmark Womens Slalom Elimination 1', '2019 Waterz Festival, Hvide Sande, Denmark Mens Slalom Elimination 1']",2019,Completed events,https://www.pwaworldtour.com/index.php?id=1900&type=21&tx_pwaevent_pi1%5Baction%5D=ladders&tx_pwaevent_pi1%5BshowUid%5D=289
https://www.pwaworldtour.com/index.php?id=38&tx_pwaevent_pi1%5BshowUid%5D=291&cHash=1fb8687881e6356a95cd1858c9350fc4,2019 Mercedes-Benz World Cup Sylt,2208,"['639', '638', '637', '636', '635', '634', '633', '632', '631', '630', '629', '628', '627', '626', '624', '625']",291,"['2019 Mercedes-Benz World Cup Sylt Mens Foil Elimination 10', '2019 Mercedes-Benz World Cup Sylt Mens Foil Elimination 9', '2019 Mercedes-Benz World Cup Sylt Mens Foil Elimination 8', '2019 Mercedes-Benz World Cup Sylt Mens Foil Elimination 7', '2019 Mercedes-Benz World Cup Sylt Mens Foil Elimination 6', '2019 Mercedes-Benz World Cup Sylt Mens Foil Elimination 5', '2019 Mercedes-Benz World Cup Sylt Mens Foil Elimination 4', '2019 Mercedes-Benz World Cup Sylt Mens Foil Elimination 3', '2019 Mercedes-Benz World Cup Sylt Mens Foil Elimination 2', '2019 Mercedes-Benz World Cup Sylt Mens Foil Elimination 1', 'Mens 2019 Mercedes-Benz World Cup Sylt Mens Freestyle elimination 1(double)', 'Mens 2019 Mercedes-Benz World Cup Sylt Mens Wave elimination double elimination', 'Womens 2019 Mercedes-Benz World Cup Sylt Women Wave elimination double elimination', 'Mens 2019 Mercedes-Benz World Cup Sylt Mens Wave elimination', 'Mens 2019 Mercedes-Benz World Cup Sylt Mens Freestyle elimination 1', 'Womens 2019 Mercedes-Benz World Cup Sylt Women Wave elimination']",2019,Completed events,https://www.pwaworldtour.com/index.php?id=1900&type=21&tx_pwaevent_pi1%5Baction%5D=ladders&tx_pwaevent_pi1%5BshowUid%5D=291
https://www.pwaworldtour.com/index.php?id=38&tx_pwaevent_pi1%5BshowUid%5D=292&cHash=cc058d18cbcc3264d63d7f813c1a2a19,2019 Mercedes-Benz Aloha Classic,2208,"['642', '643', '641', '640']",292,"['Mens 2019 Maui Aloha Classic Mens Wave elimination double elimination', 'Womens 2019 Maui Aloha Classic Women Wave elimination double elimination', 'Mens 2019 Maui Aloha Classic Mens Wave elimination', 'Womens 2019 Maui Aloha Classic Women Wave elimination']",2019,Completed events,https://www.pwaworldtour.com/index.php?id=1900&type=21&tx_pwaevent_pi1%5Baction%5D=ladders&tx_pwaevent_pi1%5BshowUid%5D=292
https://www.pwaworldtour.com/index.php?id=38&tx_pwaevent_pi1%5BshowUid%5D=293&cHash=9a1388d6d8716b273247f0040873b7d0,2019 Bureau Vallée Dream Cup,2208,"['667', '668', '665', '666', '664', '663', '661', '662', '659', '660', '658', '657', '655', '656', '653', '654', '651', '652', '649', '650', '647', '648']",293,"['2019 Noumea Dream Cup Mens Slalom Elimination 11', '2019 Noumea Dream Cup Womens Slalom Elimination 11', '2019 Noumea Dream Cup Mens Slalom Elimination 10', '2019 Noumea Dream Cup Womens Slalom Elimination 10', '2019 Noumea Dream Cup Mens Slalom Elimination 9', '2019 Noumea Dream Cup Womens Slalom Elimination 9', '2019 Noumea Dream Cup Mens Slalom Elimination 8', '2019 Noumea Dream Cup Womens Slalom Elimination 8', '2019 Noumea Dream Cup Mens Slalom Elimination 7', '2019 Noumea Dream Cup Womens Slalom Elimination 7', '2019 Noumea Dream Cup Mens Slalom Elimination 6', '2019 Noumea Dream Cup Womens Slalom Elimination 6', '2019 Noumea Dream Cup Womens Slalom Elimination 5', '2019 Noumea Dream Cup Mens Slalom Elimination 5', '2019 Noumea Dream Cup Mens Slalom Elimination 4', '2019 Noumea Dream Cup Womens Slalom Elimination 4', '2019 Noumea Dream Cup Mens Slalom Elimination 3', '2019 Noumea Dream Cup Womens Slalom Elimination 3', '2019 Noumea Dream Cup Mens Slalom Elimination 2', '2019 Noumea Dream Cup Womens Slalom Elimination 2', '2019 Noumea Dream Cup Mens Slalom Elimination 1', '2019 Noumea Dream Cup Womens Slalom Elimination 1']",2019,Completed events,https://www.pwaworldtour.com/index.php?id=1900&type=21&tx_pwaevent_pi1%5Baction%5D=ladders&tx_pwaevent_pi1%5BshowUid%5D=293
https://www.pwaworldtour.com/index.php?id=38&tx_pwaevent_pi1%5BshowUid%5D=279&cHash=66c144d5e94db7452f8b54bda7247dae,Morocco,2180,"['425', '423']",279,"['Womens 2018 Morocco Women Wave elimination double elimination', 'Womens 2018 Morocco Women Wave elimination']",2018,Completed events,https://www.pwaworldtour.com/index.php?id=1900&type=21&tx_pwaevent_pi1%5Baction%5D=ladders&tx_pwaevent_pi1%5BshowUid%5D=279
https://www.pwaworldtour.com/index.php?id=38&tx_pwaevent_pi1%5BshowUid%5D=271&cHash=8b6a93de44264aa738854cc5ad8ed084,"Fly! ANA Windsurf World Cup, Yokosuka Japan",2180,"['439', '438', '431', '437', '435', '429', '434', '432']",271,"['2018 Fly! ANA Windsurf World Cup, Yokosuka Japan Mens Foil Elimination 4', '2018 Fly! ANA Windsurf World Cup, Yokosuka Japan Mens Foil Elimination 3', '2018 Fly! ANA Windsurf World Cup, Yokosuka Japan Mens Slalom Elimination 1', '2018 Fly! ANA Windsurf World Cup, Yokosuka Japan Mens Slalom Elimination 2', '2018 Fly! ANA Windsurf World Cup, Yokosuka Japan Womens Slalom Elimination 2', '2018 Fly! ANA Windsurf World Cup, Yokosuka Japan Womens Slalom Elimination 1', '2018 Fly! ANA Windsurf World Cup, Yokosuka Japan Mens Foil Elimination 2', '2018 Fly! ANA Windsurf World Cup, Yokosuka Japan Mens Foil Elimination 1']",2018,Completed events,https://www.pwaworldtour.com/index.php?id=1900&type=21&tx_pwaevent_pi1%5Baction%5D=ladders&tx_pwaevent_pi1%5BshowUid%5D=271
https://www.pwaworldtour.com/index.php?id=38&tx_pwaevent_pi1%5BshowUid%5D=272&cHash=740c68295cf2d589982231a90e347a2b,Korea,2180,"['459', '458', '457', '456', '455', '452', '453', '450', '451', '449', '448', '444', '447', '446', '445', '443']",272,"['2018 Korea Mens Foil Elimination 4', '2018 Korea Mens Foil Elimination 3', '2018 Korea Mens Foil Elimination 2', '2018 Korea Mens Foil Elimination 1', '2018 Korea Womens Slalom Elimination 7', '2018 Korea Mens Slalom Elimination 5', '2018 Korea Womens Slalom Elimination 6', '2018 Korea Mens Slalom Elimination 4', '2018 Korea Womens Slalom Elimination 5', '2018 Korea Mens Slalom Elimination 3', '2018 Korea Womens Slalom Elimination 4', '2018 Korea Mens Slalom Elimination 2', '2018 Korea Womens Slalom Elimination 3', '2018 Korea Womens Slalom Elimination 2', '2018 Korea Womens Slalom Elimination 1', '2018 Korea Mens Slalom Elimination 1']",2018,Completed events,https://www.pwaworldtour.com/index.php?id=1900&type=21&tx_pwaevent_pi1%5Baction%5D=ladders&tx_pwaevent_pi1%5BshowUid%5D=272
https://www.pwaworldtour.com/index.php?id=38&tx_pwaevent_pi1%5BshowUid%5D=273&cHash=187fb87c9e5fca517082df56c4f735b7,Costa Brava,2180,"['474', '473', '472', '471', '470', '460', '468', '467', '466', '465', '464', '463', '462']",273,"['2018 Costa Brava Mens Foil Elimination 11', '2018 Costa Brava Mens Foil Elimination 10', '2018 Costa Brava Mens Foil Elimination 9', '2018 Costa Brava Mens Foil Elimination 8', '2018 Costa Brava Mens Slalom Elimination 2', '2018 Costa Brava Mens Slalom Elimination 1', '2018 Costa Brava Mens Foil Elimination 7', '2018 Costa Brava Mens Foil Elimination 6', '2018 Costa Brava Mens Foil Elimination 5', '2018 Costa Brava Mens Foil Elimination 4', '2018 Costa Brava Mens Foil Elimination 3', '2018 Costa Brava Mens Foil Elimination 2', '2018 Costa Brava Mens Foil Elimination 1']",2018,Completed events,https://www.pwaworldtour.com/index.php?id=1900&type=21&tx_pwaevent_pi1%5Baction%5D=ladders&tx_pwaevent_pi1%5BshowUid%5D=273
https://www.pwaworldtour.com/index.php?id=38&tx_pwaevent_pi1%5BshowUid%5D=274&cHash=6315fc3bb4022212d8c49092191d069f,Portugal,2180,"['495', '497', '496', '492', '493', '494', '490', '491', '489', '487', '483', '485', '484', '481', '482', '479', '480', '478', '477', '476', '475']",274,"['2018 Portugal Mens Slalom Elimination 8', 'Womens 2018 Portugal Womens Freestyle elimination 3', '2018 Portugal Womens Slalom Elimination 8', '2018 Portugal Mens Slalom Elimination 7', '2018 Portugal Womens Slalom Elimination 7', 'Womens 2018 Portugal Womens Freestyle elimination 2(double)', '2018 Portugal Womens Slalom Elimination 6', '2018 Portugal Mens Slalom Elimination 6', '2018 Portugal Mens Slalom Elimination 5', '2018 Portugal Womens Slalom Elimination 5', 'Womens 2018 Portugal Womens Freestyle elimination 2', '2018 Portugal Mens Slalom Elimination 4', '2018 Portugal Womens Slalom Elimination 4', '2018 Portugal Mens Slalom Elimination 3', '2018 Portugal Womens Slalom Elimination 3', '2018 Portugal Womens Slalom Elimination 2', '2018 Portugal Mens Slalom Elimination 2', '2018 Portugal Mens Slalom Elimination 1', '2018 Portugal Womens Slalom Elimination 1', 'Womens 2018 Portugal Womens Freestyle elimination 1(double)', 'Womens 2018 Portugal Womens Freestyle elimination 1']",2018,Completed events,https://www.pwaworldtour.com/index.php?id=1900&type=21&tx_pwaevent_pi1%5Baction%5D=ladders&tx_pwaevent_pi1%5BshowUid%5D=274
https://www.pwaworldtour.com/index.php?id=38&tx_pwaevent_pi1%5BshowUid%5D=275&cHash=a011a7cd90622e225e04834af776a897,Gran Canaria,2180,"['500', '501', '498', '499']",275,"['Mens 2018 Gran Canaria Mens Wave elimination double elimination', 'Womens 2018 Gran Canaria Women Wave elimination double elimination', 'Womens 2018 Gran Canaria Women Wave elimination', 'Mens 2018 Gran Canaria Mens Wave elimination']",2018,Completed events,https://www.pwaworldtour.com/index.php?id=1900&type=21&tx_pwaevent_pi1%5Baction%5D=ladders&tx_pwaevent_pi1%5BshowUid%5D=275
https://www.pwaworldtour.com/index.php?id=38&tx_pwaevent_pi1%5BshowUid%5D=276&cHash=b2ff648502389d9907a4f1baff50b000,Fuerteventura,2180,"['510', '509', '508', '507', '506', '505', '504', '502', '503']",276,"['2018 Fuerteventura Mens Slalom Elimination 5', '2018 Fuerteventura Mens Slalom Elimination 4', '2018 Fuerteventura Mens Slalom Elimination 3', '2018 Fuerteventura Mens Slalom Elimination 2', '2018 Fuerteventura Mens Slalom Elimination 1', 'Womens 2018 Fuerteventura Womens Freestyle elimination 1(double)', 'Mens 2018 Fuerteventura Mens Freestyle elimination 1(double)', 'Mens 2018 Fuerteventura Mens Freestyle elimination 1', 'Womens 2018 Fuerteventura Womens Freestyle elimination 1']",2018,Completed events,https://www.pwaworldtour.com/index.php?id=1900&type=21&tx_pwaevent_pi1%5Baction%5D=ladders&tx_pwaevent_pi1%5BshowUid%5D=276
https://www.pwaworldtour.com/index.php?id=38&tx_pwaevent_pi1%5BshowUid%5D=277&cHash=d78002b0587a46dad91ac0b7d4a59ae8,Tenerife,2180,"['514', '513', '512', '511']",277,"['Womens 2018 Tenerife Women Wave elimination double elimination', 'Mens 2018 Tenerife Mens Wave elimination double elimination', 'Mens 2018 Tenerife Mens Wave elimination', 'Womens 2018 Tenerife Women Wave elimination']",2018,Completed events,https://www.pwaworldtour.com/index.php?id=1900&type=21&tx_pwaevent_pi1%5Baction%5D=ladders&tx_pwaevent_pi1%5BshowUid%5D=277
https://www.pwaworldtour.com/index.php?id=38&tx_pwaevent_pi1%5BshowUid%5D=278&cHash=3d18b0f380e7f3f57b7b10393a7b7f63,Mercedes-Benz World Cup Sylt,2180,"['527', '526', '525', '517', '524', '523', '515', '516', '522', '521', '518', '520', '519']",278,"['2018 Mercedes-Benz World Cup Sylt Mens Slalom Elimination 3', '2018 Mercedes-Benz World Cup Sylt Mens Foil Elimination 3', 'Mens 2018 Mercedes-Benz World Cup Sylt Mens Freestyle elimination 1(double)', 'Mens 2018 Mercedes-Benz World Cup Sylt Mens Freestyle elimination 1', 'Womens 2018 Mercedes-Benz World Cup Sylt Women Wave elimination double elimination', 'Mens 2018 Mercedes-Benz World Cup Sylt Mens Wave elimination double elimination', 'Womens 2018 Mercedes-Benz World Cup Sylt Women Wave elimination', 'Mens 2018 Mercedes-Benz World Cup Sylt Mens Wave elimination', '2018 Mercedes-Benz World Cup Sylt Mens Slalom Elimination 3', '2018 Mercedes-Benz World Cup Sylt Mens Slalom Elimination 2', '2018 Mercedes-Benz World Cup Sylt Mens Slalom Elimination 1', '2018 Mercedes-Benz World Cup Sylt Mens Foil Elimination 2', '2018 Mercedes-Benz World Cup Sylt Mens Foil Elimination 1']",2018,Completed events,https://www.pwaworldtour.com/index.php?id=1900&type=21&tx_pwaevent_pi1%5Baction%5D=ladders&tx_pwaevent_pi1%5BshowUid%5D=278
https://www.pwaworldtour.com/index.php?id=38&tx_pwaevent_pi1%5BshowUid%5D=261&cHash=3708739a95f1087a43d1dac095d0ccfb,Korea,2151,"['316', '320', '319']",261,"['2017 Korea Mens Slalom Elimination 1', '2017 Korea Womens Slalom Elimination 2', '2017 Korea Womens Slalom Elimination 1']",2017,Completed events,https://www.pwaworldtour.com/index.php?id=1900&type=21&tx_pwaevent_pi1%5Baction%5D=ladders&tx_pwaevent_pi1%5BshowUid%5D=261
https://www.pwaworldtour.com/index.php?id=38&tx_pwaevent_pi1%5BshowUid%5D=262&cHash=fbf653331eb5956bd037ffcbc1fe8305,"Fly! ANA Windsurfing World Cup, Yokosuka, Japan",2151,"['417', '416', '415', '414', '413', '325', '324', '322', '321']",262,"['2017 Japan Mens Foil Elimination 7', '2017 Japan Mens Foil Elimination 6', '2017 Japan Mens Foil Elimination 5', '2017 Japan Mens Foil Elimination 4', '2017 Japan Mens Foil Elimination 3', '2017 Fly! ANA Windsurfing World Cup, Yokosuka, Japan Mens Slalom Elimination 2', '2017 Fly! ANA Windsurfing World Cup, Yokosuka, Japan Womens Slalom Elimination 2', '2017 Fly! ANA Windsurfing World Cup, Yokosuka, Japan Mens Slalom Elimination 1', '2017 Fly! ANA Windsurfing World Cup, Yokosuka, Japan Womens Slalom Elimination 1']",2017,Completed events,https://www.pwaworldtour.com/index.php?id=1900&type=21&tx_pwaevent_pi1%5Baction%5D=ladders&tx_pwaevent_pi1%5BshowUid%5D=262
https://www.pwaworldtour.com/index.php?id=38&tx_pwaevent_pi1%5BshowUid%5D=263&cHash=2af9465f4a328731bc654906339c917d,"Catalunya, Costa Brava PWA World Cup + Foil Race",2151,"['422', '421', '420', '419', '418', '333', '332', '331', '330', '329', '328', '327', '326']",263,"['2017 Costa Brava Mens Foil Elimination 5', '2017 Costa Brava Mens Foil Elimination 4', '2017 Costa Brava Mens Foil Elimination 3', '2017 Costa Brava Mens Foil Elimination 2', '2017 Costa Brava Mens Foil Elimination 1', '2017 Costa Brava Mens Slalom Elimination 8', '2017 Costa Brava Mens Slalom Elimination 7', '2017 Costa Brava Mens Slalom Elimination 6', '2017 Costa Brava Mens Slalom Elimination 5', '2017 Costa Brava Mens Slalom Elimination 4', '2017 Costa Brava Mens Slalom Elimination 3', '2017 Costa Brava Mens Slalom Elimination 2', '2017 Costa Brava Mens Slalom Elimination 1']",2017,Completed events,https://www.pwaworldtour.com/index.php?id=1900&type=21&tx_pwaevent_pi1%5Baction%5D=ladders&tx_pwaevent_pi1%5BshowUid%5D=263
https://www.pwaworldtour.com/index.php?id=38&tx_pwaevent_pi1%5BshowUid%5D=264&cHash=60af7dbac52a36795726e39a3940dcdf,Gran Canaria,2151,"['339', '340', '337', '338']",264,"['Womens 2017 Gran Canaria Women Wave elimination double elimination', 'Mens 2017 Gran Canaria Mens Wave elimination double elimination', 'Mens 2017 Gran Canaria Mens Wave elimination', 'Womens 2017 Gran Canaria Women Wave elimination']",2017,Completed events,https://www.pwaworldtour.com/index.php?id=1900&type=21&tx_pwaevent_pi1%5Baction%5D=ladders&tx_pwaevent_pi1%5BshowUid%5D=264
https://www.pwaworldtour.com/index.php?id=38&tx_pwaevent_pi1%5BshowUid%5D=265&cHash=60b963ba35208fb991757e52115c0a53,Fuerteventura,2151,"['354', '355', '353', '352', '351', '350', '349', '348', '347', '346', '344', '345', '343', '341', '342']",265,"['2017 Fuerteventura Mens Slalom Elimination 8', '2017 Fuerteventura Mens Slalom Elimination 9', '2017 Fuerteventura Mens Slalom Elimination 7', '2017 Fuerteventura Mens Slalom Elimination 6', '2017 Fuerteventura Mens Slalom Elimination 5', '2017 Fuerteventura Mens Slalom Elimination 4', '2017 Fuerteventura Mens Slalom Elimination 3', '2017 Fuerteventura Mens Slalom Elimination 2', '2017 Fuerteventura Mens Slalom Elimination 1', 'Womens 2017 Fuerteventura Womens Freestyle elimination 2(double)', 'Mens 2017 Fuerteventura Mens Freestyle elimination 1(double)', 'Womens 2017 Fuerteventura Womens Freestyle elimination 2', 'Womens 2017 Fuerteventura Womens Freestyle elimination 1(double)', 'Mens 2017 Fuerteventura Mens Freestyle elimination 1', 'Womens 2017 Fuerteventura Womens Freestyle elimination 1']",2017,Completed events,https://www.pwaworldtour.com/index.php?id=1900&type=21&tx_pwaevent_pi1%5Baction%5D=ladders&tx_pwaevent_pi1%5BshowUid%5D=265
https://www.pwaworldtour.com/index.php?id=38&tx_pwaevent_pi1%5BshowUid%5D=266&cHash=ca589f52071d421a8009ccfa63d5b240,Tenerife,2151,"['359', '360', '356', '358']",266,"['Womens 2017 Tenerife Women Wave elimination double elimination', 'Mens 2017 Tenerife Mens Wave elimination double elimination', 'Mens 2017 Tenerife Mens Wave elimination', 'Womens 2017 Tenerife Women Wave elimination']",2017,Completed events,https://www.pwaworldtour.com/index.php?id=1900&type=21&tx_pwaevent_pi1%5Baction%5D=ladders&tx_pwaevent_pi1%5BshowUid%5D=266
https://www.pwaworldtour.com/index.php?id=38&tx_pwaevent_pi1%5BshowUid%5D=267&cHash=f33f8ea9faec0410518266724fa131fe,"Waterz Festival, Hvide Sande, Denmark",2151,"['374', '373', '372', '371', '370', '369', '368', '367', '366', '365', '364', '363', '361', '362']",267,"['2017 Hvide Sande Mens Slalom Elimination 7', '2017 Hvide Sande Womens Slalom Elimination 7', '2017 Hvide Sande Mens Slalom Elimination 6', '2017 Hvide Sande Womens Slalom Elimination 6', '2017 Hvide Sande Mens Slalom Elimination 5', '2017 Hvide Sande Womens Slalom Elimination 5', '2017 Hvide Sande Mens Slalom Elimination 4', '2017 Hvide Sande Womens Slalom Elimination 4', '2017 Hvide Sande Mens Slalom Elimination 3', '2017 Hvide Sande Womens Slalom Elimination 3', '2017 Hvide Sande Mens Slalom Elimination 2', '2017 Hvide Sande Womens Slalom Elimination 2', '2017 Hvide Sande Mens Slalom Elimination 1', '2017 Hvide Sande Womens Slalom Elimination 1']",2017,Completed events,https://www.pwaworldtour.com/index.php?id=1900&type=21&tx_pwaevent_pi1%5Baction%5D=ladders&tx_pwaevent_pi1%5BshowUid%5D=267
https://www.pwaworldtour.com/index.php?id=38&tx_pwaevent_pi1%5BshowUid%5D=268&cHash=8100ba3a663cdc201537b161dac23c34,Mercedes-Benz World Cup Sylt,2151,"['387', '386', '376', '384', '385', '375', '378', '383', '381', '377', '380', '379']",268,"['2017 Mercedes-Benz World Cup Sylt Mens Foil Elimination 3', 'Womens 2017 Mercedes-Benz World Cup Sylt Women Wave elimination double elimination', 'Womens 2017 Mercedes-Benz World Cup Sylt Women Wave elimination', 'Mens 2017 Mercedes-Benz World Cup Sylt Mens Freestyle elimination 1(double)', 'Mens 2017 Mercedes-Benz World Cup Sylt Mens Wave elimination double elimination', 'Mens 2017 Mercedes-Benz World Cup Sylt Mens Wave elimination', 'Mens 2017 Mercedes-Benz World Cup Sylt Mens Freestyle elimination 1', '2017 Mercedes-Benz World Cup Sylt Mens Slalom Elimination 3', '2017 Mercedes-Benz World Cup Sylt Mens Slalom Elimination 2', '2017 Mercedes-Benz World Cup Sylt Mens Slalom Elimination 1', '2017 Mercedes-Benz World Cup Sylt Mens Foil Elimination 2', '2017 Mercedes-Benz World Cup Sylt Mens Foil Elimination 1']",2017,Completed events,https://www.pwaworldtour.com/index.php?id=1900&type=21&tx_pwaevent_pi1%5Baction%5D=ladders&tx_pwaevent_pi1%5BshowUid%5D=268
https://www.pwaworldtour.com/index.php?id=38&tx_pwaevent_pi1%5BshowUid%5D=270&cHash=a82022dd91c290fedfaae6ba06fbe67b,Noumea Dream Cup,2151,"['412', '411', '407', '410', '409', '401', '408', '400', '406', '405', '404', '403', '402', '398', '399', '397', '391', '396', '395', '394', '393', '390', '392', '388', '389']",270,"['2017 Noumea Dream Cup Mens Foil Elimination 9', '2017 Noumea Dream Cup Mens Foil Elimination 8', '2017 Noumea Dream Cup Mens Foil Elimination 7', '2017 Noumea Dream Cup Mens Slalom Elimination 7', '2017 Noumea Dream Cup Womens Slalom Elimination 9', '2017 Noumea Dream Cup Mens Slalom Elimination 6', '2017 Noumea Dream Cup Womens Slalom Elimination 8', '2017 Noumea Dream Cup Womens Slalom Elimination 7', '2017 Noumea Dream Cup Mens Foil Elimination 6', '2017 Noumea Dream Cup Mens Foil Elimination 5', '2017 Noumea Dream Cup Mens Foil Elimination 4', '2017 Noumea Dream Cup Mens Foil Elimination 3', '2017 Noumea Dream Cup Mens Foil Elimination 2', '2017 Noumea Dream Cup Mens Slalom Elimination 5', '2017 Noumea Dream Cup Womens Slalom Elimination 6', '2017 Noumea Dream Cup Womens Slalom Elimination 5', '2017 Noumea Dream Cup Mens Foil Elimination 1', '2017 Noumea Dream Cup Mens Slalom Elimination 4', '2017 Noumea Dream Cup Womens Slalom Elimination 4', '2017 Noumea Dream Cup Mens Slalom Elimination 3', '2017 Noumea Dream Cup Womens Slalom Elimination 3', '2017 Noumea Dream Cup Mens Slalom Elimination 2', '2017 Noumea Dream Cup Womens Slalom Elimination 2', '2017 Noumea Dream Cup Mens Slalom Elimination 1', '2017 Noumea Dream Cup Womens Slalom Elimination 1']",2017,Completed events,https://www.pwaworldtour.com/index.php?id=1900&type=21&tx_pwaevent_pi1%5Baction%5D=ladders&tx_pwaevent_pi1%5BshowUid%5D=270
https://www.pwaworldtour.com/index.php?id=38&tx_pwaevent_pi1%5BshowUid%5D=246&cHash=ae869f24566b18215e3cf9daa3f2dec4,"Podersdorf, Austria",2114,"['253', '252', '251', '242']",246,"['Mens Austria freestyle elimination 2', 'Mens Austria freestyle elimination 1(double)', 'Mens Austria freestyle elimination 1(double)', 'Mens Austria freestyle elimination 1']",2016,Completed events,https://www.pwaworldtour.com/index.php?id=1900&type=21&tx_pwaevent_pi1%5Baction%5D=ladders&tx_pwaevent_pi1%5BshowUid%5D=246
https://www.pwaworldtour.com/index.php?id=38&tx_pwaevent_pi1%5BshowUid%5D=247&cHash=a6cac26475d1d3371463c2702a5a0ebf,"Ulsan, Korea",2114,"['260', '259', '256', '258']",247,"['Korea Mens Slalom Elimination 2', 'Korea Womens Slalom Elimination 2', 'Korea Womens Slalom Elimination 1', 'Korea Mens Slalom Elimination 1']",2016,Completed events,https://www.pwaworldtour.com/index.php?id=1900&type=21&tx_pwaevent_pi1%5Baction%5D=ladders&tx_pwaevent_pi1%5BshowUid%5D=247
https://www.pwaworldtour.com/index.php?id=38&tx_pwaevent_pi1%5BshowUid%5D=249&cHash=662ac62c4d4164ecae5f9df8ce5f972f,"Costa Brava, Spain",2114,"['262', '261']",249,"['Costa Brava Mens Slalom Elimination 2', 'Costa Brava Mens Slalom Elimination 1']",2016,Completed events,https://www.pwaworldtour.com/index.php?id=1900&type=21&tx_pwaevent_pi1%5Baction%5D=ladders&tx_pwaevent_pi1%5BshowUid%5D=249
https://www.pwaworldtour.com/index.php?id=38&tx_pwaevent_pi1%5BshowUid%5D=250&cHash=7ed612ace28a6a0e2b122a6e45682438,"Pozo Izquierdo, Gran Canaria",2114,"['265', '266', '263', '264']",250,"['Mens Gran Canaria Mens Wave elimination double elimination', 'Womens Gran Canaria Women Wave elimination double elimination', 'Mens Gran Canaria Mens Wave elimination', 'Womens Gran Canaria Women Wave elimination']",2016,Completed events,https://www.pwaworldtour.com/index.php?id=1900&type=21&tx_pwaevent_pi1%5Baction%5D=ladders&tx_pwaevent_pi1%5BshowUid%5D=250
https://www.pwaworldtour.com/index.php?id=38&tx_pwaevent_pi1%5BshowUid%5D=251&cHash=ef97ef23c051d614c2af1b30b35bf43c,"Sotavento, Fuerteventura",2114,"['283', '282', '281', '280', '279', '278', '277', '276', '275', '274', '273', '272', '270', '269', '267', '268']",251,"['Fuerteventura Mens Slalom Elimination 9', 'Fuerteventura Mens Slalom Elimination 8', 'Fuerteventura Mens Slalom Elimination 7', 'Fuerteventura Mens Slalom Elimination 6', 'Fuerteventura Mens Slalom Elimination 5', 'Fuerteventura Mens Slalom Elimination 4', 'Fuerteventura Mens Slalom Elimination 3', 'Fuerteventura Mens Slalom Elimination 2', 'Fuerteventura Mens Slalom Elimination 1', 'Womens Fuerteventura Womens Freestyle elimination 2(double)', 'Womens Fuerteventura Womens Freestyle elimination 2', 'Mens Fuerteventura Mens Freestyle elimination 2', 'Mens Fuerteventura mens freestyle elimination 1(double)', 'Womens Fuerteventura womens freestyle elimination 1(double)', 'Mens Fuerteventura mens freestyle elimination 1', 'Womens Fuerteventura womens freestyle elimination 1']",2016,Completed events,https://www.pwaworldtour.com/index.php?id=1900&type=21&tx_pwaevent_pi1%5Baction%5D=ladders&tx_pwaevent_pi1%5BshowUid%5D=251
https://www.pwaworldtour.com/index.php?id=38&tx_pwaevent_pi1%5BshowUid%5D=252&cHash=22b72835d905a72357024a204012c1dd,"El Medano, Tenerife",2114,"['287', '286', '285', '284']",252,"['Mens Tenerife Mens Wave elimination double elimination', 'Womens Tenerife Women Wave elimination double elimination', 'Mens Tenerife Mens Wave elimination', 'Womens Tenerife Women Wave elimination']",2016,Completed events,https://www.pwaworldtour.com/index.php?id=1900&type=21&tx_pwaevent_pi1%5Baction%5D=ladders&tx_pwaevent_pi1%5BshowUid%5D=252
https://www.pwaworldtour.com/index.php?id=38&tx_pwaevent_pi1%5BshowUid%5D=254&cHash=1a91a1d354046e1f9d52cf759abce37b,"Hvide Sande, Denmark",2114,"['294', '293', '290', '292', '289', '291', '288']",254,"['Denmark, Hvide Sande Mens Slalom Elimination 3', 'Denmark, Hvide Sande Womens Slalom Elimination 3', 'Denmark, Hvide Sande Mens Slalom Elimination 2', 'Denmark, Hvide Sande Womens Slalom Elimination 2', 'Denmark, Hvide Sande Womens Slalom Elimination 1', 'Denmark, Hvide Sande Womens Slalom Elimination 2', 'Denmark, Hvide Sande Mens Slalom Elimination 1']",2016,Completed events,https://www.pwaworldtour.com/index.php?id=1900&type=21&tx_pwaevent_pi1%5Baction%5D=ladders&tx_pwaevent_pi1%5BshowUid%5D=254
https://www.pwaworldtour.com/index.php?id=38&tx_pwaevent_pi1%5BshowUid%5D=256&cHash=e665ec90d2ac3822cac4d3b214b2d1a3,Mercedes-Benz World Cup Sylt,2114,"['307', '303', '306', '300', '305', '304', '302', '301', '297', '298', '299', '296']",256,"['Sylt Mens Slalom Elimination 5', 'Mens Sylt Mens Freestyle elimination 1(double)', 'Sylt Mens Slalom Elimination 4', 'Mens Sylt Mens Freestyle elimination 1', 'Sylt Mens Slalom Elimination 3', 'Sylt Mens Slalom Elimination 2', 'Sylt Mens Slalom Elimination 1', 'Sylt Mens Slalom Elimination 1', 'Mens Sylt Mens Wave elimination', 'Womens Sylt Women Wave elimination double elimination', 'Mens Sylt Mens Wave elimination double elimination', 'Womens Sylt Women Wave elimination']",2016,Completed events,https://www.pwaworldtour.com/index.php?id=1900&type=21&tx_pwaevent_pi1%5Baction%5D=ladders&tx_pwaevent_pi1%5BshowUid%5D=256
https://www.pwaworldtour.com/index.php?id=38&tx_pwaevent_pi1%5BshowUid%5D=257&cHash=52ee803369fb0b2531d3d47a71a6d7a7,"La Torche, France (wave & Slalom)",2114,"['311', '309', '308']",257,"['France, La Torche Mens Slalom Elimination 1', 'Mens France, La Torche Mens Wave elimination', 'Womens France, La Torche Women Wave elimination']",2016,Completed events,https://www.pwaworldtour.com/index.php?id=1900&type=21&tx_pwaevent_pi1%5Baction%5D=ladders&tx_pwaevent_pi1%5BshowUid%5D=257
https://www.pwaworldtour.com/index.php?id=38&tx_pwaevent_pi1%5BshowUid%5D=258&cHash=7c8a99dcdb6f596f416e923c85626935,NoveNove Maui Aloha Classic,2114,"['315', '314', '313', '312']",258,"['Womens Maui Women Wave elimination double elimination', 'Mens Maui Mens Wave elimination double elimination', 'Womens Maui Women Wave elimination', 'Mens Maui Mens Wave elimination']",2016,Completed events,https://www.pwaworldtour.com/index.php?id=1900&type=21&tx_pwaevent_pi1%5Baction%5D=ladders&tx_pwaevent_pi1%5BshowUid%5D=258
