iwt_id,iwt_name,iwt_image,iwt_dob,iwt_nationality,iwt_yob,iwt_alt_id
1050501,Aaron Constable,https://www.liveheats.com/images/ad27e140-356f-40bb-8b7e-be20b9a000be.webp,,Australia,,
775158,Abdelfettah Karkar,,,,,
1103762,Abraham Derks,,,,,
1598005,Adam Chester,,,,,
1165485,Adam Gavriel,,1990-03-22,Israel,1990.0,
1598047,Adam Hoey,,,,,
1111071,Adam Lobwein,,,,,
1050467,Adam Pitcher,,,Australia,,
530552,Adam Warchol,https://www.liveheats.com/images/68fbd978-38bf-4018-86c3-4185fd1936b7.webp,,Poland,,
1337275,Adrian Levy,https://liveheats.com/images/56fa3d5d-fe48-4496-9b81-e50c67c6b230.webp,1973-09-20,Australia,1973.0,
1050507,Adrien Bosson,https://www.liveheats.com/images/b7cc017d-80d6-4bc0-97ea-124229cef431.webp,,,,
1598039,Adrzej Sikor,,,,,
566407,Agustin Sanchez,,,,,
1638131,Aiden Grove,,,,,
776685,Ajie ,,,"Taiwan, Province of China",,
775612,Ajininar Marwan,,,Morocco,,
1111072,Akim Halank,,,,,
1289263,Alain Heurtault,,,,,
1399573,Alan Jackson,,,,,
1277959,Alberto Romero,,,Spain,,
1247163,Alberto Schilling,,,,,
776575,Albir Agresar,,,,,
1247162,Alejandro Agustoni,,,,,
1247148,Alejandro Bergia,,,Argentina,,
1247178,Alejandro Markiewicz,,,,,
1602528,Alessandro Mazzetti,,1971-05-09,Spain,1971.0,
1198339,Alessio Lucca Stillrich,https://www.liveheats.com/images/224fe7da-b154-4655-99cf-02f0429e4f36.webp,1995-03-14,Spain,1995.0,
1304751,Alex Duggan,,,,,
1111076,Alex Halank,,,Australia,,
1551869,Alex Llinas,"https://res.cloudinary.com/liveheats-com/image/facebook/w_128,h_128/10161016604191914.webp",1978-03-10,United States of America,1978.0,
1122457,Alex Lyddon,,,,,
1598008,Alex Mclean,,,,,
1277951,Alex Pairo,,,Spain,,
1122475,Alex Roads,,,,,
1363410,Alex Roe,,,,,
566295,Alex Vargas,https://www.liveheats.com/images/44b8f162-a37c-4771-a685-8a96076c1b33.webp,,Chile,,
937049,Alexander Erfurt,,,,,
1338967,Alexander Grahammer,,2004-09-24,Peru,2004.0,
1196307,Alexander Neubert,,,,,
1360942,Alexander Vazquez,,,,,
1488163,Alexandre Bianchi,,,,,
830095,Alexandre Grand-Guillot,https://liveheats.com/images/7e8a1bb6-7b4d-48fd-bd4a-b4adddba9e50.webp,1997-10-30,FRENCH ,1997.0,
1207521,Alexia Kiefer Quintana,https://www.liveheats.com/images/6a8277de-d67b-41f6-a078-07f5d1a8b61d.webp,2005-01-10,Spain,2005.0,
1507904,Alexis Kipreos,,,,,
1277949,Alix Robert,,,France,,
999813,Alonso Vega,,,Peru,,
937115,Alvaro Barutel,,,,,
1339401,Alvaro Galdos Arnillas,,1988-01-02,Peru,1988.0,
1488166,Amaury Dumortier,,,,,
1165472,Amir Eisenberg,,1975-05-24,Israel,1975.0,
1180461,Amit Mekel,,,,,
1113124,Amy O'Donnell,https://www.liveheats.com/images/4eca38aa-1947-4585-84a6-539ca9d4e37c.webp,,,,
1195123,Anastasia Mokhovikova,,,,,
1277962,Anatoly,,,Russian Federation,,
775164,Andreas Kohl,,,,,
1488192,Andreaw Christofides,,,,,
769113,Andres Tobar,,,Chile,,
1111075,Andrew Morris,,,,,
1224081,André Escobar,,,Chile,,
1437410,Andrés Salinas,,1988-01-09,Chile,1988.0,
1122421,Andy Chambers,,,United Kingdom of Great Britain and Northern Ireland,,
1598004,Andy Hart,,,,,
1598038,Andy Page,,,,,
529366,Angela Cochran,https://liveheats.com/images/a2bc7371-1cd4-4074-8520-fb53c8feccda.webp,,Hawaiian,,
937178,Annagiulia Piccaglia,,,Spain,,
776263,Anne Gondolf,,,France,,
1122461,Annika Loh,,,,,
1177658,Ant Byrne,,,Ireland,,
776686,Anthony,,,"Taiwan, Province of China",,
776252,Anthony Bilhaut,,,,,
818679,Antoine Albert,https://www.liveheats.com/images/fabc400d-f451-4d1f-b973-f2f259b902d3.webp,1994-04-12,New Caledonia,1994.0,
1488167,Antoine Bonnet,,,,,
1122412,Antoine Butel,,,France,,
776242,Antoine Guillon,,,,,
1334796,Antoine Martin,https://liveheats.com/images/9de1f746-39af-42d4-a029-62c0eb635e17.webp,1993-10-19,Guadeloupe,1993.0,
1069709,Anton Gobish,,,Germany,,
1576322,Anton Richter,https://www.liveheats.com/images/ff7ae196-497c-4ef2-a362-464b74ca4bfa.webp,2006-03-18,Germany,2006.0,
776602,Antonio (Open Am),,,,,
1216649,Antonio Marín,"https://res.cloudinary.com/liveheats-com/image/facebook/w_128,h_128/10161156200917173.webp",1993-10-06,Chile,1993.0,
1076611,Antonio Silvestri,,,,,
817982,Antony Ruenes,,1989-04-02,France,1989.0,
1113114,Aoife Cooke,,,,,
1205557,Arnaud Frennet,https://liveheats.com/images/a132b79a-0b58-4c21-8cb1-c9a8dc60415b.webp,1974-11-30,Chile,1974.0,
1502038,Arnaud Guerbet,,,France,,
776239,Arnaud Levillain,,,,,
1196302,Arne Dehnson,,,,,
1113099,Arran Young,,,,,
1408086,Arthur Arutkin,https://liveheats.com/images/d69d75e9-acb9-491e-aa46-7a8e8c886aaf.webp,1997-02-11,France,1997.0,
1122456,Arthur Fox,,,,,
1488172,Arthur Guillouet,,,,,
1304753,Arthur Kahrs,,,,,
1598048,Arthur Pim,,,,,
937047,Arthur Van Den Brande,,,Belgium,,
1137410,Arturo Marin,,,,,
1385556,Arturo Marín Cousiño,https://www.liveheats.com/images/188e67fd-06b3-4e37-adb8-938ea6675b8b.webp,2003-02-18,Chile,2003.0,
776174,Ash Nicol,,,Australia,,
775159,Asninar Marvan,,,,,
775155,Attar Anas,,,,,
1488135,Aubri Noyez,,,,,
1488134,Audric Adam,,,,,
1289260,Augustin Baudin,,,,,
1565550,Ayana Toda,,,,,
1113106,Aymeric De La Batie,,,,,
1176471,Bailey Gavin,,,,,
817949,Baptiste Cloarec,,2000-06-12,France,2000.0,
1165565,Bar Navri,,2001-01-10,Israel,2001.0,
1247118,Barbara Pouyau,,,,,
1488149,Basile Classeau,,,,,
776106,Bastien Escofet,,,France,,
1122389,Bastien Ramery,,,France,,
1399588,Ben Harbour,,,,,
776008,Ben Ilett,,,Australia,,
1525270,Ben Newsom,,,,,
1122422,Ben Page,,,United Kingdom of Great Britain and Northern Ireland,,
923345,Ben Proffitt,,,United Kingdom of Great Britain and Northern Ireland,,
776009,Ben Ryan,,,Australia,,
776765,Ben Severne,,,Australia,,
776018,Ben Szandtner,,,,,
1196303,Ben Wilde,,,,,
1122471,Bende Szincsak,,,,,
1338689,Benjamin Perez,https://liveheats.com/images/ce8d632c-1099-4fc0-8a9f-925160fe1de8.webp,2007-06-21,Puerto Rico,2007.0,
1137408,Benjamin Timmermann,,,,,
1437356,Benjamín Fabres,,2024-04-11,Chile,2024.0,
1122390,Benoit Devinat,,,France,,
843691,Bernd Roediger,"https://res.cloudinary.com/liveheats-com/image/facebook/w_128,h_128/6958025280893616.webp",1996-10-07,United States of America,1996.0,
1050504,Bill Pain,,,,,
1113121,Billy O'Neil,,,,,
834611,Bjorn Dunkerbeck,,,Spain,,
1488142,Bjorn Olsen,,,,,
566390,Björte Pürschel,,,Germany,,
923886,Bjørn Olesen,,,Denmark,,
776676,Bk Yeh,,,"Taiwan, Province of China",,
1351661,Blanca Alabau,,,,,
1113111,Bob Hagan,,,,,
776675,Boo Chew Kuan,,,Singapore,,
1113119,Bora Ozalp,,,,,
776682,Brendan Bates,,,United States of America,,
776244,Brendan Negroni,,,,,
1050237,Brett Goodwin,,,Australia,,
1076678,Brian Talma,,,Barbados,,
830753,Brice De La Menardiere,,1977-01-24,France,1977.0,
775154,Burkhard Schmiesing,,,Germany,,
1247167,Caledonio Vila,,,,,
1598007,Cameron Barr,,,,,
1206273,Camila Curinao,https://liveheats.com/images/f97bd5d2-52e5-4776-9f99-8fb7d95790b0.webp,1994-09-27,Chile,1994.0,
566392,Camila East,,,Chile,,
1488179,Camille Gueguen,,,,,
1205611,Camille Juban,https://www.liveheats.com/images/2ff7cddd-d5d9-48f7-882b-74ab2fc3b67e.webp,1990-06-30,France,1990.0,
776172,Camillo Pillonel,,,Australia,,
1322553,Carla Perello Aznar,,,,,
1322564,Carlos Amado Valido,,,,,
1505975,Carlos Fuenzalida,,,,,
937046,Carlos Kiefer Quintana,,,Germany,,
1247197,Carlos Minatti,,,,,
1437352,Carlos Otero,,1964-09-12,Chile,1964.0,
1051960,Caroline Weber,,,,,
769209,Carolyne Vita,,,Canada,,
1399622,Casey Hauser,,1985-12-24,United States of America,1985.0,
1113107,Cathal Clarke,,,,,
1247132,Cato Grillo,,,Argentina,,
566394,Cecelia Lopez,,,Chile,,
1247117,Cecilia Lopez Del Rosso,,,,,
776253,Cedric Bernis,,,,,
1488181,Cedric Menesguen,,,France,,
1396577,Cesar Filippi,,2006-06-07,France,2006.0,
1122433,Charlie Loch,,,,,
1399584,Charlie Maguire,,,,,
1199509,Charlie Rovira,,1973-07-31,Puerto Rico,1973.0,
776262,Charlotte Carenco,,,France,,
1122472,Charlotte Vale,,,,,
1137404,Cheystian Dabed,,,,,
1553388,Chieko Tagai,,1976-04-03,Japan,1976.0,
776666,Chih-Kai Hsu,,,"Taiwan, Province of China",,
1488178,Chloe Exaequo Salou,,,,,
1196299,Chris Bünger,,,,,
1416426,Chris Freeman,,1977-05-24,United Kingdom of Great Britain and Northern Ireland,1977.0,
1322565,Christian Ferraro,,,Italy,,
1076674,Christina Tsakona,,1993-10-18,Greece,1993.0,
791650,Christine Fink,,,Australia,,
1200984,Christopher Van Rees,,1992-04-21,Chile,1992.0,
566391,Claudia Correa,,,Chile,,
1196293,Claudius Hofbauer,,,,,
1277958,Clement Ledú,,,France,,
1137411,Clemente Merino,,,,,
1122473,Clemmie Pim,,,,,
1399585,Clyde Waite,,,,,
1122410,Clément Bozec,,,France,,
820028,Coco Foveau,https://www.liveheats.com/images/4b3dbbe9-d76b-4c33-a9fc-802d45bdc46c.webp,1999-06-21,France,1999.0,
1176427,Cocoro Ono,,2008-03-25,Japan,2008.0,
1078967,Colette Guadagnino,,,,,
1598040,Colin Busby,,,,,
1113102,Colin Colville,,,,,
1122431,Conor Fagan,,,United Kingdom of Great Britain and Northern Ireland,,
1573703,Cori Mcfarlane,,,,,
1598042,Corkey Kirkham,,,,,
923497,Corto Dumond,,,,,
1437351,Cote Astorquiza,,1976-02-11,Chile,1976.0,
1137416,Cote Chuki Astorquiza,,,,,
1076680,Craig Yester,,,Hawaii,,
566412,Cristian Barrientos,,,,,
1505042,Cristian Fuentealba,,,,,
1385631,Cristian Haquin,,1972-12-24,Chile,1972.0,
1505044,Cristian Riveros,,,,,
566408,Cristian Salamé,,,,,
566411,Cristian Salas,,,,,
1206458,Cristobal Zegers ,,1979-06-06,Chile,1979.0,
1434167,Cristóbal Mellla,,1978-11-11,Chile,1978.0,
1168159,Dai Akimoto,,1969-11-14,Japan,1969.0,
923330,Daida Ruano Moreno,,,Spain,,
1168146,Dan Fridman,,1999-04-26,Israel,1999.0,
1113091,Dan Gardner,,,,,
1113095,Dan Kealy,,,,,
1277961,Daniel Ariza,,,Spain,,
1076619,Daniel Bethencourt,,,,,
1322590,Daniel Bruch,,,,,
1122487,Daniel Hawthorne,,,,,
1437570,Daniel Navarro,,1996-12-04,Chile,1996.0,
1363406,Daniel O Sullivan,,,,,
1525255,Darren Clark,,,,,
776674,Dave Archer,,,United Kingdom of Great Britain and Northern Ireland,,
1598044,Dave Buckland,,,,,
1122423,Dave Horrocks,,,United Kingdom of Great Britain and Northern Ireland,,
1399590,David Buckland,,,,,
1113110,David Cheyne,,,,,
1000711,David Zeni,,,Canada,,
1399591,Davie Edmiston,,,,,
776246,Davy Beaugendre,,,,,
924051,Dean Hendrie,,,Australia,,
1195101,Dean Hendrix,,,,,
1488132,Denis Fourmaintraux,,,,,
1542069,Denise Blondet,,1996-11-19,Peru,1996.0,
1076609,Dennis Klob González,,,,,
1196284,Diana,,,,,
776209,Didier Doom,,,,,
1212625,Diego Ducci,,1994-08-26,Chile,1994.0,
1203224,Diego Dziekonski Vasquez,,1980-11-26,Chile,1980.0,
1437353,Diego Fabres,,1989-06-01,Chile,1989.0,
1247199,Diego Laciar,,,,,
1017464,Diego Téllez,,,,,
1222601,Diego Téllez Pino,,1988-11-28,Chile,1988.0,
1200379,Dieter Van Der Eyken,https://www.liveheats.com/images/cd975d27-b0c1-4c53-8e3c-cf5264824d98.webp,1992-04-01,Belgium,1992.0,
1435891,Domingo Prat,"https://res.cloudinary.com/liveheats-com/image/facebook/w_128,h_128/10163666106692516.webp",2012-12-18,Chile,2012.0,
1437408,Dominica Osman,https://liveheats.com/images/5c7255a3-841b-4739-ad71-e775a22621fa.webp,1999-03-29,Argentina,1999.0,
1180456,Doron Hacham,,,,,
1488126,Dries Crauwels,,,,,
1165475,Dudu Levi,,1994-01-21,Israel,1994.0,
1176372,Duncan Lee,,,,,
1050302,Duncan Osbourne,,,,,
1122438,Dylan Galloway,,,,,
1304755,Dylan Roe,,,,,
936102,Dylan Szandtner,,,Australia,,
1113125,Ed Comey,,,,,
1122465,Eddie Maclean,,,,,
1165478,Eden Golan,,2000-09-05,Israel,2000.0,
1380239,Eduardo Gambra,,1983-02-25,Chile,1983.0,
1437567,Eduardo Herman,,1983-10-01,Chile,1983.0,
1017463,Eduardo Massu,,,,,
1113100,Edward O'Connor,,,,,
1169378,Eiichi Fujita,,1962-07-04,Japan,1962.0,
1122464,Eilidh Sutherland,,,,,
1351662,Elana Dominick,,,,,
1488195,Elana Flemming,,,,,
1165482,Eliran Levi,,1986-09-22,Israel,1986.0,
1111079,Elli Halank,,,Australia,,
1399582,Elliot Mccreery,,,,,
776256,Elodie Sede,,,France,,
1122409,Elouann Landier,,,France,,
775169,Emasi Zargan,,,,,
1488127,Emiel Prove,,,,,
923888,Emil Skov Nielsen,,,Denmark,,
1069735,Emma Miron,,,Denmark,,
1065416,Ercole Rosso Chioso,,,Italy,,
1638133,Eric Van De Veire,,,,,
1322567,Ernst Ebner,,,,,
1113098,Erwan Le Breton,,,,,
1076613,Esteban De Cruz,,,,,
1122454,Euan Lindsay,,,,,
1165480,Eyal Shelef,,1981-12-18,Israel,1981.0,
1247184,Ezequiel Piazza,,,,,
1247122,Facundo Alvarez,,,,,
1247150,Facundo Rigoli,,,Argentina,,
775153,Federic Houdier,,,,,
776683,Federico (Taiwan),,,,,
776139,Federico Infantino,,,Italy,,
1017461,Federico Mekis,,,,,
819666,Federico Morisio,https://www.liveheats.com/images/71cf3b8e-5f64-4b05-b81f-6386611c3157.webp,1995-07-13,Italy,1995.0,
1600743,Felipe Marisio,,1975-08-02,Chile,1975.0,
1507899,Felipe Massanes,,,,,
566303,Felipe Pizarro,,,,,
1437366,Felipe Wedeles,"https://res.cloudinary.com/liveheats-com/image/facebook/w_128,h_128/10162555349615763.webp",1977-01-17,Chile,1977.0,
936097,Felix Alberto,,,Australia,,
1202340,Felix Bermudez,https://liveheats.com/images/f60b97bd-0d91-4a4c-8384-b3cc70443549.webp,1981-10-03,Puerto Rico,1981.0,
1122467,Fergus Pim,,,,,
1216650,Fernando Marín,,2000-07-29,Chile,2000.0,
1247125,Fernando Menzel,,,,,
937050,Fernando Sottile,,,Italy,,
775170,Fettah Lamara,,,Morocco,,
1122470,Fin Chandler,,,,,
936101,Finlay Willson,,,Australia,,
1198353,Finn Mellon,,1998-07-12,Ireland,1998.0,
1169471,Flechet Titouan,"https://res.cloudinary.com/liveheats-com/image/facebook/w_128,h_128/2598927263616909.webp",2003-08-14,France,2003.0,
847319,Flo Jung,,1983-12-13,german,1983.0,
1247116,Florencia White,,,,,
1488170,Florent Pellerin,,,,,
1196294,Florian Gawer,,,,,
1103795,Forrest Ladkin,https://liveheats.com/images/db047dec-25ba-43b5-99ff-de3447847ee2.webp,,Australia,,
1164252,Francisco Goya,,1970-12-22,Argentina,1970.0,
1557058,Francisco Jaume,,1967-05-15,Puerto Rico,1967.0,
1509076,Francisco Larrain,,,,,
1206563,Francisco Prat,,1979-09-30,Chile,1979.0,
936058,Francois Pialoux,,,Australia,,
1113094,Frank Frost,,,,,
566305,Frank St.Mary,,,,,
1137414,Frank Werner,,,,,
1017451,Franky St Martin,,,Argentina,,
1247143,Franz Menzel,,,Argentina,,
936062,Fred Guyot,,,,,
1488138,Freddie Sargent,,,,,
1069739,Frida Miron,,,Denmark,,
1543327,Fumi Akita,https://www.liveheats.com/images/848beef3-a921-442a-bafa-7b949a1e9d0b.webp,2012-03-17,Japan,2012.0,
1552100,Fumiyuki Yasuda,,1971-08-14,Japan,1971.0,
791454,Fuyuki Oshima,,,Japan,,
1247177,Gabriel Acuna,,,,,
776680,Gabriel Gras,,,Brazil,,
1180462,Gadi Meents,,,,,
1488190,Gareth Roe,,,,,
1525257,Garth Ilett,,,,,
776210,Gary Joyeux,,,,,
1247195,Gaston Di Paola,,,,,
1399592,Geoff Hautman,,,,,
856823,George Westra,,,Australia,,
1488137,Georgia Stolliday,,,,,
1196298,Gerry Gäbges,,,,,
1405811,Giacomo Dallapè,https://www.liveheats.com/images/bcb7cea5-5ce6-45ea-8ca8-7f5a070fef42.webp,1992-05-18,Italy,1992.0,
1137409,Giancarlo Stagno,,,,,
566393,Giannina Sarno,,,Chile,,
1180458,Gil Rak,,,,,
1180455,Gil Ziny,,,,,
1122483,Giles Richardson,,,,,
1206435,Giorgio Stagno Finger,,1974-05-03,Chile,1974.0,
1351671,Giuseppe Costanzo,,,,,
1360948,Giuseppe Walter,,,,,
1180465,Gonen Guz,,,,,
1247123,Gonzalo Bellocq,,,,,
1137412,Gonzalo Camiruaga,,,,,
1206478,Gonzalo Peña,https://liveheats.com/images/1e115ea4-1cee-49c3-bb20-b2393e0a6821.webp,1992-01-28,Chile,1992.0,
1409162,Graham Ezzy,"https://res.cloudinary.com/liveheats-com/image/facebook/w_128,h_128/10169436634650004.webp",1989-10-05,United States of America,1989.0,
1525258,Graham Pullen,,,,,
936063,Gregoire Desouter,,,,,
1137406,Gregorio Alessandro,,,,,
566406,Gregorio Mordoj,,,,,
1585991,Gregory Stathopoulos,"https://res.cloudinary.com/liveheats-com/image/facebook/w_128,h_128/1173942734240208.webp",2006-04-18,Greece,2006.0,
1247193,Guido Murganti,,,,,
1076620,Guilio Gasperini,,,,,
1122405,Guillaume Darras,,,France,,
1488173,Guillaume Sename,,,,,
923498,Guillermo Alba Lasheras,,,,,
1247171,Guillermo Romano,,,,,
1247127,Guillermo Soriano,,,,,
1208568,Gustavo Harfagar,,1977-09-08,Chile,1977.0,
1165484,Hai Reznik,,1977-05-14,Israel,1977.0,
775160,Hajib El Abdi,,,Morocco,,
923883,Hannes Gobisch,,,Germany,,
1196313,Hannes Von Bismarck,,,,,
776677,Harris Pan,,,"Taiwan, Province of China",,
1399581,Harry Davis,,,,,
1169643,Haruto Konishi,https://www.liveheats.com/images/6adb930f-bf6b-40b7-92b6-2253c9f7bd93.webp,2008-08-11,Japan,2008.0,
844750,Hayata Ishiii,https://www.liveheats.com/images/85f187f0-6998-4d32-9d72-d31bb147620e.webp,2005-05-16,Japan,2005.0,
1488147,Hector Verlay,,,,,
1196286,Helena Lale,,,,,
1196304,Helge Wilkens,,,,,
776107,Hendrix Stone,,,Australia,,
530553,Henri Kolberg,https://www.liveheats.com/images/67d5ac9c-9e4f-43b2-9695-cf9fbe58a547.webp,,Germany,,
1176472,Henry Geldermann,,,,,
1122437,Henry Horton,,,,,
1247170,Hernan Miranda,,,,,
1507898,Hernan Quevedo,,,,,
1545863,Hidehiko Fukushima,,1967-08-29,Japan,1967.0,
1397496,Hitoshi Morita,,1972-07-03,Japan,1972.0,
1247146,Horacio Gelsi,,,Argentina,,
776633,Howard Chang ,,,"Taiwan, Province of China",,
1525253,Hugh Bowdwn,,,,,
1488165,Hugo Gourdin,,,,,
1304754,Ian Gibson,,,,,
1277965,Ian Pairo,,,Spain,,
1525317,Ian Pott,,,,,
1597970,Ian Ross,,,,,
923332,Iballa Ruano Moreno,,,Spain,,
1169363,Idan Katz,,1992-07-28,Israel,1992.0,
1247175,Ignacio Andueza,,,,,
1247194,Ignacio Benedetti,,,,,
1247152,Ignacio Bianchi,,,Argentina,,
1514098,Igor Mazza,,1975-01-05,Belgium,1975.0,
776020,Igor Panagushin,,,Australia,,
1277950,Igor Yudakov,,,Russian Federation,,
1180463,Ilan Eliyahu,,,,,
1525272,Ilya Panagushin,,,,,
791453,Imai Masanori,,,Japan,,
1247176,Inaki Idurritegui,,,,,
776016,Ines Cellenaere,,,Australia,,
1087576,Inyaki Lopez,,,,,
776011,Isaac Gill,,,Australia,,
923889,Isabel Eie,,,,,
923335,Isabel Trivino Delgado,,,Spain,,
1213112,Ismael Labbé,,2010-07-14,Chile,2010.0,
1360940,Ismaelle De Nuzzo,,,,,
1170707,Itsuki Noguchi,,2009-12-02,Japan,2009.0,
937048,Iu Pijoan,,,Spain,,
776603,Ivan (Oa),,,Chile,,
1525271,Ivan Zecca,,,,,
1122462,Izzy Adcock,,,,,
1380909,Iñaki Maturana,,2004-02-06,Chile,2004.0,
1598009,Jack Alson,,,,,
1176462,Jack Brazier,,,,,
776732,Jaeger Stone,,,Australia,,
923495,Jahdan Tyger,https://liveheats.com/images/7283f6e8-4fea-452a-8ff8-7c24335a8656.webp,2025-02-04,Brazil,2025.0,923495
1214818,Jaime Madariaga ,,1969-07-12,Chile,1969.0,
1322562,Jaime O'Shanahan,,,Spain,,
936090,Jaiya Mars Morris,,,Australia,,
30676,Jake Ghiretti,,2006-12-23,Australia,2006.0,
843557,Jake Schettewi,,2001-01-25,United States of America,2001.0,
923896,Jakob Deutloff,,,,,
775161,Jalil Nouredine,,,,,
1122420,James Cox,,,United Kingdom of Great Britain and Northern Ireland,,
1050303,James Elks,,,Australia,,
936061,James Fink,,,,,
1176365,James Harcourt,,,,,
1176368,James Hayward,,,,,
1111074,James Houghton,,,,,
776140,James Mccanthy,,,,,
1113108,James Mcmanus,,,,,
1392033,James Slade,,,,,
936099,James Stephen,,,Australia,,
1122485,Jamie Bambridge,,,,,
923857,Jamie Hamill,,,Australia,,
923892,Jan Claus,,,,,
1589294,Jane Seman,https://www.liveheats.com/images/983c48ca-2fd3-43c4-8b79-a907d1260b0b.webp,1969-05-30,Australia,1969.0,
1399577,Janine Guest,,,,,
1196305,Jannis Spahn,,,,,
1304763,Jarlet Mc Mullan,,,,,
791616,Jason Carter,,,Australia,,
791714,Jason Juretic,,,Australia,,
1196300,Jasper Deutz,,,,,
937113,Javier Escribano Toribio,,,Spain,,
1247155,Javier Imbrenda,,,,,
1247182,Javier Irazoque,,,,,
1247157,Javier Quiroga,,,,,
1417823,Jazz Glickenhaus,,,,,
1122397,Jean Floch,,,France,,
1540490,Jean Seb Lavocat,,1971-12-12,France,1971.0,
1122411,Jean-Mathieu De Ridder,,,France,,
776250,Jean-Yves Leibel,,,,,
1076677,Jeff Henderson,,,Hawaii,,
1196312,Jens Hogenkamp,,,,,
1196295,Jens Möller,,,,,
1170963,Jeremy Fox,,,,,
1502035,Jeroen Allaert,,,Belgium,,
776240,Jerome Beaugendre,,,,,
1289266,Jerome Flandrin,,,,,
1198906,Jesper Wittrup,,1973-02-04,Denmark,1973.0,
529331,Jessica Crisp,,,Australian,,
1598036,Jim Brooks-Dowsett,,,,,
1122391,Jimmy Vasselin,,,France,,
1247190,Joaquin Busquet,,,,,
1206490,Joaquin Desriviers,,1997-02-19,Chile,1997.0,
1218411,Joaquin Prat E,https://www.liveheats.com/images/c123b1bd-e281-4c73-8f89-780d9865d033.webp,1981-04-15,Chile,1981.0,
1206491,Joaquín Prat,https://www.liveheats.com/images/d557b938-de1c-4274-8440-89b2297b3824.webp,2010-03-29,Chile,2010.0,
1438209,Joaquín Valenzuela,,1982-08-01,Chile,1982.0,
1399587,Jochen Fisher,,,,,
1351668,Jochen Stolz,,,,,
1122480,Joe Mcivor,,,,,
1399579,Joe Vernon,,,,,
1113123,Joeri Neudt,,,,,
1448341,Joey Van Assche,,,,,
923904,Johannes Witte,,,,,
1122476,John Adrian,,,,,
1122484,John Bedford,,,,,
1122481,John Mclawrence,,,United Kingdom of Great Britain and Northern Ireland,,
776175,Jonah Desforges,,,Australia,,
775162,Jonas Dunand,,,,,
776672,Jonathan Rudich,,,United States of America,,
1502034,Jonathon Rudich,,,United States of America,,
838673,Jony Price,,1992-06-28,Irish,1992.0,
1540516,Jorge Agosto Perez,,1977-11-18,Puerto Rico,1977.0,
1350173,Jorge Ferrer,,,,,
818180,Jorge Manuel Vera Garcia,,1986-04-25,Spain,1986.0,
1438249,Jorge Martinic,,1952-11-24,Chile,1952.0,
1385622,Jorge Martinic Arrieta,,1986-09-16,Chile,1986.0,
566402,Jorge Martinic S,,,,,
566297,Jose Manuel Fernandez,,,,,
776600,Jose P (Open Am),,,Chile,,
1616846,Jose Pablo Silva,,2011-03-11,Chile,2011.0,
1514995,Jose Pla,"https://res.cloudinary.com/liveheats-com/image/facebook/w_128,h_128/10160484693746529.webp",1977-11-18,Puerto Rico,1977.0,
1206482,Jose Priewer (Cote),,1986-09-13,Chile,1986.0,
1474162,Jose Quiroga,,,,,
1505974,Jose Quitral,,,,,
1247145,Jose Raul Azar,,,Argentina,,
923487,Josep Pons,,,Spain,,
936098,Josh Ledger,,,Australia,,
1076663,Josh Steele,,,United States of America,,
1076676,Josh Stone,,,Hawaii,,
1488128,Joshua Luyckx,,,,,
1222638,José Fabres,,2005-05-25,Chile,2005.0,
1436047,José Ignacio Ovalle Salinas,,1996-02-27,Chile,1996.0,
923493,José Romero,,,,,
1435842,Juan Francisco Espinosa,,1986-11-13,Chile,1986.0,
1207245,Juan Fransisco Espinosa,https://liveheats.com/images/c4e7dc5d-6735-40dd-b46d-fa1bb1592687.webp,,Chile,,
1385584,Juan Ignacio Marisio,https://liveheats.com/images/453c129c-8ab8-4b57-88f3-01249fcb99b8.webp,1975-08-02,Chile,1975.0,
1247180,Juan Manuel Miranda,,,,,
1247185,Juan Pablo Lerchundi,,,,,
1137417,Juan Pablo Marin,,,,,
1508840,Juan Pablo Santiago,,,,,
1475389,Juan Parra,,,,,
1247133,Juan Pedro Etcheverry,,,Argentina,,
1247131,Juan Spomer,,,Argentina,,
1247149,Juan Tomas Vidaguren,,,Argentina,,
1578513,Jules Denel,"https://res.cloudinary.com/liveheats-com/image/facebook/w_128,h_128/10159541704376089.webp",1990-05-17,France,1990.0,
776241,Jules Forli,,,,,
1409639,Julia Meijer,,1979-06-18,Netherlands,1979.0,
923339,Julia Pasquale,,,Spain,,
1176369,Julian Briggs,,,,,
1200826,Julian Salmonn,"https://res.cloudinary.com/liveheats-com/image/facebook/w_128,h_128/7123057954474536.webp",1998-08-06,Germany,1998.0,
1184305,Juliana Farias Shelef,,,,,
1122404,Juliano Congar Scalabrin,,,France,,
1488153,Julien Cordier,,,,,
1488144,Julien Debat,,,,,
1166233,Julien Flechet,https://liveheats.com/images/0623037b-4022-40ab-84be-6493428fb6d4.webp,2001-09-24,France,2001.0,
1113088,Julius Byrne,,,,,
1171845,Jun Takasu,,1965-01-07,Japan,1965.0,
1488158,Justin Denel,,,,,
1196311,Justin Utermal,,,,,
1205034,Justyna Sniady,https://www.liveheats.com/images/4e8831f7-2640-44ae-8748-404b07364c0f.webp,1995-08-31,Poland,1995.0,
107339,Kaelyn Holmes,https://liveheats.com/images/45f265f9-dab8-4527-b58d-6b416ac20411.webp,2007-01-19,Puerto Rico,2007.0,
1122441,Kai Beattie,,,,,
842633,Kai Katchadourian,,,Norway,,
1076658,Kai Lenny,,,United States of America,,
776012,Kai Wilson,,,Australia,,
1195601,Kamil Ictoi,,,,,
769175,Kana Sasao,,,Japan,,
576026,Kango Iketeru,,,,,
1488120,Karel Martens,,,,,
923910,Kasper Gaj Nielsen,,,,,
1050500,Kate Barker,,,Australia,,
1543675,Kate Hatcher,,,,,
1113096,Katie Mcanena,,,Ireland,,
1137396,Katja Mathes,,,,,
1488114,Katrien Smits,,,Belgium,,
1084037,Keith Teboul,,,Madagascar,,
1416269,Keith Teboul,,1970-03-10,United States of America,1970.0,
1400892,Kelvin Ussher,,,,,
923890,Kenneth Danielsen,,,,,
1514106,Kevin Mcgillivray,,1971-09-03,United States of America,1971.0,
1113117,Kevin Walsh,,,,,
1289264,Keziah Normand,,,,,
566301,Kilian Du Couedic,,,France,,
923859,Koichi Kaneda,,,Japan,,
1502303,Kokoro Ono,,,Japan,,
1198581,Kymani Laurent,https://liveheats.com/images/71a2ed0a-0eda-4af2-89e1-7a17afbb2a7a.webp,2005-08-31,France,2005.0,
1168121,Kyota Morita,,1965-02-24,Japan,1965.0,
776260,Laetitia Wermeister,,,France,,
936093,Laila Kenyon,,,Australia,,
1488131,Lancelot Maertens,,,,,
923882,Lars Bubelach,,,Germany,,
1196289,Lars Gobisch,,,,,
923906,Lars Green,,,,,
1543648,Laurence Gray,,,,,
1488118,Laurent Desaever,,,,,
1111080,Laurie Menviel,,,,,
530548,Laurin Schmuth,,,Germany,,
1565964,Le Villain Arnaud,,1975-08-31,France,1975.0,
1247153,Leandro Campiutti,,,,,
923450,Lennart Neubauer,,,Greece,,
923884,Leo Richter,,,Germany,,
1247174,Leon Bajicoff,,,,,
1488150,Leon Bonnet,,,,,
1196314,Leon Delle,,,,,
837486,Leon Jamaer,,1989-12-25,German,1989.0,
1398810,Leon Maethner,,2007-11-28,Germany,2007.0,
566409,Leonardo Bavestrello,,,,,
1488148,Leopold Martin,,,,,
1247186,Leopoldo Herrera,,,,,
1488169,Leovic Delbeccque,,,,,
1076659,Levi Siver,,,Hawaii,,
1069708,Liam Calol,,,Italy,,
1076697,Liam Coralle,,,,,
1169635,Liam Dunkerbeck,https://www.liveheats.com/images/14845883-c8bd-408e-9538-89f82eff2fc5.webp,2004-02-11,Spain,2004.0,
1363407,Liam Wade,,,,,
1122460,Liath Campbell,,,,,
1210135,Lina Erpenstein,https://www.liveheats.com/images/4d2e15d9-b0ab-461e-9b3f-e2f65e4dc541.webp,1996-10-23,Germany,1996.0,
1198791,Line Bang Wittrup,https://www.liveheats.com/images/a0d362f5-0cdc-4170-818d-85408642de78.webp,2002-08-22,Denmark,2002.0,
1172122,Liran Mahlev,,,,,
1122415,Lisa Godon,,,,,
1351664,Lisa Kloster,,,,,
1198918,Lisa Wermeister,https://liveheats.com/images/088aae2f-aec0-4d54-8476-14402167e326.webp,2005-10-03,France,2005.0,
937179,Lizzlotte Schilling Andrew,,,Spain,,
924053,Lloyd Ellis,,,,,
791484,Logan Haggerstrom,,,Australia,,
1162812,Loick Lesauvage,,2000-02-29,France,2000.0,
1069710,Lorenzo Raisa,,,Italy,,
1208831,Loïc Antoine Harfagar Vita,,2009-09-01,Chile,2009.0,
1474032,Loïc Harfagar,,2009-09-01,Chile,2009.0,
1076696,Luc Guidroz,,,,,
775150,Luc Telmat,,,,,
1076618,Luca Buehler,,,,,
1417289,Luca Salvatore,,1968-04-03,Italy,1968.0,
776237,Luca Tolomei,,,,,
1488159,Lucas Gadeyne,,,,,
1213702,Lucas Larrain,"https://res.cloudinary.com/liveheats-com/image/facebook/w_128,h_128/3708876542712619.webp",1992-10-09,Chile,1992.0,
1198522,Lucas Meldrum,https://liveheats.com/images/c90e64ba-ab1b-43c0-a283-1a84f9abb669.webp,,United Kingdom of Great Britain and Northern Ireland,,
923907,Lucas Nebelung,,,,,
1122401,Lucas Pinel,,,,,
923341,Lucia Trivino Delgado,,,Spain,,
1137413,Luciano Barozzi,,,,,
1195100,Lucy Tait,,,,,
1525254,Ludovic Delplanque,,,,,
776041,Luis 'Doc',,,Chile,,
1247128,Luis Oscar Corral,,,,,
1247183,Luis Rojas,,,,,
1515108,Luis Santiago,,1996-10-02,Puerto Rico,1996.0,
1113120,Lukas Szczerbak,,,,,
1122426,Luke Smith,,,United Kingdom of Great Britain and Northern Ireland,,
1122436,Luke Williams,,,,,
923911,Luksz Trzaskowski,,,,,
566293,Léo Lefebvre,,,,,
1488130,Maarten Claeys,,,,,
923891,Mads Bjørnaa,,,Denmark,,
923909,Mads Lunøe,,,,,
776259,Maelys Laramy,,,Italy,,
1502039,Magnus Pederson,,,Norway,,
1196285,Maike Lang,,,,,
776261,Maite Bienvenu,,,France,,
1113122,Maitu O'Connell,,,,,
1488180,Maiwenn Deffontaines,,,,,
1113093,Malcolm Scott,,1973-02-28,Ireland,1973.0,
923898,Malte Øgelund,,,,,
1247156,Manuel Garcia,,,,,
775151,Marc Alonso Camara,,,Spain,,
1076607,Marc Merkel,,,,,
822932,Marc Paré Rico,https://www.liveheats.com/images/91f017d3-3e01-4e79-ae67-425a233897a1.webp,1998-05-22,Spain,1998.0,
1627241,Marcel Janssen,,1971-07-10,Netherlands,1971.0,
1137560,Marcelo Bofarull,,,,,
527155,Marcilio Browne,https://www.liveheats.com/images/877ad891-76ec-49fc-8eb6-d9f899293e9f.webp,2023-05-04,Brazil,2023.0,
566401,Marco Medina,,,,,
1076610,Marco Ortiz Bey,,,,,
820787,Maria Andres,https://liveheats.com/images/eaaa41d3-ff45-48a8-8d91-a8db68341c2e.webp,1983-08-11,Spanish,1983.0,
1203243,Maria Behrens,https://liveheats.com/images/50bbf1f3-abde-421d-a9b8-3796b5a04319.webp,2002-07-04,Germany,2002.0,
1525268,Maria Schalin,,,,,
529958,Mariano Pecora,,,Argentina,,
923338,Marine Hunter,https://www.liveheats.com/images/aa2804ed-d9fa-42e7-bfc9-3327a83a0c86.webp,,France,,
1171826,Marino Gil Gherardi,https://www.liveheats.com/images/1ff8b666-5d0e-48ae-b72e-0a311feefef0.webp,2002-08-18,Spain,2002.0,
1247181,Mario Blasi,,,,,
1122432,Mario Brasso,,,,,
1122477,Mark Henderson,,,,,
776687,Mark Jackson,,,South Africa,,
1400883,Mark Sinton,,,,,
1224909,Markiewicz Francisco,,,Argentina,,
1396558,Marlon Maethner,https://www.liveheats.com/images/3d9afb0c-ad54-497f-a984-bcbd2facc673.webp,2004-11-03,Germany,2004.0,
1277945,Marouane Ajnimar,,,Morocco,,
1488188,Martain Roe,,,,,
791617,Martin Batstone,,,Australia,,
1247126,Martin Cuzzoni,,,,,
1137422,Martin Lauga,,,,,
769119,Martin Lundgren,,,,,
1351674,Martin Ovsik,,,,,
1113097,Martin Roe,,,,,
923894,Martin Ten Hoven,,,,,
1177773,María Morales Navarro,https://www.liveheats.com/images/5d12d773-25af-4d4a-bdfe-a60b79834e0a.webp,2006-03-20,Spain,2006.0,
532107,Masahiro Yoshitake,"https://res.cloudinary.com/liveheats-com/image/facebook/w_128,h_128/8832774530181508.webp",1983-01-01,Japan,1983.0,532107
1168151,Masanori Imai,,1969-10-27,Japan,1969.0,
1169313,Masaru Niimi,,1965-09-03,Japan,1965.0,
1247138,Mateo Sanjurjo,,,Argentina,,
923893,Mathias Genkel,,,,,
1488123,Mathieu Van Raemdonck,,,,,
776206,Mathys Mulciba,,,,,
1221689,Matias Andres,,1985-07-12,Chile,1985.0,
1215104,Matias Bucher,"https://res.cloudinary.com/liveheats-com/image/facebook/w_128,h_128/10161518087005984.webp",1993-09-25,Chile,1993.0,
1017459,Matias Bucher Pattersen,,,,,
923349,Matias Lanese,,,,,
1438222,Matias Vargas,"https://res.cloudinary.com/liveheats-com/image/facebook/w_128,h_128/10161996158382463.webp",1992-02-26,Chile,1992.0,
1247119,Matias Zabala,,,,,
923905,Mats Von Holten,,,,,
1122429,Matt Cox,,,,,
1598037,Matt Cude,,,,,
1176453,Matt Gyne,,,,,
1195095,Matt Ruthven,,,,,
1176452,Matt Tyne,,,,,
1351672,Matteo Iachino,,,,,
776249,Matteo Levillain,,,,,
1050269,Matteo Petricone,,,,,
1196292,Matthias Genkel,,,,,
1525251,Max Ford,,,,,
1176463,Max Ghiretti,,,,,
1502040,Max Meffan,,,New Zealand,,
1543664,Max Metcalfe,,,,,
1488168,Maxence Nicholas,,,,,
1488124,Maxim De Buck,,,,,
776211,Maxime Huet,,,,,
1247136,Maximiliano Gaspar,,,Argentina,,
1171423,Megumi Takasu,,1965-08-30,Japan,1965.0,
1247115,Melany Ruiz Apelt,,,,,
1400893,Michael Dowling,,,,,
1050502,Michael Duggan,,,,,
1205039,Michael Friedl (M),https://liveheats.com/images/4ec5747a-8b45-4463-9aa5-dbbc8030495e.webp,1966-09-16,Spain,1966.0,
1488133,Michael Pauwels,,,,,
1392368,Michael Rene Friedl Morales,https://liveheats.com/images/6032d81f-8cb1-49a6-8f6e-d9fbf1ec8656.webp,2002-05-25,Spain,2002.0,
1514776,Michael Saviano,,1976-05-29,United States of America,1976.0,
1399583,Michael Zomand,,,,,
1502304,Mie Yamada,,,Japan,,
1277941,Miguel Centeno,,,,,
1200835,Miguel Chapuis,https://www.liveheats.com/images/619b77c0-6085-4584-b41e-a38e1b9aeede.webp,2001-02-25,Spain,2001.0,
776019,Miguel Fonseca,,,,,
775152,Miguel Marcal Correa,,,,,
1247134,Miguel Rosello,,,Argentina,,
1166832,Mii Yamada,,2011-04-26,Japan,2011.0,
1507908,Mika Bohuon,,,,,
1069707,Mika Henning,,,Germany,,
1122427,Mike Archer,,,United Kingdom of Great Britain and Northern Ireland,,
1543651,Mike Cunliffe,,,,,
1122466,Mikey Maclean,,,,,
923342,Milanka Linde,,,Norway,,
1137398,Millaray Leal,,,,,
1167179,Minako Mori,"https://res.cloudinary.com/liveheats-com/image/facebook/w_128,h_128/3872104443075121.webp",1970-12-21,Japan,1970.0,
1113113,Mindaugas Norkus,,,,,
1434327,Miya Leal,,2008-07-26,Chile,2008.0,
776254,Moetai Martin,,,,,
1277939,Momo Elbadi,,,Morocco,,
1165941,Morgan Noireaux,https://www.liveheats.com/images/20fe805d-c513-4b6d-9ff5-c4558ec536e8.webp,1994-10-23,Hawaii,1994.0,
1122403,Morgann Floc'Hlay,,,France,,
1411927,Moritz Mauch,,1996-03-24,Germany,1996.0,
1180457,Moti Slavin,,,,,
1166942,Motoko Sato,,1972-04-09,Japan,1972.0,
1196288,Nadja Jablonski,,,,,
1165931,Natsuki Wakasa,https://liveheats.com/images/d98de622-7a1d-4faa-a370-87bd591b1a20.webp,2009-07-12,Japan,2009.0,
776238,Neels Pechoux,,,,,
1206477,Nelson Perez,https://liveheats.com/images/097b1745-3c73-48a9-82ed-c188ea329664.webp,1969-02-25,Puerto Rico,1969.0,
1180452,Neta Shafran,,,,,
1113090,Niall Mellon,,,,,
1488115,Nick De Wannemaeker,,,,,
1122479,Nick Jupp,,,,,
776671,Nick Postec,,,France,,
1163257,Nick Spangenberg,https://liveheats.com/images/56cc0a80-1395-44e7-8a0d-a2de069f8a8b.webp,2003-01-14,Germany,2003.0,
1122434,Nick Welsh,,,,,
923895,Niclas Nebelung,,,,,
1349792,Nico Bagschik,https://liveheats.com/images/ad9d1f8c-b582-498a-83c7-326ad2b960d6.webp,2001-06-11,Germany,2001.0,
776571,Nicola Spassov,,,,,
923899,Nicolaj Klitgaard Frederik,,,,,
1050508,Nicolas Akgazciyan,,,,,
1247187,Nicolas Cubria,,,,,
1113085,Nicolas Quemener,,,,,
1329185,Nicolas Recordon,,1958-12-07,Chile,1958.0,
776017,Nikiforos Ford,,,,,
1322591,Nikodem Merlak,,,,,
1196308,Nils Jahn,,,,,
1166917,Nimrod Mashiach,,1988-10-07,Israel,1988.0,
1289259,Noah Armonia,,,,,
923900,Noah Willumsen,,,,,
1206272,Noni Stuven,https://liveheats.com/images/3508d6f5-6a3d-487d-9e93-fc8394d5da62.webp,2011-04-18,Chile,2011.0,
1166237,Nozomi Sakai,,2009-08-31,Japan,2009.0,
1122407,Noé Faeillo,,,France,,
1205619,Octavio Cavalaro,,1989-05-02,Argentina,1989.0,
1322552,Oda Johanne Brødholt,,,,,
1166827,Oded Faians,,1985-08-03,Israel,1985.0,
1180460,Ofer Binstock,,,,,
1165476,Ohad Segal,,1992-12-15,Israel,1992.0,
1399586,Olav Davis,,,,,
1087577,Oli Stastny,,,,,
791455,Oliver Barta,,,Australia,,
776006,Oliver Desforges,,,Australia,,
1176470,Oliver Mcevoy,,,,,
1122442,Oliver Randall,,,,,
1543653,Oliver Sargent,,,,,
1196310,Oliver-Tom Schliemann,,,,,
1488116,Olivier Pas,,,,,
1399580,Olivier Randall,,,,,
923492,Omar Sanchez,,,,,
1165469,Omer Goldstein,,1998-10-20,Israel,1998.0,
1218140,Omer Shemesh,,,,,
1168145,Omri Hazor,,1988-10-13,Israel,1988.0,
999815,Omri Tal,,1992-08-11,Israel,1992.0,
1166921,Omri Yerushalmi,,1997-10-20,Israel,1997.0,
1218141,Ori Dagan,,,,,
1598003,Oscar Shaw,,,,,
597678,Otis Buckingham,,2006-09-20,United States of America,2006.0,
1277953,Oussana Aladeham,,,Morocco,,
1277952,Pablo Arroniz,,,Spain,,
566404,Pablo Calvin,,,,,
1247147,Pablo Chaves,,,,,
1247154,Pablo Horn,,,,,
1277946,Pablo Pastor,,,Spain,,
1137415,Pablo Silva,,,,,
1247129,Pablo Wohlgemuth,,,Argentina,,
566400,Paco Stuven,https://www.liveheats.com/images/0005c35e-8400-4ab0-951b-bcc4e9025c3b.webp,1969-06-28,Chile,1969.0,566400
776248,Pacome Chouvet,,,,,
1488187,Paddy Buckley,,,,,
1122468,Paddy Pim,,,,,
1351675,Panos Lamaris,,,,,
1338877,Pascal Blondet Cuba,"https://res.cloudinary.com/liveheats-com/image/facebook/w_128,h_128/10159617919300855.webp",2024-05-20,Peru,2024.0,
1417824,Pasquale Bisogni,,,Italy,,
1488155,Patrick Fesi,,,,,
1176468,Patrick Holldack,,,,,
566300,Patrick Rouseau,,,France,,
1598041,Paul Dunn,,,,,
1113116,Paul Gordan,,,,,
1488171,Paul Gourdin,,,,,
1525252,Paul Jackman,,,,,
1076681,Paul Karaolides,,,Cyprus,,
1598045,Paul Kerlaff,,,,,
1205855,Pauline Katz,"https://res.cloudinary.com/liveheats-com/image/facebook/w_128,h_128/10161552307699727.webp",1990-06-18,Switzerland,1990.0,
1304764,Pawel Bielinski,,,,,
1113109,Pawel Jankowski,,,,,
1122388,Perrik Autors,,,France,,
923887,Peter Gobisch,,,Germany,,
1306332,Peter Kenyon,,1971-09-01,Australia,1971.0,
1122400,Peter Mellier,,,France,,
1050503,Peter Myers,,,,,
936059,Peter Puhl,,,Australia,,
776177,Peter Tomsett,,,,,
1113103,Phil Hayden,,,,,
1122419,Phil Horrocks,,,United Kingdom of Great Britain and Northern Ireland,,
814748,Philip Köster,https://www.liveheats.com/images/b2e3b752-d739-4f4c-9b04-bb14b29d4aef.webp,2023-03-05,Germany,2023.0,
1324930,Philip Newmarch,"https://res.cloudinary.com/liveheats-com/image/facebook/w_128,h_128/995993788938972.webp",1972-02-11,United States of America,1972.0,
1196296,Phillip Richter,,,,,
1176473,Phoenix Stiles,,,,,
1351673,Piero Rautnik,,,,,
1122398,Pierre Blouin,,,France,,
1176457,Pierre Fallourd,,,,,
1076683,Pierre Godet,,,,,
1488154,Pierre Macquaert,,,,,
1122399,Pierre Marchand,,,France,,
936096,Pol Rafart,,,Australia,,
1399572,Preslav Ramov,,,,,
1065219,Quinn Aurichr,,,Australia,,
776570,Quique Figueroa,,,,,
775157,Rachdi El Abdi,,,,,
1277947,Rachid El Aadi,,,Morocco,,
776604,Rafael (Open Am),,,,,
776014,Rafael Annee,,,,,
566413,Rafael Parragué,,,,,
1277955,Raffa Sliame,,,Russian Federation,,
923348,Raimondo Gasperini,,,Italy,,
1380240,Raimundo Correa ,,1995-01-21,Chile,1995.0,
1606324,Ramon Delpiano,,1981-03-31,Chile,1981.0,
1180459,Ran Leshed,,,,,
1206567,Raoul Reiner,,1973-02-01,Germany,1973.0,
776015,Raphael Dalle,,,,,
1396584,Raphael Filippi,,1971-12-07,France,1971.0,
1488161,Raphael Fourment,,,,,
1196290,Raphael Schwinger,,,,,
923902,Rasmus Øgelund,,,,,
775149,Reda El Abdi,,,Morocco,,
1277940,Reda Reda,,,Morocco,,
1360943,Reinhard Perstel,,,,,
1088557,Renaud Simhon,,,,,
845736,Ricardo Campello,https://www.liveheats.com/images/050503b5-9b6f-47d0-809e-373e0b56ae3b.webp,1985-07-16,Venezuela (Bolivarian Republic of),1985.0,
1347244,Ricardo Gonzales,,,Chile,,
1206467,Ricardo Ríos ,https://liveheats.com/images/e39f93c2-d489-4e08-a7d2-f65fd3d5deaa.webp,1982-04-09,Chile,1982.0,
924054,Richard Fink,,,Australia,,
776138,Ricky Vandertoorn,,,Australia,,
1171678,Rita Hashimoto,,2003-11-12,Japan,2003.0,
1638132,River Fitzhardinghe,,,,,
1122482,Rob Castle,,,,,
1113089,Rob Crean,,,,,
1086827,Rob Funk,,,,,
1122439,Rob Loescher,,,,,
818279,Robby Swift,https://www.liveheats.com/images/7c6f3849-faff-45dc-af2f-39c67fb240d3.webp,1984-04-11,United Kingdom of Great Britain and Northern Ireland,1984.0,
1360946,Robert Timeo,,,,,
1219525,Roberto Carrasco,"https://res.cloudinary.com/liveheats-com/image/facebook/w_128,h_128/10229901308784519.webp",1990-03-25,Chile,1990.0,
1122488,Robin Walker,,,,,
1507935,Rodolfo Fritzsche,,,,,
1206570,Rodrigo Alvarez,,1980-01-07,Chile,1980.0,
566399,Rodrigo Desriviers,,,Chile,,
1223449,Rodrigo Oyanedel,,1990-01-08,Chile,1990.0,
1166831,Roi Hilel,,2002-11-15,Israel,2002.0,
1122387,Romain Cordier,,,France,,
1165473,Ron Barel,,1979-04-25,Israel,1979.0,
1122395,Ronan Calage,,,France,,
1508838,Ronan Kersaudy,,,,,
1122486,Ronnie Somerville,,,,,
1113115,Ross Gsamelov,,,,,
1122424,Ruaraidh Somerville,,,United Kingdom of Great Britain and Northern Ireland,,
1546281,Rui Ueta,"https://res.cloudinary.com/liveheats-com/image/facebook/w_128,h_128/9646389778751801.webp",2010-07-29,Japan,2010.0,
1069736,Runa Krabbenhoft,,,Germany,,
527167,Russ Faurot,https://www.liveheats.com/images/7d2b4f52-448c-4951-8d6c-7cc41da66808.webp,,Hawaii,,
1167311,Ryoma Sugi,https://liveheats.com/images/10ef4cf1-5cd0-4483-a893-3799cd0f8748.webp,2010-01-21,Japan,2010.0,
1502301,Rysei Kakegawa,,,Japan,,
1166082,Ryu Noguchi,,2007-04-21,Japan,2007.0,
1168576,Ryusei Kakegawa,,2010-10-20,Japan,2010.0,
776243,Sacha Fortune,,,France,,
775167,Salah Aboulkam,,,,,
1277967,Salah Ansis,,,Morocco,,
775156,Salah Eddine,,,Morocco,,
1277966,Salah Rmili,,,Morocco,,
1122428,Sam Anstey,,,,,
1122458,Sam Hawthorn,,,,,
1400234,Sam Lynch,,,,,
775166,Sami El Abdi,,,,,
923485,Samuele Ferraro,,,Italy,,
1322561,Sandro Dálessio,,,Spain,,
1384384,Santiago Fuentes Menz,,1977-12-20,Chile,1977.0,
1247135,Santiago Garceron,,,,,
1197966,Santiago Lirosi,https://www.liveheats.com/images/ee16da73-1912-4354-834b-010addd2c4b4.webp,1994-02-09,Argentina,1994.0,
1247151,Santiago Salar,,,Argentina,,
1137419,Santiago Vidal,,,,,
776171,Santina Pillonel,,,Australia,,
815310,Sarah Hauser,https://liveheats.com/images/231f6c4f-f47b-4c82-a550-ab1d0f2809f0.webp,1989-05-18,France,1989.0,
1351663,Sarah Jackson,,,,,
174196,Sarah Kenyon,https://liveheats.com/images/b6582b5b-8ab6-461d-be5b-31d5dc35e79b.webp,2008-09-29,Australia,2008.0,
820127,Sarah-Quita Offringa,https://www.liveheats.com/images/7c3df566-6afe-4912-83bf-2b21b73ae490.webp,1991-07-04,Aruba,1991.0,
1169644,Saran Masuda,"https://res.cloudinary.com/liveheats-com/image/facebook/w_128,h_128/1403559167201826.webp",2005-05-22,Japan,2005.0,
1182249,Satoshi Ichikawa,,1985-05-24,Japan,1985.0,
776105,Scott Mckercher,,,Australia,,
1113092,Scotty Mcdowall,,,,,
1113104,Sean Keane,,,,,
1507909,Sebastian Alarcon,,,,,
923901,Sebastian Bail,,,,,
1196301,Sebastian Buder,,,,,
1247130,Sebastian Corral,,,Argentina,,
1400891,Sebastian Crangle,,,,,
1488162,Sebastian Duyck,,,,,
1339382,Sebastian Galdos ,,1984-11-29,Peru,1984.0,
1247120,Sebastian Jimenez,,,,,
1213120,Sebastian Labbé,,1980-03-14,Chile,1980.0,
1207620,Sebastian Lazo,,1977-02-10,Chile,1977.0,
1471907,Sebastian Rojas,,,,,
1488160,Sebastien Dumortier,,,,,
1488157,Sebastien Senicourt,,,,,
1507900,Sebastián Lazo,,,,,
1502033,Sega Huang,,,"Taiwan, Province of China",,
1196306,Serge Linnekuhl,,,,,
776178,Serge Pillonel,,,,,
1277957,Sergio Alonso,,,Spain,,
1247137,Sergio Gaspar,,,Argentina,,
776010,Seth Boothman,,,Australia,,
1165477,Shahar Zubari,,1986-09-01,Israel,1986.0,
791615,Shane Finigan,,,Australia,,
1076672,Shawna Cropas,,,Canada,,
1502029,Shoko Saito,,,Japan,,
1170331,Shoko Yoshioka,,1987-07-12,Japan,1987.0,
999807,Sigrid Rondelez,,,Belgium,,
813428,Simeon Glasson,https://liveheats.com/images/c2c82052-4d62-4baf-a1f7-85f48dd6d48e.webp,1970-04-29,Australia,1970.0,
1488152,Simon Ruquet,,,,,
923494,Simon Thule,,,Denmark,,
923897,Simon Thule Kristensen,,,,,
1247124,Sito Souss,,,,,
1069738,Smilla Petersen,,,Germany,,
815441,Sol Degrieck,https://www.liveheats.com/images/89b1d351-8692-403f-9337-f070db4cc631.webp,2009-10-13,Belgium,2009.0,
1488177,Solveig Laurent,,,,,
1176465,Sophie Brazier,,,,,
775115,Soufiane Sahili,,,Morocco,,
1076612,Stanislav Bem,,,,,
1525266,Stefan Gabler,,,,,
1404079,Steffi Wahl,,,Germany,,
1277963,Stephan,,,France,,
775163,Stephane Leveque,,,,,
776204,Stephane Queniart,,,,,
566294,Stephanos Lefevre,,,,,
1113112,Stephen Lawless,,,,,
1122474,Steve Laddiman,,,,,
1399574,Steve Thorpe,,,,,
1289258,Steven Gall,,,,,
1488117,Stijn Vandenbrande,,,,,
1176367,Stuart Rennie,,,,,
1122417,Suzanne Le Jan,,,France,,
903847,Svenja Chudoba,https://www.liveheats.com/images/74061c09-d8cb-48f5-91fe-25e3b27ed2d7.webp,1990-10-09,Switzerland,1990.0,
1322554,Svetlana Kolpikova Bala,,,,,
1289262,Swann Tanton,,,,,
1202115,Sybille Bode,https://www.liveheats.com/images/a0491a3c-45fe-4a76-b140-b92ad915c075.webp,,Germany,,
1488143,Sylas Royer,,,,,
1122406,Sylvain Bourlard,,,France,,
776670,Taiga Matsumoto,,,Japan,,
1122416,Taina Postec,,,France,,
532103,Takafumi Noguchi,,,Japan,,
791459,Takami Moriya,,,Japan,,
835109,Takara Ishii 石井孝良,https://www.liveheats.com/images/4c3d715d-31d0-4d4d-b0e2-825c413c7e8c.webp,2001-01-13,Japan,2001.0,
1519364,Takashi Endo,"https://res.cloudinary.com/liveheats-com/image/facebook/w_128,h_128/3022812844524944.webp",1965-06-14,Japan,1965.0,
817916,Takuma Sugi,https://liveheats.com/images/cfafe559-ce51-4d8a-84c6-2b12b55885c7.webp,2002-07-23,Japan,2002.0,
1176481,Takumi Moriya,"https://res.cloudinary.com/liveheats-com/image/facebook/w_128,h_128/1190995282285937.webp",2006-08-27,Japan,2006.0,
1546264,Takumi Oichi,,1972-09-07,Japan,1972.0,
1180446,Tamar Steinberg,,2006-08-21,Israel,2006.0,
936092,Tania Holldack,,,Australia,,
769117,Tato Molina,,,Uruguay,,
1189668,Tbc,,,,,
1502036,Teb Leung,,,Philippines,,
1210024,Tetuji Haramaki,,,,,
1434269,Theo Pinedo,,2013-11-24,Chile,2013.0,
1488145,Thibault Moritz,,,,,
776245,Thierry Vermeister,,,,,
1488121,Thomas Beulens,,,,,
1525267,Thomas Callenaere,,,,,
1488122,Thomas De Nys,,,,,
776207,Thomas Fuste,,,,,
1405283,Thomas Garcia,https://www.liveheats.com/images/7702e1e9-3509-4bf8-a996-d8f2abae070e.webp,1957-09-29,Puerto Rico,1957.0,
1488164,Thomas Lemaitre,,,,,
1122402,Thomas Seguin,,,France,,
923908,Thomas Svensson,,,,,
1169354,Thomas Traversa,"https://res.cloudinary.com/liveheats-com/image/facebook/w_128,h_128/10231984318847473.webp",1985-12-04,France,1985.0,
1488151,Thomas Vanbatten,,,,,
936103,Thura Van Essen,,,Australia,,
1638468,Thurs Van Essen,,,,,
1122413,Théo Bombel,,,France,,
1502037,Ties Carlier,,,Netherlands,,
936057,Tim Knowles,,,Australia,,
924052,Tim Pitcher,,,Australia,,
1203723,Tim Van Dam Sanchidrian,,1999-12-05,Spain,1999.0,
1122425,Tim Watson,,,United Kingdom of Great Britain and Northern Ireland,,
1399571,Timo Mullen,,,,,
1122396,Titouan Dierickx,,,France,,
1196309,Tjorve Studt,,,,,
1576025,Tobias Bjørnaa,https://www.liveheats.com/images/9860b83c-b1a9-491f-bcb2-25f0ac04bbeb.webp,2006-03-31,Denmark,2006.0,
1416230,Toia Sanjurjo,,1994-12-10,Argentina,1994.0,
1393372,Tom Bennett Lloyd,,,,,
1598010,Tom Fenny,,,,,
1087575,Tom Garcia,,,,,
1289257,Tom Juban,,,France,,
1113101,Tom Lotocki,,,,,
1397983,Tom Reuveny,,2000-06-12,Israel,2000.0,
1448311,Tom Squires,,,,,
1195102,Tom White,,,,,
1137423,Tomas Djapic,,,,,
1247179,Tomas Melloni,,,,,
1180453,Tomer Ben Burhum,,,,,
1202030,Tomer Shamgar,,1998-06-13,Israel,1998.0,
1183815,Tomoya Kondoh,,1997-10-20,Japan,1997.0,
1390230,Tomás Charad,https://www.liveheats.com/images/e1569d28-0ed3-40ae-a30f-58c275546d33.webp,1987-06-01,Chile,1987.0,
923350,Toni Pijoan,,,Spain,,
769114,Toto Herman,,,Chile,,
1277944,Toufik El Abdi,,,Morocco,,
1069737,Trine Gobisch,,,Germany,,
1289261,Tristan Algret,,,,,
936095,Tyler Wallrodt,,,Australia,,
1500082,Ursula Speiser,,,,,
1076669,Val Lopez,,,Argentina,,
1322560,Valter Scotto,,,Spain,,
151806,Valters Videnieks,https://liveheats.com/images/6d2948f9-abb4-4fba-94b0-e335fb64fc83.webp,2005-09-08,Latvia,2005.0,
1322555,Vasiliki Argyropoulou,,,,,
1350111,Vic Marcelli,,,,,
1207547,Vicente Gonzalez,"https://res.cloudinary.com/liveheats-com/image/facebook/w_128,h_128/10231308404556475.webp",1997-06-23,Chile,1997.0,
1488194,Vicky Guthrie,,,,,
1122392,Victor Bouguyon,,,France,,
1488125,Victor Franssen,,,,,
1122408,Victor Le Savoureux,,,France,,
1122393,Victor Rosette,,,France,,
1505973,Victor Santa Maria,,,,,
1438241,Victor Tagle,,1964-01-30,Chile,1964.0,
1076615,Viktor Fransen,,,,,
1301829,Vincent Beauvarlet,https://liveheats.com/images/2013b076-8562-48d7-adea-dee3f3f05b33.webp,1974-05-26,France,1974.0,
1277960,Vitaly Kosenko,,,Russian Federation,,
1199256,Vladim Rud,"https://res.cloudinary.com/liveheats-com/image/facebook/w_128,h_128/7559936917403324.webp",1998-03-23,France,1998.0,
820094,Víctor Fernández,https://www.liveheats.com/images/6537867d-aaae-443a-9116-ece23adf9c74.webp,1984-04-25,Spain,1984.0,
776681,Wan Pin Juan,,,"Taiwan, Province of China",,
923881,Warren Holder,,,Australia,,
1342932,Wild Card 1,,,,,
1342934,Wild Card 2,,,,,
936060,Will Jones,,,,,
566410,Willy Munoz,,,,,
1437666,Willy Muñoz,,1981-12-31,Chile,1981.0,
1488174,Xavier Lebas,,,,,
1438205,Xavier Royaux,,1982-06-08,Belgium,1982.0,
1214150,Yael Meseg,,,,,
1180454,Yali Palty,,,,,
1122386,Yann Sorlut,,,France,,
1488156,Yann Sune,,,,,
1196297,Yannick Mittas,,,,,
1076608,Yannik Kolb González,,,,,
1277948,Yayha El Amrani,,,Morocco,,
999817,Yegor Popretinskiy,,,Russian Federation,,
1505043,Yerko Radovic,,,,,
1180451,Yoad Shaham,,,,,
1165483,Yoav Cohen,,1999-08-30,Israel,1999.0,
1324120,Yoav Omer,,1998-10-28,Israel,1998.0,
776251,Yohann Le Corre,,,,,
776673,Yong-Yi Chen ,,,"Taiwan, Province of China",,
1541111,Yoshiki Hattori,,1964-04-08,Japan,1964.0,
1168147,Yoshitaka Ikeda,,1960-10-12,Japan,1960.0,
1180464,Yossi Salomon,,,,,
775168,Younes Attar,,,,,
576097,Yuji Tasaka,"https://res.cloudinary.com/liveheats-com/image/facebook/w_128,h_128/28390985843880311.webp",1967-10-06,Japan,1967.0,576097
576093,Yuka Tasaka,,,Japan,,
1170311,Yuki Takanashi,,2004-10-22,Japan,2004.0,
1210022,Yukihiro Nakamura,,,,,
1166133,Yuma Itabisashi,,1991-12-24,Japan,1991.0,
1176483,Yuma Kobayashi,,1991-04-18,Japan,1991.0,
1181562,Yushi Shirakata,https://liveheats.com/images/048efebd-c75d-441a-9e57-f7a71a264b31.webp,1996-01-31,Japan,1996.0,
775148,Yves Masnada,,,Morocco,,
776173,Zac Debenham,,,Australia,,
1122469,Zac Nicol,,,,,
791485,Zack Coleman,,,Australia,,
1598046,Zak Nicol,,,,,
1176467,Zara Gill,,,,,
1405412,Zdenek Maryzko,https://liveheats.com/images/e08038b0-f258-4c6d-9434-42180e3be576.webp,1982-11-20,Czechia,1982.0,
776678,曾映皓 Jimmy Zheng,,,"Taiwan, Province of China",,
776669,李湘庭 (Penghu),,,"Taiwan, Province of China",,
1195125,湘庭李,,,,,
