,event_id,event_name,results_status,day_window,start_date,finish_date,location,stars,division_id,division_name,sex,event_link,division_rank_name,division_rank_id,source,elimination
0,190953,HAWAII: 2 STAR Challengers - Maui Strong Aloha Classic Grand Final,Results Published,12,22/10/2023,03/11/2023,Hawaii,2.0,363706,Men,,,Men,363706,live heats,
1,190953,HAWAII: 2 STAR Challengers - Maui Strong Aloha Classic Grand Final,Results Published,12,22/10/2023,03/11/2023,Hawaii,2.0,363707,Women,,,Women,363707,live heats,
2,190953,HAWAII: 2 STAR Challengers - Maui Strong Aloha Classic Grand Final,Results Published,12,22/10/2023,03/11/2023,Hawaii,2.0,363708,U20 Boys,,,U20 Boys,363708,live heats,
3,147526,Denmark: 2 STAR Open Windsurf Wave Championships,Results Published,2,10/06/2023,12/06/2023,Denmark,2.0,290156,Men,,,Men,290156,live heats,
4,147526,Denmark: 2 STAR Open Windsurf Wave Championships,Results Published,2,10/06/2023,12/06/2023,Denmark,2.0,290157,Women,,,Women,290157,live heats,
5,147526,Denmark: 2 STAR Open Windsurf Wave Championships,Results Published,2,10/06/2023,12/06/2023,Denmark,2.0,290158,Junior Boys,,,Junior Boys,290158,live heats,
6,147526,Denmark: 2 STAR Open Windsurf Wave Championships,Results Published,2,10/06/2023,12/06/2023,Denmark,2.0,290159,Junior Girls,,,Junior Girls,290159,live heats,
7,147526,Denmark: 2 STAR Open Windsurf Wave Championships,Results Published,2,10/06/2023,12/06/2023,Denmark,2.0,290160,Masters,,,Masters,290160,live heats,
8,164024,PERU: 2 STAR Pacasmayo Classic,Results Published,10,25/08/2023,04/09/2023,Peru,2.0,315787,Men,,,Men,315787,live heats,
9,72489,Australia: 2 STAR Margaret River Wavesailing Classic,Results Published,4,26/01/2023,30/01/2023,Australia,2.0,168257,Men,,,Men,168257,live heats,
10,72489,Australia: 2 STAR Margaret River Wavesailing Classic,Results Published,4,26/01/2023,30/01/2023,Australia,2.0,168258,Women,,,Women,168258,live heats,
11,72489,Australia: 2 STAR Margaret River Wavesailing Classic,Results Published,4,26/01/2023,30/01/2023,Australia,2.0,168259,Junior Boys,,,Junior Boys,168259,live heats,
12,72489,Australia: 2 STAR Margaret River Wavesailing Classic,Results Published,4,26/01/2023,30/01/2023,Australia,2.0,168260,Masters,,,Masters,168260,live heats,
13,72489,Australia: 2 STAR Margaret River Wavesailing Classic,Results Published,4,26/01/2023,30/01/2023,Australia,2.0,293484,Junior Girls,,,Junior Girls,293484,live heats,
14,117331,SPAIN: 5 STAR Gran Canaria World Cup,Results Published,9,01/07/2023,10/07/2023,Spain,5.0,247055,Junior Boys,,,Junior Boys,247055,live heats,
15,117331,SPAIN: 5 STAR Gran Canaria World Cup,Results Published,9,01/07/2023,10/07/2023,Spain,5.0,247056,Masters,,,Masters,247056,live heats,
16,117331,SPAIN: 5 STAR Gran Canaria World Cup,Results Published,9,01/07/2023,10/07/2023,Spain,5.0,290080,Junior Girls,,,Junior Girls,290080,live heats,
17,117331,SPAIN: 5 STAR Gran Canaria World Cup,Results Published,9,01/07/2023,10/07/2023,Spain,5.0,293776,U17 Boys,,,U17 Boys,293776,live heats,
18,117331,SPAIN: 5 STAR Gran Canaria World Cup,Results Published,9,01/07/2023,10/07/2023,Spain,5.0,293777,U15 Boys,,,U15 Boys,293777,live heats,
19,117331,SPAIN: 5 STAR Gran Canaria World Cup,Results Published,9,01/07/2023,10/07/2023,Spain,5.0,293809,U17 Girls,,,U17 Girls,293809,live heats,
20,72452,FIJI.PRO: 5 STAR 2023 FIJI SURF PRO ,Results Published,11,01/06/2023,12/06/2023,Fiji.Pro,5.0,168196,Men,,,Men,168196,live heats,
21,72452,FIJI.PRO: 5 STAR 2023 FIJI SURF PRO ,Results Published,11,01/06/2023,12/06/2023,Fiji.Pro,5.0,168197,Women,,,Women,168197,live heats,
22,147528,DENMARK: 5 STAR PWA/IWT Cold Hawaii Youth World Tour Final,Results Published,7,14/10/2023,21/10/2023,Denmark,5.0,290163,Junior Boys,,,Junior Boys,290163,live heats,
23,147528,DENMARK: 5 STAR PWA/IWT Cold Hawaii Youth World Tour Final,Results Published,7,14/10/2023,21/10/2023,Denmark,5.0,290164,Junior Girls,,,Junior Girls,290164,live heats,
24,147528,DENMARK: 5 STAR PWA/IWT Cold Hawaii Youth World Tour Final,Results Published,7,14/10/2023,21/10/2023,Denmark,5.0,290165,U17 Boys,,,U17 Boys,290165,live heats,
25,147528,DENMARK: 5 STAR PWA/IWT Cold Hawaii Youth World Tour Final,Results Published,7,14/10/2023,21/10/2023,Denmark,5.0,290166,U15 Girls,,,U15 Girls,290166,live heats,
26,147528,DENMARK: 5 STAR PWA/IWT Cold Hawaii Youth World Tour Final,Results Published,7,14/10/2023,21/10/2023,Denmark,5.0,290167,U13,,,U13,290167,live heats,
27,147528,DENMARK: 5 STAR PWA/IWT Cold Hawaii Youth World Tour Final,Results Published,7,14/10/2023,21/10/2023,Denmark,5.0,332984,U15 Boys,,,U15 Boys,332984,live heats,
28,220586,Japan: 2 STAR Cold Breeze,Results Published,2,22/12/2023,24/12/2023,Japan,2.0,408814,Men,,,Men,408814,live heats,
29,220586,Japan: 2 STAR Cold Breeze,Results Published,2,22/12/2023,24/12/2023,Japan,2.0,408815,Women,,,Women,408815,live heats,
30,220586,Japan: 2 STAR Cold Breeze,Results Published,2,22/12/2023,24/12/2023,Japan,2.0,408816,Masters,,,Masters,408816,live heats,
31,220586,Japan: 2 STAR Cold Breeze,Results Published,2,22/12/2023,24/12/2023,Japan,2.0,408818,Junior Girls,,,Junior Girls,408818,live heats,
32,220586,Japan: 2 STAR Cold Breeze,Results Published,2,22/12/2023,24/12/2023,Japan,2.0,408817,Junior Boys,,,Junior Boys,408817,live heats,
33,164717,CHILE: 2 STAR SURAZO Infernal - Men,Results Published,9,24/03/2023,02/04/2023,Chile,2.0,315939,Men,,,Men,315939,live heats,
34,187568,Morocco: Junior 100% Moulay Wave Classic,Results Published,8,26/04/2024,04/05/2024,Morocco,,353313,Junior Girls,,,Junior Girls,353313,live heats,
35,187568,Morocco: Junior 100% Moulay Wave Classic,Results Published,8,26/04/2024,04/05/2024,Morocco,,353314,Junior Boys,,,Junior Boys,353314,live heats,
36,187555,Taiwan: 1 STAR Taitung Wave Classic,Results Published,30,31/10/2023,30/11/2023,Taiwan,1.0,353252,Women,,,Women,353252,live heats,
37,187555,Taiwan: 1 STAR Taitung Wave Classic,Results Published,30,31/10/2023,30/11/2023,Taiwan,1.0,353253,Men,,,Men,353253,live heats,
38,187555,Taiwan: 1 STAR Taitung Wave Classic,Results Published,30,31/10/2023,30/11/2023,Taiwan,1.0,353254,Masters,,,Masters,353254,live heats,
39,187555,Taiwan: 1 STAR Taitung Wave Classic,Results Published,30,31/10/2023,30/11/2023,Taiwan,1.0,353255,Junior Girls,,,Junior Girls,353255,live heats,
40,187555,Taiwan: 1 STAR Taitung Wave Classic,Results Published,30,31/10/2023,30/11/2023,Taiwan,1.0,353256,Junior Boys,,,Junior Boys,353256,live heats,
41,187556,Australia: 1 STAR Merimbula Classic,Results Published,4,22/11/2023,26/11/2023,Australia,1.0,353257,Women,,,Women,353257,live heats,
42,187556,Australia: 1 STAR Merimbula Classic,Results Published,4,22/11/2023,26/11/2023,Australia,1.0,353258,Men,,,Men,353258,live heats,
43,187556,Australia: 1 STAR Merimbula Classic,Results Published,4,22/11/2023,26/11/2023,Australia,1.0,353259,Masters,,,Masters,353259,live heats,
44,187556,Australia: 1 STAR Merimbula Classic,Results Published,4,22/11/2023,26/11/2023,Australia,1.0,353260,Junior Girls,,,Junior Girls,353260,live heats,
45,187556,Australia: 1 STAR Merimbula Classic,Results Published,4,22/11/2023,26/11/2023,Australia,1.0,353261,Junior Boys,,,Junior Boys,353261,live heats,
46,187578,Wales: 2 STAR Rhosneigr Wave Classic 2024,Results Published,2,20/09/2024,22/09/2024,Wales,2.0,353358,Men,,,Men,353358,live heats,
47,187578,Wales: 2 STAR Rhosneigr Wave Classic 2024,Results Published,2,20/09/2024,22/09/2024,Wales,2.0,353359,Women,,,Women,353359,live heats,
48,187578,Wales: 2 STAR Rhosneigr Wave Classic 2024,Results Published,2,20/09/2024,22/09/2024,Wales,2.0,353360,Junior Boys,,,Junior Boys,353360,live heats,
49,187578,Wales: 2 STAR Rhosneigr Wave Classic 2024,Results Published,2,20/09/2024,22/09/2024,Wales,2.0,353361,Masters,,,Masters,353361,live heats,
50,187578,Wales: 2 STAR Rhosneigr Wave Classic 2024,Results Published,2,20/09/2024,22/09/2024,Wales,2.0,353362,Junior Girls,,,Junior Girls,353362,live heats,
51,187558,Australia: YOUTH 100% Jaffle Shack Oceania Youth Wave Titles and Junior Windsurf Camp,Results Published,6,15/01/2024,21/01/2024,Australia,,353267,Junior Girls,,,Junior Girls,353267,live heats,
52,187558,Australia: YOUTH 100% Jaffle Shack Oceania Youth Wave Titles and Junior Windsurf Camp,Results Published,6,15/01/2024,21/01/2024,Australia,,353268,Junior Boys,,,Junior Boys,353268,live heats,
53,187558,Australia: YOUTH 100% Jaffle Shack Oceania Youth Wave Titles and Junior Windsurf Camp,Results Published,6,15/01/2024,21/01/2024,Australia,,353271,U15 Girls,,,U15 Girls,353271,live heats,
54,187558,Australia: YOUTH 100% Jaffle Shack Oceania Youth Wave Titles and Junior Windsurf Camp,Results Published,6,15/01/2024,21/01/2024,Australia,,353272,U15 Boys,,,U15 Boys,353272,live heats,
55,187558,Australia: YOUTH 100% Jaffle Shack Oceania Youth Wave Titles and Junior Windsurf Camp,Results Published,6,15/01/2024,21/01/2024,Australia,,353273,U13,,,U13,353273,live heats,
56,187558,Australia: YOUTH 100% Jaffle Shack Oceania Youth Wave Titles and Junior Windsurf Camp,Results Published,6,15/01/2024,21/01/2024,Australia,,388585,Pro Junior GIrls,,,Pro Junior GIrls,388585,live heats,
57,187558,Australia: YOUTH 100% Jaffle Shack Oceania Youth Wave Titles and Junior Windsurf Camp,Results Published,6,15/01/2024,21/01/2024,Australia,,388586,Pro Junior Boys,,,Pro Junior Boys,388586,live heats,
58,249495,AFRICA: 3 STAR REGIONAL FINAL Moulay Wave Classic,Results Published,8,26/04/2024,04/05/2024,Africa,3.0,441634,Men,,,Men,441634,live heats,
59,187564,SPAIN: 5 STAR Gran Canaria World Cup,Results Published,10,27/06/2024,07/07/2024,Spain,5.0,353301,Masters,,,Masters,353301,live heats,
60,187564,SPAIN: 5 STAR Gran Canaria World Cup,Results Published,10,27/06/2024,07/07/2024,Spain,5.0,353302,Junior Girls,,,Junior Girls,353302,live heats,
61,187564,SPAIN: 5 STAR Gran Canaria World Cup,Results Published,10,27/06/2024,07/07/2024,Spain,5.0,353303,Junior Boys,,,Junior Boys,353303,live heats,
62,187564,SPAIN: 5 STAR Gran Canaria World Cup,Results Published,10,27/06/2024,07/07/2024,Spain,5.0,454486,Pro Junior GIrls,,,Pro Junior GIrls,454486,live heats,
63,187564,SPAIN: 5 STAR Gran Canaria World Cup,Results Published,10,27/06/2024,07/07/2024,Spain,5.0,454487,Pro Junior Boys,,,Pro Junior Boys,454487,live heats,
64,270680,PERU: 100% Masters Juniors Peru World Cup,Results Published,15,03/08/2024,18/08/2024,Peru,,471646,Masters,,,Masters,471646,live heats,
65,270680,PERU: 100% Masters Juniors Peru World Cup,Results Published,15,03/08/2024,18/08/2024,Peru,,471647,Junior Girls,,,Junior Girls,471647,live heats,
66,270680,PERU: 100% Masters Juniors Peru World Cup,Results Published,15,03/08/2024,18/08/2024,Peru,,471648,Junior Boys,,,Junior Boys,471648,live heats,
67,270680,PERU: 100% Masters Juniors Peru World Cup,Results Published,15,03/08/2024,18/08/2024,Peru,,471649,Pro Junior GIrls,,,Pro Junior GIrls,471649,live heats,
68,270680,PERU: 100% Masters Juniors Peru World Cup,Results Published,15,03/08/2024,18/08/2024,Peru,,471650,Pro Junior Boys,,,Pro Junior Boys,471650,live heats,
69,270680,PERU: 100% Masters Juniors Peru World Cup,Results Published,15,03/08/2024,18/08/2024,Peru,,471656,OPEN,,,OPEN,471656,live heats,
70,270680,PERU: 100% Masters Juniors Peru World Cup,Results Published,15,03/08/2024,18/08/2024,Peru,,471657,Grand Masters,,,Grand Masters,471657,live heats,
71,285332,France: 2 STAR French Windsurf Championship at Pole Nautique Hague,Results Published,23,23/11/2024,16/12/2024,France,2.0,492502,Men,,,Men,492502,live heats,
72,285332,France: 2 STAR French Windsurf Championship at Pole Nautique Hague,Results Published,23,23/11/2024,16/12/2024,France,2.0,492503,Women,,,Women,492503,live heats,
73,285332,France: 2 STAR French Windsurf Championship at Pole Nautique Hague,Results Published,23,23/11/2024,16/12/2024,France,2.0,492504,Junior Girls,,,Junior Girls,492504,live heats,
74,285332,France: 2 STAR French Windsurf Championship at Pole Nautique Hague,Results Published,23,23/11/2024,16/12/2024,France,2.0,492505,Junior Boys,,,Junior Boys,492505,live heats,
75,285332,France: 2 STAR French Windsurf Championship at Pole Nautique Hague,Results Published,23,23/11/2024,16/12/2024,France,2.0,492506,Masters,,,Masters,492506,live heats,
76,147529,Scotland: 2 STAR Tiree Wave Classic,Results Published,7,14/10/2023,21/10/2023,Scotland,2.0,290168,Men,,,Men,290168,live heats,
77,147529,Scotland: 2 STAR Tiree Wave Classic,Results Published,7,14/10/2023,21/10/2023,Scotland,2.0,290169,Women,,,Women,290169,live heats,
78,147529,Scotland: 2 STAR Tiree Wave Classic,Results Published,7,14/10/2023,21/10/2023,Scotland,2.0,290170,Junior Boys,,,Junior Boys,290170,live heats,
79,147529,Scotland: 2 STAR Tiree Wave Classic,Results Published,7,14/10/2023,21/10/2023,Scotland,2.0,290171,Masters,,,Masters,290171,live heats,
80,181652,HAWAII: 5 STAR Maui Strong Aloha Classic Grand Final,Results Published,13,22/10/2023,04/11/2023,Hawaii,5.0,343314,Men,,,Men,343314,live heats,
81,181652,HAWAII: 5 STAR Maui Strong Aloha Classic Grand Final,Results Published,13,22/10/2023,04/11/2023,Hawaii,5.0,343315,Women,,,Women,343315,live heats,
82,181652,HAWAII: 5 STAR Maui Strong Aloha Classic Grand Final,Results Published,13,22/10/2023,04/11/2023,Hawaii,5.0,343317,Masters,,,Masters,343317,live heats,
83,147592,Australia: 2 STAR North Windsurfing East Coast Titles. Sydney,Results Published,3,02/02/2024,05/02/2024,Australia,2.0,290222,Men,,,Men,290222,live heats,
84,147592,Australia: 2 STAR North Windsurfing East Coast Titles. Sydney,Results Published,3,02/02/2024,05/02/2024,Australia,2.0,290223,Women,,,Women,290223,live heats,
85,147592,Australia: 2 STAR North Windsurfing East Coast Titles. Sydney,Results Published,3,02/02/2024,05/02/2024,Australia,2.0,290225,Masters,,,Masters,290225,live heats,
86,147592,Australia: 2 STAR North Windsurfing East Coast Titles. Sydney,Results Published,3,02/02/2024,05/02/2024,Australia,2.0,290226,Open AM,,,Open AM,290226,live heats,
87,187570,Scotland: 3 STAR Tiree Wave Classic,Results Published,7,11/10/2024,18/10/2024,Scotland,3.0,353317,Men,,,Men,353317,live heats,
88,187570,Scotland: 3 STAR Tiree Wave Classic,Results Published,7,11/10/2024,18/10/2024,Scotland,3.0,353318,Women,,,Women,353318,live heats,
89,187570,Scotland: 3 STAR Tiree Wave Classic,Results Published,7,11/10/2024,18/10/2024,Scotland,3.0,353319,Junior Boys,,,Junior Boys,353319,live heats,
90,187570,Scotland: 3 STAR Tiree Wave Classic,Results Published,7,11/10/2024,18/10/2024,Scotland,3.0,353320,Masters,,,Masters,353320,live heats,
91,187570,Scotland: 3 STAR Tiree Wave Classic,Results Published,7,11/10/2024,18/10/2024,Scotland,3.0,353321,Junior Girls,,,Junior Girls,353321,live heats,
92,118319,CHILE: 4 STAR SURAZO Infernal - Women,Results Published,9,25/03/2023,03/04/2023,Chile,4.0,248203,Women,,,Women,248203,live heats,
93,117362,JAPAN: 5 STAR 2023 SPICARE Omaezaki Japan Cup - OPEN PRO,Results Published,6,16/03/2023,22/03/2023,Japan,5.0,247081,Men,,,Men,247081,live heats,
94,117362,JAPAN: 5 STAR 2023 SPICARE Omaezaki Japan Cup - OPEN PRO,Results Published,6,16/03/2023,22/03/2023,Japan,5.0,247082,Women,,,Women,247082,live heats,
95,117362,JAPAN: 5 STAR 2023 SPICARE Omaezaki Japan Cup - OPEN PRO,Results Published,6,16/03/2023,22/03/2023,Japan,5.0,247083,Junior Boys,,,Junior Boys,247083,live heats,
96,117362,JAPAN: 5 STAR 2023 SPICARE Omaezaki Japan Cup - OPEN PRO,Results Published,6,16/03/2023,22/03/2023,Japan,5.0,247084,Masters,,,Masters,247084,live heats,
97,118385,CHILE: 4 STAR SURAZO Infernal - Masters & Youth,Results Published,9,25/03/2023,03/04/2023,Chile,4.0,248368,Masters,,,Masters,248368,live heats,
98,118385,CHILE: 4 STAR SURAZO Infernal - Masters & Youth,Results Published,9,25/03/2023,03/04/2023,Chile,4.0,248369,Junior Boys,,,Junior Boys,248369,live heats,
99,118715,JAPAN: 5 STAR 2023 SPICARE Omaezaki Japan Cup - WOMEN.Youth.Masters,Results Published,6,16/03/2023,22/03/2023,Japan,5.0,248731,Women,,,Women,248731,live heats,
100,118715,JAPAN: 5 STAR 2023 SPICARE Omaezaki Japan Cup - WOMEN.Youth.Masters,Results Published,6,16/03/2023,22/03/2023,Japan,5.0,248732,Junior Boys,,,Junior Boys,248732,live heats,
101,118715,JAPAN: 5 STAR 2023 SPICARE Omaezaki Japan Cup - WOMEN.Youth.Masters,Results Published,6,16/03/2023,22/03/2023,Japan,5.0,248733,Masters,,,Masters,248733,live heats,
102,118715,JAPAN: 5 STAR 2023 SPICARE Omaezaki Japan Cup - WOMEN.Youth.Masters,Results Published,6,16/03/2023,22/03/2023,Japan,5.0,253879,U15 Girls,,,U15 Girls,253879,live heats,
103,118715,JAPAN: 5 STAR 2023 SPICARE Omaezaki Japan Cup - WOMEN.Youth.Masters,Results Published,6,16/03/2023,22/03/2023,Japan,5.0,253880,U15 Boys,,,U15 Boys,253880,live heats,
104,147591,Australia: 2 STAR Severne Wavesailing Nationals,Results Published,9,11/11/2023,20/11/2023,Australia,2.0,290217,Men,,,Men,290217,live heats,
105,147591,Australia: 2 STAR Severne Wavesailing Nationals,Results Published,9,11/11/2023,20/11/2023,Australia,2.0,290218,Women,,,Women,290218,live heats,
106,147591,Australia: 2 STAR Severne Wavesailing Nationals,Results Published,9,11/11/2023,20/11/2023,Australia,2.0,290219,Junior Boys,,,Junior Boys,290219,live heats,
107,147591,Australia: 2 STAR Severne Wavesailing Nationals,Results Published,9,11/11/2023,20/11/2023,Australia,2.0,290220,Masters,,,Masters,290220,live heats,
108,147591,Australia: 2 STAR Severne Wavesailing Nationals,Results Published,9,11/11/2023,20/11/2023,Australia,2.0,316788,Junior Girls,,,Junior Girls,316788,live heats,
109,187563,CHILE: 5 STAR Surazo Infernal World Cup,Results Published,12,31/03/2024,12/04/2024,Chile,5.0,353294,Women,,,Women,353294,live heats,
110,187563,CHILE: 5 STAR Surazo Infernal World Cup,Results Published,12,31/03/2024,12/04/2024,Chile,5.0,353295,Men,,,Men,353295,live heats,
111,187563,CHILE: 5 STAR Surazo Infernal World Cup,Results Published,12,31/03/2024,12/04/2024,Chile,5.0,353296,Masters,,,Masters,353296,live heats,
112,187563,CHILE: 5 STAR Surazo Infernal World Cup,Results Published,12,31/03/2024,12/04/2024,Chile,5.0,402097,Pro Junior GIrls,,,Pro Junior GIrls,402097,live heats,
113,187563,CHILE: 5 STAR Surazo Infernal World Cup,Results Published,12,31/03/2024,12/04/2024,Chile,5.0,353297,Junior Girls,,,Junior Girls,353297,live heats,
114,187563,CHILE: 5 STAR Surazo Infernal World Cup,Results Published,12,31/03/2024,12/04/2024,Chile,5.0,402098,Pro Junior Boys,,,Pro Junior Boys,402098,live heats,
115,187563,CHILE: 5 STAR Surazo Infernal World Cup,Results Published,12,31/03/2024,12/04/2024,Chile,5.0,353298,Junior Boys,,,Junior Boys,353298,live heats,
116,187563,CHILE: 5 STAR Surazo Infernal World Cup,Results Published,12,31/03/2024,12/04/2024,Chile,5.0,407963,Open AM,,,Open AM,407963,live heats,
117,350012,Ireland: 2 STAR Magheroarty Classic,Scheduled,3,08/08/2025,11/08/2025,Ireland,2.0,637801,Women,,,Women,637801,live heats,
118,350012,Ireland: 2 STAR Magheroarty Classic,Scheduled,3,08/08/2025,11/08/2025,Ireland,2.0,637802,Men,,,Men,637802,live heats,
119,350012,Ireland: 2 STAR Magheroarty Classic,Scheduled,3,08/08/2025,11/08/2025,Ireland,2.0,637803,Masters,,,Masters,637803,live heats,
120,350012,Ireland: 2 STAR Magheroarty Classic,Scheduled,3,08/08/2025,11/08/2025,Ireland,2.0,637804,Pro Junior GIrls,,,Pro Junior GIrls,637804,live heats,
121,350012,Ireland: 2 STAR Magheroarty Classic,Scheduled,3,08/08/2025,11/08/2025,Ireland,2.0,637805,Pro Junior Boys,,,Pro Junior Boys,637805,live heats,
122,350012,Ireland: 2 STAR Magheroarty Classic,Scheduled,3,08/08/2025,11/08/2025,Ireland,2.0,637806,Junior Girls,,,Junior Girls,637806,live heats,
123,350012,Ireland: 2 STAR Magheroarty Classic,Scheduled,3,08/08/2025,11/08/2025,Ireland,2.0,637807,Junior Boys,,,Junior Boys,637807,live heats,
124,350012,Ireland: 2 STAR Magheroarty Classic,Scheduled,3,08/08/2025,11/08/2025,Ireland,2.0,637808,OPEN,,,OPEN,637808,live heats,
125,322589,Japan: 2 STAR JWA Junior Wave ,Results Published,3,26/12/2024,29/12/2024,Japan,2.0,586057,Pro Junior Boys,,,Pro Junior Boys,586057,live heats,
126,322589,Japan: 2 STAR JWA Junior Wave ,Results Published,3,26/12/2024,29/12/2024,Japan,2.0,586058,Pro Junior GIrls,,,Pro Junior GIrls,586058,live heats,
127,322589,Japan: 2 STAR JWA Junior Wave ,Results Published,3,26/12/2024,29/12/2024,Japan,2.0,586059,Junior Boys,,,Junior Boys,586059,live heats,
128,322589,Japan: 2 STAR JWA Junior Wave ,Results Published,3,26/12/2024,29/12/2024,Japan,2.0,586060,Junior Girls,,,Junior Girls,586060,live heats,
129,322589,Japan: 2 STAR JWA Junior Wave ,Results Published,3,26/12/2024,29/12/2024,Japan,2.0,586061,U15,,,U15,586061,live heats,
130,72487,Australia: 2 STAR Sydney Classic,Results Published,3,10/12/2022,13/12/2022,Australia,2.0,168245,Men,,,Men,168245,live heats,
131,72487,Australia: 2 STAR Sydney Classic,Results Published,3,10/12/2022,13/12/2022,Australia,2.0,168246,Women,,,Women,168246,live heats,
132,72487,Australia: 2 STAR Sydney Classic,Results Published,3,10/12/2022,13/12/2022,Australia,2.0,168247,Junior Boys,,,Junior Boys,168247,live heats,
133,72487,Australia: 2 STAR Sydney Classic,Results Published,3,10/12/2022,13/12/2022,Australia,2.0,168248,Masters,,,Masters,168248,live heats,
134,72487,Australia: 2 STAR Sydney Classic,Results Published,3,10/12/2022,13/12/2022,Australia,2.0,293481,Junior Girls,,,Junior Girls,293481,live heats,
135,270681,SPAIN: 100% Masters Juniors Tenerife Classic World Cup,Results Published,15,03/08/2024,18/08/2024,Spain,,471651,Masters,,,Masters,471651,live heats,
136,270681,SPAIN: 100% Masters Juniors Tenerife Classic World Cup,Results Published,15,03/08/2024,18/08/2024,Spain,,471652,Junior Girls,,,Junior Girls,471652,live heats,
137,270681,SPAIN: 100% Masters Juniors Tenerife Classic World Cup,Results Published,15,03/08/2024,18/08/2024,Spain,,471653,Junior Boys,,,Junior Boys,471653,live heats,
138,270681,SPAIN: 100% Masters Juniors Tenerife Classic World Cup,Results Published,15,03/08/2024,18/08/2024,Spain,,471654,Pro Junior GIrls,,,Pro Junior GIrls,471654,live heats,
139,270681,SPAIN: 100% Masters Juniors Tenerife Classic World Cup,Results Published,15,03/08/2024,18/08/2024,Spain,,471655,Pro Junior Boys,,,Pro Junior Boys,471655,live heats,
140,81590,Japan: 2 STAR Winter Cup,Results Published,2,04/02/2023,06/02/2023,Japan,2.0,186163,Men,,,Men,186163,live heats,
141,81590,Japan: 2 STAR Winter Cup,Results Published,2,04/02/2023,06/02/2023,Japan,2.0,186164,Women,,,Women,186164,live heats,
142,81590,Japan: 2 STAR Winter Cup,Results Published,2,04/02/2023,06/02/2023,Japan,2.0,186165,Junior Boys,,,Junior Boys,186165,live heats,
143,81590,Japan: 2 STAR Winter Cup,Results Published,2,04/02/2023,06/02/2023,Japan,2.0,293486,Junior Girls,,,Junior Girls,293486,live heats,
144,81590,Japan: 2 STAR Winter Cup,Results Published,2,04/02/2023,06/02/2023,Japan,2.0,186166,Masters,,,Masters,186166,live heats,
145,268537,Chile: 2 STAR Llico Historico Vichuquen,Results Published,3,17/01/2025,20/01/2025,Chile,2.0,467766,Women,,,Women,467766,live heats,
146,268537,Chile: 2 STAR Llico Historico Vichuquen,Results Published,3,17/01/2025,20/01/2025,Chile,2.0,467767,Men,,,Men,467767,live heats,
147,268537,Chile: 2 STAR Llico Historico Vichuquen,Results Published,3,17/01/2025,20/01/2025,Chile,2.0,467768,Masters,,,Masters,467768,live heats,
148,268537,Chile: 2 STAR Llico Historico Vichuquen,Results Published,3,17/01/2025,20/01/2025,Chile,2.0,467769,Pro Junior GIrls,,,Pro Junior GIrls,467769,live heats,
149,268537,Chile: 2 STAR Llico Historico Vichuquen,Results Published,3,17/01/2025,20/01/2025,Chile,2.0,467770,Pro Junior Boys,,,Pro Junior Boys,467770,live heats,
150,268537,Chile: 2 STAR Llico Historico Vichuquen,Results Published,3,17/01/2025,20/01/2025,Chile,2.0,467771,Junior Girls,,,Junior Girls,467771,live heats,
151,268537,Chile: 2 STAR Llico Historico Vichuquen,Results Published,3,17/01/2025,20/01/2025,Chile,2.0,467772,Junior Boys,,,Junior Boys,467772,live heats,
152,268537,Chile: 2 STAR Llico Historico Vichuquen,Results Published,3,17/01/2025,20/01/2025,Chile,2.0,587986,Open AM,,,Open AM,587986,live heats,
153,268537,Chile: 2 STAR Llico Historico Vichuquen,Results Published,3,17/01/2025,20/01/2025,Chile,2.0,587987,Grand Masters,,,Grand Masters,587987,live heats,
154,263420,France: 3 STAR Wissant Wave Classic,Results Published,2,20/12/2024,22/12/2024,France,3.0,460767,Women,,,Women,460767,live heats,
155,263420,France: 3 STAR Wissant Wave Classic,Results Published,2,20/12/2024,22/12/2024,France,3.0,460768,Men,,,Men,460768,live heats,
156,263420,France: 3 STAR Wissant Wave Classic,Results Published,2,20/12/2024,22/12/2024,France,3.0,460770,Pro Junior GIrls,,,Pro Junior GIrls,460770,live heats,
157,263420,France: 3 STAR Wissant Wave Classic,Results Published,2,20/12/2024,22/12/2024,France,3.0,460771,Pro Junior Boys,,,Pro Junior Boys,460771,live heats,
158,263420,France: 3 STAR Wissant Wave Classic,Results Published,2,20/12/2024,22/12/2024,France,3.0,460772,Junior Boys,,,Junior Boys,460772,live heats,
159,263420,France: 3 STAR Wissant Wave Classic,Results Published,2,20/12/2024,22/12/2024,France,3.0,460773,Junior Girls,,,Junior Girls,460773,live heats,
160,263420,France: 3 STAR Wissant Wave Classic,Results Published,2,20/12/2024,22/12/2024,France,3.0,460769,Masters,,,Masters,460769,live heats,
161,221942,Argentina : 2 Star Mar Del Plata ,Results Published,17,13/04/2024,30/04/2024,Argentina,2.0,410348,Women,,,Women,410348,live heats,
162,221942,Argentina : 2 Star Mar Del Plata ,Results Published,17,13/04/2024,30/04/2024,Argentina,2.0,410349,Men,,,Men,410349,live heats,
163,221942,Argentina : 2 Star Mar Del Plata ,Results Published,17,13/04/2024,30/04/2024,Argentina,2.0,410350,Masters,,,Masters,410350,live heats,
164,221942,Argentina : 2 Star Mar Del Plata ,Results Published,17,13/04/2024,30/04/2024,Argentina,2.0,410351,Junior Girls,,,Junior Girls,410351,live heats,
165,221942,Argentina : 2 Star Mar Del Plata ,Results Published,17,13/04/2024,30/04/2024,Argentina,2.0,410352,Junior Boys,,,Junior Boys,410352,live heats,
166,220652,Japan: 2 STAR All Japan,Results Published,2,05/01/2024,07/01/2024,Japan,2.0,408830,Men,,,Men,408830,live heats,
167,220652,Japan: 2 STAR All Japan,Results Published,2,05/01/2024,07/01/2024,Japan,2.0,408831,Women,,,Women,408831,live heats,
168,216630,Germany : 2 Star German Wave Tour Event #2,Finished,91,31/08/2024,30/11/2024,Germany,2.0,402758,Women,,,Women,402758,live heats,
169,216630,Germany : 2 Star German Wave Tour Event #2,Finished,91,31/08/2024,30/11/2024,Germany,2.0,402759,Men,,,Men,402759,live heats,
170,216630,Germany : 2 Star German Wave Tour Event #2,Finished,91,31/08/2024,30/11/2024,Germany,2.0,402760,Masters,,,Masters,402760,live heats,
171,216630,Germany : 2 Star German Wave Tour Event #2,Finished,91,31/08/2024,30/11/2024,Germany,2.0,402761,Junior Girls,,,Junior Girls,402761,live heats,
172,216630,Germany : 2 Star German Wave Tour Event #2,Finished,91,31/08/2024,30/11/2024,Germany,2.0,402762,Junior Boys,,,Junior Boys,402762,live heats,
173,187577,Denmark: 3 STAR EUROPEAN REGIONAL FINAL Danish Open Wave Championships,Cancelled,4,16/10/2024,20/10/2024,Denmark,3.0,353351,Junior Boys,,,Junior Boys,353351,live heats,
174,187577,Denmark: 3 STAR EUROPEAN REGIONAL FINAL Danish Open Wave Championships,Cancelled,4,16/10/2024,20/10/2024,Denmark,3.0,353352,Junior Girls,,,Junior Girls,353352,live heats,
175,187577,Denmark: 3 STAR EUROPEAN REGIONAL FINAL Danish Open Wave Championships,Cancelled,4,16/10/2024,20/10/2024,Denmark,3.0,353353,U17 Girls,,,U17 Girls,353353,live heats,
176,187577,Denmark: 3 STAR EUROPEAN REGIONAL FINAL Danish Open Wave Championships,Cancelled,4,16/10/2024,20/10/2024,Denmark,3.0,353354,U17 Boys,,,U17 Boys,353354,live heats,
177,187577,Denmark: 3 STAR EUROPEAN REGIONAL FINAL Danish Open Wave Championships,Cancelled,4,16/10/2024,20/10/2024,Denmark,3.0,353355,U15 Girls,,,U15 Girls,353355,live heats,
178,187577,Denmark: 3 STAR EUROPEAN REGIONAL FINAL Danish Open Wave Championships,Cancelled,4,16/10/2024,20/10/2024,Denmark,3.0,353356,U15 Boys,,,U15 Boys,353356,live heats,
179,187577,Denmark: 3 STAR EUROPEAN REGIONAL FINAL Danish Open Wave Championships,Cancelled,4,16/10/2024,20/10/2024,Denmark,3.0,353357,U13,,,U13,353357,live heats,
180,187575,New Zealand: 1 STAR Taranki Wave Classic,Finished,4,24/10/2024,28/10/2024,New Zealand,1.0,353341,Women,,,Women,353341,live heats,
181,187575,New Zealand: 1 STAR Taranki Wave Classic,Finished,4,24/10/2024,28/10/2024,New Zealand,1.0,353342,Men,,,Men,353342,live heats,
182,187575,New Zealand: 1 STAR Taranki Wave Classic,Finished,4,24/10/2024,28/10/2024,New Zealand,1.0,353343,Masters,,,Masters,353343,live heats,
183,187575,New Zealand: 1 STAR Taranki Wave Classic,Finished,4,24/10/2024,28/10/2024,New Zealand,1.0,353344,Junior Girls,,,Junior Girls,353344,live heats,
184,187575,New Zealand: 1 STAR Taranki Wave Classic,Finished,4,24/10/2024,28/10/2024,New Zealand,1.0,353345,Junior Boys,,,Junior Boys,353345,live heats,
185,172539,Australia 2 STAR Woolgoolga Classic NSW,Results Published,3,29/09/2023,02/10/2023,Australia 2 Star Woolgoolga Classic Nsw,2.0,327546,Men,,,Men,327546,live heats,
186,172539,Australia 2 STAR Woolgoolga Classic NSW,Results Published,3,29/09/2023,02/10/2023,Australia 2 Star Woolgoolga Classic Nsw,2.0,327547,Women,,,Women,327547,live heats,
187,172539,Australia 2 STAR Woolgoolga Classic NSW,Results Published,3,29/09/2023,02/10/2023,Australia 2 Star Woolgoolga Classic Nsw,2.0,327548,Masters,,,Masters,327548,live heats,
188,172539,Australia 2 STAR Woolgoolga Classic NSW,Results Published,3,29/09/2023,02/10/2023,Australia 2 Star Woolgoolga Classic Nsw,2.0,327549,Junior Boys,,,Junior Boys,327549,live heats,
189,117330,Morocco: 2 STAR Wave Classic Moulay,Results Published,8,01/04/2023,09/04/2023,Morocco,2.0,247047,Men,,,Men,247047,live heats,
190,117330,Morocco: 2 STAR Wave Classic Moulay,Results Published,8,01/04/2023,09/04/2023,Morocco,2.0,247048,Women,,,Women,247048,live heats,
191,117330,Morocco: 2 STAR Wave Classic Moulay,Results Published,8,01/04/2023,09/04/2023,Morocco,2.0,247049,Junior Boys,,,Junior Boys,247049,live heats,
192,117330,Morocco: 2 STAR Wave Classic Moulay,Results Published,8,01/04/2023,09/04/2023,Morocco,2.0,247050,Masters,,,Masters,247050,live heats,
193,187553,Morocco: 3 STAR Moulay Wave Classic,Results Published,8,26/04/2024,04/05/2024,Morocco,3.0,353242,Women,,,Women,353242,live heats,
194,187553,Morocco: 3 STAR Moulay Wave Classic,Results Published,8,26/04/2024,04/05/2024,Morocco,3.0,353243,Men,,,Men,353243,live heats,
195,187553,Morocco: 3 STAR Moulay Wave Classic,Results Published,8,26/04/2024,04/05/2024,Morocco,3.0,353244,Masters,,,Masters,353244,live heats,
196,187560,Guadeloupe: 2 STAR King Of Moule,Results Published,1,20/01/2024,21/01/2024,Guadeloupe,2.0,353279,Women,,,Women,353279,live heats,
197,187560,Guadeloupe: 2 STAR King Of Moule,Results Published,1,20/01/2024,21/01/2024,Guadeloupe,2.0,353280,Men,,,Men,353280,live heats,
198,187560,Guadeloupe: 2 STAR King Of Moule,Results Published,1,20/01/2024,21/01/2024,Guadeloupe,2.0,353281,Masters,,,Masters,353281,live heats,
199,187560,Guadeloupe: 2 STAR King Of Moule,Results Published,1,20/01/2024,21/01/2024,Guadeloupe,2.0,353282,Junior Girls,,,Junior Girls,353282,live heats,
200,187560,Guadeloupe: 2 STAR King Of Moule,Results Published,1,20/01/2024,21/01/2024,Guadeloupe,2.0,353283,Junior Boys,,,Junior Boys,353283,live heats,
201,187560,Guadeloupe: 2 STAR King Of Moule,Results Published,1,20/01/2024,21/01/2024,Guadeloupe,2.0,400435,Pro Junior GIrls,,,Pro Junior GIrls,400435,live heats,
202,187560,Guadeloupe: 2 STAR King Of Moule,Results Published,1,20/01/2024,21/01/2024,Guadeloupe,2.0,400436,Pro Junior Boys,,,Pro Junior Boys,400436,live heats,
203,165509,Israel: 2 STAR Znavot Wave Classic - Chemical Riders,Results Published,60,31/01/2024,31/03/2024,Israel,2.0,316791,Men,,,Men,316791,live heats,
204,165509,Israel: 2 STAR Znavot Wave Classic - Chemical Riders,Results Published,60,31/01/2024,31/03/2024,Israel,2.0,316792,Women,,,Women,316792,live heats,
205,165509,Israel: 2 STAR Znavot Wave Classic - Chemical Riders,Results Published,60,31/01/2024,31/03/2024,Israel,2.0,390433,Pro Junior Boys,,,Pro Junior Boys,390433,live heats,
206,165509,Israel: 2 STAR Znavot Wave Classic - Chemical Riders,Results Published,60,31/01/2024,31/03/2024,Israel,2.0,316793,Masters,,,Masters,316793,live heats,
207,72454,PERU: 4 STAR Pacasmayo Classic,Results Published,10,26/08/2023,05/09/2023,Peru,4.0,168205,Men,,,Men,168205,live heats,
208,72454,PERU: 4 STAR Pacasmayo Classic,Results Published,10,26/08/2023,05/09/2023,Peru,4.0,168206,Women,,,Women,168206,live heats,
209,72454,PERU: 4 STAR Pacasmayo Classic,Results Published,10,26/08/2023,05/09/2023,Peru,4.0,168208,Masters,,,Masters,168208,live heats,
210,72454,PERU: 4 STAR Pacasmayo Classic,Results Published,10,26/08/2023,05/09/2023,Peru,4.0,168210,Open AM,,,Open AM,168210,live heats,
211,72454,PERU: 4 STAR Pacasmayo Classic,Results Published,10,26/08/2023,05/09/2023,Peru,4.0,310717,Pro Men's Trials ,,,Pro Men's Trials ,310717,live heats,
212,72454,PERU: 4 STAR Pacasmayo Classic,Results Published,10,26/08/2023,05/09/2023,Peru,4.0,310719,Open Juniors U20,,,Open Juniors U20,310719,live heats,
213,187562,JAPAN: 5 STAR SPiCARE Omaezaki Japan World Cup,Results Published,7,18/02/2024,25/02/2024,Japan,5.0,353289,Women,,,Women,353289,live heats,
214,187562,JAPAN: 5 STAR SPiCARE Omaezaki Japan World Cup,Results Published,7,18/02/2024,25/02/2024,Japan,5.0,353290,Men,,,Men,353290,live heats,
215,187562,JAPAN: 5 STAR SPiCARE Omaezaki Japan World Cup,Results Published,7,18/02/2024,25/02/2024,Japan,5.0,353291,Masters,,,Masters,353291,live heats,
216,187562,JAPAN: 5 STAR SPiCARE Omaezaki Japan World Cup,Results Published,7,18/02/2024,25/02/2024,Japan,5.0,400714,Pro Junior GIrls,,,Pro Junior GIrls,400714,live heats,
217,187562,JAPAN: 5 STAR SPiCARE Omaezaki Japan World Cup,Results Published,7,18/02/2024,25/02/2024,Japan,5.0,400715,Pro Junior Boys,,,Pro Junior Boys,400715,live heats,
218,187562,JAPAN: 5 STAR SPiCARE Omaezaki Japan World Cup,Results Published,7,18/02/2024,25/02/2024,Japan,5.0,353292,Junior Girls,,,Junior Girls,353292,live heats,
219,187562,JAPAN: 5 STAR SPiCARE Omaezaki Japan World Cup,Results Published,7,18/02/2024,25/02/2024,Japan,5.0,353293,Junior Boys,,,Junior Boys,353293,live heats,
220,214877,Germany: 2 Star The German Wave Tour ,Results Published,5,11/06/2023,16/06/2023,Germany,2.0,400732,Women,,,Women,400732,live heats,
221,214877,Germany: 2 Star The German Wave Tour ,Results Published,5,11/06/2023,16/06/2023,Germany,2.0,400733,Men,,,Men,400733,live heats,
222,214877,Germany: 2 Star The German Wave Tour ,Results Published,5,11/06/2023,16/06/2023,Germany,2.0,400734,Pro Junior GIrls,,,Pro Junior GIrls,400734,live heats,
223,214877,Germany: 2 Star The German Wave Tour ,Results Published,5,11/06/2023,16/06/2023,Germany,2.0,400735,Pro Junior Boys,,,Pro Junior Boys,400735,live heats,
224,361991,FINALND: 2 STAR Surfsport Wave Champs,Scheduled,115,11/07/2025,03/11/2025,Finalnd,2.0,656149,Men,,,Men,656149,live heats,
225,361991,FINALND: 2 STAR Surfsport Wave Champs,Scheduled,115,11/07/2025,03/11/2025,Finalnd,2.0,656150,Women,,,Women,656150,live heats,
226,361991,FINALND: 2 STAR Surfsport Wave Champs,Scheduled,115,11/07/2025,03/11/2025,Finalnd,2.0,656151,Masters,,,Masters,656151,live heats,
227,361991,FINALND: 2 STAR Surfsport Wave Champs,Scheduled,115,11/07/2025,03/11/2025,Finalnd,2.0,656152,Junior Boys,,,Junior Boys,656152,live heats,
228,361991,FINALND: 2 STAR Surfsport Wave Champs,Scheduled,115,11/07/2025,03/11/2025,Finalnd,2.0,656153,Junior Girls,,,Junior Girls,656153,live heats,
229,361991,FINALND: 2 STAR Surfsport Wave Champs,Scheduled,115,11/07/2025,03/11/2025,Finalnd,2.0,656154,Pro Junior Boys,,,Pro Junior Boys,656154,live heats,
230,361991,FINALND: 2 STAR Surfsport Wave Champs,Scheduled,115,11/07/2025,03/11/2025,Finalnd,2.0,656155,Pro Junior GIrls,,,Pro Junior GIrls,656155,live heats,
231,72455,HAWAII: detail heat results,Results Published,13,23/10/2023,05/11/2023,Hawaii,,168211,Men,,,Men,168211,live heats,
232,72455,HAWAII: detail heat results,Results Published,13,23/10/2023,05/11/2023,Hawaii,,168212,Women,,,Women,168212,live heats,
233,72455,HAWAII: detail heat results,Results Published,13,23/10/2023,05/11/2023,Hawaii,,168213,Junior Boys,,,Junior Boys,168213,live heats,
234,72455,HAWAII: detail heat results,Results Published,13,23/10/2023,05/11/2023,Hawaii,,168214,Masters,,,Masters,168214,live heats,
235,72455,HAWAII: detail heat results,Results Published,13,23/10/2023,05/11/2023,Hawaii,,336314,Pro Women's Trials,,,Pro Women's Trials,336314,live heats,
236,72455,HAWAII: detail heat results,Results Published,13,23/10/2023,05/11/2023,Hawaii,,336874,Pro Men Trials,,,Pro Men Trials,336874,live heats,
237,72455,HAWAII: detail heat results,Results Published,13,23/10/2023,05/11/2023,Hawaii,,338059,Pro Men's Double,,,Pro Men's Double,338059,live heats,
238,72455,HAWAII: detail heat results,Results Published,13,23/10/2023,05/11/2023,Hawaii,,338060,Pro Women's Double,,,Pro Women's Double,338060,live heats,
239,72455,HAWAII: detail heat results,Results Published,13,23/10/2023,05/11/2023,Hawaii,,338128,Masters Single,,,Masters Single,338128,live heats,
240,187569,HAWAI'I: 5 STAR Aloha Classic GRAND FINAL,Results Published,12,21/10/2024,02/11/2024,Hawai'I,5.0,353315,Women,,,Women,353315,live heats,
241,187569,HAWAI'I: 5 STAR Aloha Classic GRAND FINAL,Results Published,12,21/10/2024,02/11/2024,Hawai'I,5.0,353316,Men,,,Men,353316,live heats,
242,187569,HAWAI'I: 5 STAR Aloha Classic GRAND FINAL,Results Published,12,21/10/2024,02/11/2024,Hawai'I,5.0,474353,Pro Junior Boys,,,Pro Junior Boys,474353,live heats,
243,187569,HAWAI'I: 5 STAR Aloha Classic GRAND FINAL,Results Published,12,21/10/2024,02/11/2024,Hawai'I,5.0,377530,Masters,,,Masters,377530,live heats,
244,321871,HAWAII: 5 STAR Aloha Classic Grand Final,Scheduled,12,13/10/2025,25/10/2025,Hawaii,5.0,585008,Men,,,Men,585008,live heats,
245,321871,HAWAII: 5 STAR Aloha Classic Grand Final,Scheduled,12,13/10/2025,25/10/2025,Hawaii,5.0,585009,Women,,,Women,585009,live heats,
246,321871,HAWAII: 5 STAR Aloha Classic Grand Final,Scheduled,12,13/10/2025,25/10/2025,Hawaii,5.0,585010,Pro Junior Boys,,,Pro Junior Boys,585010,live heats,
247,321871,HAWAII: 5 STAR Aloha Classic Grand Final,Scheduled,12,13/10/2025,25/10/2025,Hawaii,5.0,585011,Pro Junior GIrls,,,Pro Junior GIrls,585011,live heats,
248,321871,HAWAII: 5 STAR Aloha Classic Grand Final,Scheduled,12,13/10/2025,25/10/2025,Hawaii,5.0,585012,Masters,,,Masters,585012,live heats,
249,321869,SPAIN: 5 STAR Tenerife World Cup,Scheduled,10,01/08/2025,11/08/2025,Spain,5.0,585000,Men,,,Men,585000,live heats,
250,321869,SPAIN: 5 STAR Tenerife World Cup,Scheduled,10,01/08/2025,11/08/2025,Spain,5.0,585001,Women,,,Women,585001,live heats,
251,321869,SPAIN: 5 STAR Tenerife World Cup,Scheduled,10,01/08/2025,11/08/2025,Spain,5.0,585002,Pro Junior Boys,,,Pro Junior Boys,585002,live heats,
252,321869,SPAIN: 5 STAR Tenerife World Cup,Scheduled,10,01/08/2025,11/08/2025,Spain,5.0,585003,Pro Junior GIrls,,,Pro Junior GIrls,585003,live heats,
253,321869,SPAIN: 5 STAR Tenerife World Cup,Scheduled,10,01/08/2025,11/08/2025,Spain,5.0,585004,Masters,,,Masters,585004,live heats,
254,321868, SPAIN: 5 STAR Gran Canaria World Cup,Scheduled,9,05/07/2025,14/07/2025,Spain,5.0,584995,Men,,,Men,584995,live heats,
255,321868, SPAIN: 5 STAR Gran Canaria World Cup,Scheduled,9,05/07/2025,14/07/2025,Spain,5.0,584996,Women,,,Women,584996,live heats,
256,321868, SPAIN: 5 STAR Gran Canaria World Cup,Scheduled,9,05/07/2025,14/07/2025,Spain,5.0,584998,Pro Junior Boys,,,Pro Junior Boys,584998,live heats,
257,321868, SPAIN: 5 STAR Gran Canaria World Cup,Scheduled,9,05/07/2025,14/07/2025,Spain,5.0,584999,Pro Junior GIrls,,,Pro Junior GIrls,584999,live heats,
258,321868, SPAIN: 5 STAR Gran Canaria World Cup,Scheduled,9,05/07/2025,14/07/2025,Spain,5.0,584997,Masters,,,Masters,584997,live heats,
259,81623,AUSTRALIA: 4 STAR IWT Youth Wave Titles (YOUTH ONLY),Results Published,2,25/02/2023,27/02/2023,Australia,4.0,186196,Junior Boys,,,Junior Boys,186196,live heats,
260,81623,AUSTRALIA: 4 STAR IWT Youth Wave Titles (YOUTH ONLY),Results Published,2,25/02/2023,27/02/2023,Australia,4.0,248339,Junior Girls,,,Junior Girls,248339,live heats,
261,81623,AUSTRALIA: 4 STAR IWT Youth Wave Titles (YOUTH ONLY),Results Published,2,25/02/2023,27/02/2023,Australia,4.0,248336,U17 Boys,,,U17 Boys,248336,live heats,
262,81623,AUSTRALIA: 4 STAR IWT Youth Wave Titles (YOUTH ONLY),Results Published,2,25/02/2023,27/02/2023,Australia,4.0,248337,U15 Boys,,,U15 Boys,248337,live heats,
263,81623,AUSTRALIA: 4 STAR IWT Youth Wave Titles (YOUTH ONLY),Results Published,2,25/02/2023,27/02/2023,Australia,4.0,248338,U13,,,U13,248338,live heats,
264,81623,AUSTRALIA: 4 STAR IWT Youth Wave Titles (YOUTH ONLY),Results Published,2,25/02/2023,27/02/2023,Australia,4.0,248340,U15 Girls,,,U15 Girls,248340,live heats,
265,187559,Chile: 2 STAR Sirena Wave Classic,Results Published,2,02/12/2023,04/12/2023,Chile,2.0,353274,Women,,,Women,353274,live heats,
266,187559,Chile: 2 STAR Sirena Wave Classic,Results Published,2,02/12/2023,04/12/2023,Chile,2.0,353276,Masters,,,Masters,353276,live heats,
267,187559,Chile: 2 STAR Sirena Wave Classic,Results Published,2,02/12/2023,04/12/2023,Chile,2.0,363036,Pro Men's Dingle,,,Pro Men's Dingle,363036,live heats,
268,187559,Chile: 2 STAR Sirena Wave Classic,Results Published,2,02/12/2023,04/12/2023,Chile,2.0,363037,U20 Boys,,,U20 Boys,363037,live heats,
269,187559,Chile: 2 STAR Sirena Wave Classic,Results Published,2,02/12/2023,04/12/2023,Chile,2.0,363038,Grand Masters,,,Grand Masters,363038,live heats,
270,187559,Chile: 2 STAR Sirena Wave Classic,Results Published,2,02/12/2023,04/12/2023,Chile,2.0,363039,Open AM,,,Open AM,363039,live heats,
271,187559,Chile: 2 STAR Sirena Wave Classic,Results Published,2,02/12/2023,04/12/2023,Chile,2.0,363256,Pro Men's Double,,,Pro Men's Double,363256,live heats,
272,187559,Chile: 2 STAR Sirena Wave Classic,Results Published,2,02/12/2023,04/12/2023,Chile,2.0,353275,Men,,,Men,353275,live heats,
273,199466,SPAIN: 4 STAR TBC Tenerife World Cup,Results Published,7,05/08/2024,12/08/2024,Spain,4.0,377533,Women,,,Women,377533,live heats,
274,199466,SPAIN: 4 STAR TBC Tenerife World Cup,Results Published,7,05/08/2024,12/08/2024,Spain,4.0,377534,Men,,,Men,377534,live heats,
275,72449,Chile: 2 STAR SIRENA Wave Classic,Results Published,9,03/12/2022,12/12/2022,Chile,2.0,168178,Men,,,Men,168178,live heats,
276,72449,Chile: 2 STAR SIRENA Wave Classic,Results Published,9,03/12/2022,12/12/2022,Chile,2.0,168179,Women,,,Women,168179,live heats,
277,72449,Chile: 2 STAR SIRENA Wave Classic,Results Published,9,03/12/2022,12/12/2022,Chile,2.0,168180,Junior Boys,,,Junior Boys,168180,live heats,
278,72449,Chile: 2 STAR SIRENA Wave Classic,Results Published,9,03/12/2022,12/12/2022,Chile,2.0,168181,Masters,,,Masters,168181,live heats,
279,72449,Chile: 2 STAR SIRENA Wave Classic,Results Published,9,03/12/2022,12/12/2022,Chile,2.0,293480,Junior Girls,,,Junior Girls,293480,live heats,
280,74629,Guadeloupe: 2 STAR Wanalao Wave Classic,Results Published,15,15/01/2023,30/01/2023,Guadeloupe,2.0,172519,Men,,,Men,172519,live heats,
281,74629,Guadeloupe: 2 STAR Wanalao Wave Classic,Results Published,15,15/01/2023,30/01/2023,Guadeloupe,2.0,172520,Women,,,Women,172520,live heats,
282,74629,Guadeloupe: 2 STAR Wanalao Wave Classic,Results Published,15,15/01/2023,30/01/2023,Guadeloupe,2.0,172521,Junior Boys,,,Junior Boys,172521,live heats,
283,74629,Guadeloupe: 2 STAR Wanalao Wave Classic,Results Published,15,15/01/2023,30/01/2023,Guadeloupe,2.0,172522,Masters,,,Masters,172522,live heats,
284,74629,Guadeloupe: 2 STAR Wanalao Wave Classic,Results Published,15,15/01/2023,30/01/2023,Guadeloupe,2.0,293482,Junior Girls,,,Junior Girls,293482,live heats,
285,74528,Puerto.Rico: 2 STAR Wind Warriors,Results Published,2,25/02/2023,27/02/2023,Puerto.Rico,2.0,172447,Men,,,Men,172447,live heats,
286,74528,Puerto.Rico: 2 STAR Wind Warriors,Results Published,2,25/02/2023,27/02/2023,Puerto.Rico,2.0,172450,Masters,,,Masters,172450,live heats,
287,74528,Puerto.Rico: 2 STAR Wind Warriors,Results Published,2,25/02/2023,27/02/2023,Puerto.Rico,2.0,172449,Junior Boys,,,Junior Boys,172449,live heats,
288,74528,Puerto.Rico: 2 STAR Wind Warriors,Results Published,2,25/02/2023,27/02/2023,Puerto.Rico,2.0,293488,Junior Girls,,,Junior Girls,293488,live heats,
289,74528,Puerto.Rico: 2 STAR Wind Warriors,Results Published,2,25/02/2023,27/02/2023,Puerto.Rico,2.0,172448,Women,,,Women,172448,live heats,
290,72488,Australia: 2 STAR SEVERNE East Coast Titles ,Results Published,9,04/02/2023,13/02/2023,Australia,2.0,168251,Men,,,Men,168251,live heats,
291,72488,Australia: 2 STAR SEVERNE East Coast Titles ,Results Published,9,04/02/2023,13/02/2023,Australia,2.0,168252,Women,,,Women,168252,live heats,
292,72488,Australia: 2 STAR SEVERNE East Coast Titles ,Results Published,9,04/02/2023,13/02/2023,Australia,2.0,168253,Junior Boys,,,Junior Boys,168253,live heats,
293,72488,Australia: 2 STAR SEVERNE East Coast Titles ,Results Published,9,04/02/2023,13/02/2023,Australia,2.0,168254,Masters,,,Masters,168254,live heats,
294,72488,Australia: 2 STAR SEVERNE East Coast Titles ,Results Published,9,04/02/2023,13/02/2023,Australia,2.0,293485,Junior Girls,,,Junior Girls,293485,live heats,
295,74628,Taiwan: 1 STAR Wave Jam ,Results Published,10,18/11/2022,28/11/2022,Taiwan,1.0,172513,Men,,,Men,172513,live heats,
296,74628,Taiwan: 1 STAR Wave Jam ,Results Published,10,18/11/2022,28/11/2022,Taiwan,1.0,172514,Women,,,Women,172514,live heats,
297,74628,Taiwan: 1 STAR Wave Jam ,Results Published,10,18/11/2022,28/11/2022,Taiwan,1.0,172516,Masters,,,Masters,172516,live heats,
298,272891,Ireland: 3 STAR Mayo Mayhem,Results Published,10,26/09/2024,06/10/2024,Ireland,3.0,474990,Women,,,Women,474990,live heats,
299,272891,Ireland: 3 STAR Mayo Mayhem,Results Published,10,26/09/2024,06/10/2024,Ireland,3.0,474991,Men,,,Men,474991,live heats,
300,272891,Ireland: 3 STAR Mayo Mayhem,Results Published,10,26/09/2024,06/10/2024,Ireland,3.0,474992,Masters,,,Masters,474992,live heats,
301,272891,Ireland: 3 STAR Mayo Mayhem,Results Published,10,26/09/2024,06/10/2024,Ireland,3.0,474993,Pro Junior GIrls,,,Pro Junior GIrls,474993,live heats,
302,272891,Ireland: 3 STAR Mayo Mayhem,Results Published,10,26/09/2024,06/10/2024,Ireland,3.0,474994,Pro Junior Boys,,,Pro Junior Boys,474994,live heats,
303,272891,Ireland: 3 STAR Mayo Mayhem,Results Published,10,26/09/2024,06/10/2024,Ireland,3.0,474995,Junior Girls,,,Junior Girls,474995,live heats,
304,272891,Ireland: 3 STAR Mayo Mayhem,Results Published,10,26/09/2024,06/10/2024,Ireland,3.0,474996,Junior Boys,,,Junior Boys,474996,live heats,
305,272891,Ireland: 3 STAR Mayo Mayhem,Results Published,10,26/09/2024,06/10/2024,Ireland,3.0,474997,OPEN,,,OPEN,474997,live heats,
306,72453,CHILE: 4 STAR SURAZO Infernal - Pro Men,Results Published,9,25/03/2023,03/04/2023,Chile,4.0,168199,Men,,,Men,168199,live heats,
307,72485,Australia: 2 STAR Lancelin Wave Classic,Results Published,4,18/01/2023,22/01/2023,Australia,2.0,168233,Men,,,Men,168233,live heats,
308,72485,Australia: 2 STAR Lancelin Wave Classic,Results Published,4,18/01/2023,22/01/2023,Australia,2.0,168234,Women,,,Women,168234,live heats,
309,72485,Australia: 2 STAR Lancelin Wave Classic,Results Published,4,18/01/2023,22/01/2023,Australia,2.0,168235,Junior Boys,,,Junior Boys,168235,live heats,
310,72485,Australia: 2 STAR Lancelin Wave Classic,Results Published,4,18/01/2023,22/01/2023,Australia,2.0,293483,Junior Girls,,,Junior Girls,293483,live heats,
311,72485,Australia: 2 STAR Lancelin Wave Classic,Results Published,4,18/01/2023,22/01/2023,Australia,2.0,168236,Masters,,,Masters,168236,live heats,
312,74594,Ireland: 2 STAR Mayo Mayhem,Results Published,3,29/09/2023,02/10/2023,Ireland,2.0,172501,Men,,,Men,172501,live heats,
313,74594,Ireland: 2 STAR Mayo Mayhem,Results Published,3,29/09/2023,02/10/2023,Ireland,2.0,172502,Women,,,Women,172502,live heats,
314,74594,Ireland: 2 STAR Mayo Mayhem,Results Published,3,29/09/2023,02/10/2023,Ireland,2.0,172503,Junior Boys,,,Junior Boys,172503,live heats,
315,187576,Australia: 2 STAR SurfFX North Coast Woopi Classic,Results Published,3,04/10/2024,07/10/2024,Australia,2.0,353346,Women,,,Women,353346,live heats,
316,187576,Australia: 2 STAR SurfFX North Coast Woopi Classic,Results Published,3,04/10/2024,07/10/2024,Australia,2.0,353347,Men,,,Men,353347,live heats,
317,187576,Australia: 2 STAR SurfFX North Coast Woopi Classic,Results Published,3,04/10/2024,07/10/2024,Australia,2.0,353348,Masters,,,Masters,353348,live heats,
318,187576,Australia: 2 STAR SurfFX North Coast Woopi Classic,Results Published,3,04/10/2024,07/10/2024,Australia,2.0,353349,Junior Girls,,,Junior Girls,353349,live heats,
319,187576,Australia: 2 STAR SurfFX North Coast Woopi Classic,Results Published,3,04/10/2024,07/10/2024,Australia,2.0,353350,Junior Boys,,,Junior Boys,353350,live heats,
320,72450,France: 2 STAR Championnat De France Funboard Vagues 2023,Results Published,2,18/11/2023,20/11/2023,France,2.0,168184,Men,,,Men,168184,live heats,
321,72450,France: 2 STAR Championnat De France Funboard Vagues 2023,Results Published,2,18/11/2023,20/11/2023,France,2.0,168185,Women,,,Women,168185,live heats,
322,81557,Japan: 1 STAR Cold Breeze,Results Published,2,24/12/2022,26/12/2022,Japan,1.0,186130,Men,,,Men,186130,live heats,
323,81557,Japan: 1 STAR Cold Breeze,Results Published,2,24/12/2022,26/12/2022,Japan,1.0,186131,Women,,,Women,186131,live heats,
324,81557,Japan: 1 STAR Cold Breeze,Results Published,2,24/12/2022,26/12/2022,Japan,1.0,186132,Junior Boys,,,Junior Boys,186132,live heats,
325,81557,Japan: 1 STAR Cold Breeze,Results Published,2,24/12/2022,26/12/2022,Japan,1.0,186133,Masters,,,Masters,186133,live heats,
326,187565,PERU: 4 STAR Pacasmayo Classic World Cup,Results Published,14,03/08/2024,17/08/2024,Peru,4.0,353304,Women,,,Women,353304,live heats,
327,187565,PERU: 4 STAR Pacasmayo Classic World Cup,Results Published,14,03/08/2024,17/08/2024,Peru,4.0,353305,Men,,,Men,353305,live heats,
328,305429,Australia: 2 Star WSS Sydney Wavesailing Smackfest,Results Published,2,15/11/2024,17/11/2024,Australia,2.0,541463,Women,,,Women,541463,live heats,
329,305429,Australia: 2 Star WSS Sydney Wavesailing Smackfest,Results Published,2,15/11/2024,17/11/2024,Australia,2.0,541464,Men,,,Men,541464,live heats,
330,305429,Australia: 2 Star WSS Sydney Wavesailing Smackfest,Results Published,2,15/11/2024,17/11/2024,Australia,2.0,541465,Masters,,,Masters,541465,live heats,
331,305429,Australia: 2 Star WSS Sydney Wavesailing Smackfest,Results Published,2,15/11/2024,17/11/2024,Australia,2.0,541466,Junior Girls,,,Junior Girls,541466,live heats,
332,305429,Australia: 2 Star WSS Sydney Wavesailing Smackfest,Results Published,2,15/11/2024,17/11/2024,Australia,2.0,541467,Junior Boys,,,Junior Boys,541467,live heats,
333,322524,PERU: 3 STAR Pacasmayo Classic World Cup,Scheduled,9,23/08/2025,01/09/2025,Peru,3.0,585973,Women,,,Women,585973,live heats,
334,322524,PERU: 3 STAR Pacasmayo Classic World Cup,Scheduled,9,23/08/2025,01/09/2025,Peru,3.0,585974,Men,,,Men,585974,live heats,
335,322524,PERU: 3 STAR Pacasmayo Classic World Cup,Scheduled,9,23/08/2025,01/09/2025,Peru,3.0,585975,Masters,,,Masters,585975,live heats,
336,322524,PERU: 3 STAR Pacasmayo Classic World Cup,Scheduled,9,23/08/2025,01/09/2025,Peru,3.0,585976,Junior Boys,,,Junior Boys,585976,live heats,
337,322524,PERU: 3 STAR Pacasmayo Classic World Cup,Scheduled,9,23/08/2025,01/09/2025,Peru,3.0,585977,Pro Junior GIrls,,,Pro Junior GIrls,585977,live heats,
338,322524,PERU: 3 STAR Pacasmayo Classic World Cup,Scheduled,9,23/08/2025,01/09/2025,Peru,3.0,585978,Pro Junior Boys,,,Pro Junior Boys,585978,live heats,
339,322524,PERU: 3 STAR Pacasmayo Classic World Cup,Scheduled,9,23/08/2025,01/09/2025,Peru,3.0,585979,Junior Girls,,,Junior Girls,585979,live heats,
340,268535,Chile: 3 STAR Sirena Wave Classic,Results Published,3,12/12/2024,15/12/2024,Chile,3.0,467752,Women,,,Women,467752,live heats,
341,268535,Chile: 3 STAR Sirena Wave Classic,Results Published,3,12/12/2024,15/12/2024,Chile,3.0,467753,Men,,,Men,467753,live heats,
342,268535,Chile: 3 STAR Sirena Wave Classic,Results Published,3,12/12/2024,15/12/2024,Chile,3.0,467754,Masters,,,Masters,467754,live heats,
343,268535,Chile: 3 STAR Sirena Wave Classic,Results Published,3,12/12/2024,15/12/2024,Chile,3.0,467758,Junior Boys,,,Junior Boys,467758,live heats,
344,268535,Chile: 3 STAR Sirena Wave Classic,Results Published,3,12/12/2024,15/12/2024,Chile,3.0,569238,Grand Masters,,,Grand Masters,569238,live heats,
345,268535,Chile: 3 STAR Sirena Wave Classic,Results Published,3,12/12/2024,15/12/2024,Chile,3.0,569239,Open AM,,,Open AM,569239,live heats,
346,268535,Chile: 3 STAR Sirena Wave Classic,Results Published,3,12/12/2024,15/12/2024,Chile,3.0,467757,Junior Girls,,,Junior Girls,467757,live heats,
347,268536,Chile: 3 STAR Surazo Infernal Navidad,Results Published,4,07/11/2024,11/11/2024,Chile,3.0,481449,PRE REGISTER FOR RANKINGS,,,PRE REGISTER FOR RANKINGS,481449,live heats,
348,268536,Chile: 3 STAR Surazo Infernal Navidad,Results Published,4,07/11/2024,11/11/2024,Chile,3.0,467760,Men,,,Men,467760,live heats,
349,268536,Chile: 3 STAR Surazo Infernal Navidad,Results Published,4,07/11/2024,11/11/2024,Chile,3.0,467763,Pro Junior Boys,,,Pro Junior Boys,467763,live heats,
350,268536,Chile: 3 STAR Surazo Infernal Navidad,Results Published,4,07/11/2024,11/11/2024,Chile,3.0,467762,Pro Junior GIrls,,,Pro Junior GIrls,467762,live heats,
351,268536,Chile: 3 STAR Surazo Infernal Navidad,Results Published,4,07/11/2024,11/11/2024,Chile,3.0,467761,Masters,,,Masters,467761,live heats,
352,268536,Chile: 3 STAR Surazo Infernal Navidad,Results Published,4,07/11/2024,11/11/2024,Chile,3.0,533821,OPEN,,,OPEN,533821,live heats,
353,268536,Chile: 3 STAR Surazo Infernal Navidad,Results Published,4,07/11/2024,11/11/2024,Chile,3.0,534578,Grand Master,,,Grand Master,534578,live heats,
354,321864,Puerto Rico: 4 STAR Puerto Rico World Cup,Results Published,1,09/03/2025,10/03/2025,Puerto Rico,4.0,584943,Women,,,Women,584943,live heats,
355,321864,Puerto Rico: 4 STAR Puerto Rico World Cup,Results Published,1,09/03/2025,10/03/2025,Puerto Rico,4.0,584944,Men,,,Men,584944,live heats,
356,321864,Puerto Rico: 4 STAR Puerto Rico World Cup,Results Published,1,09/03/2025,10/03/2025,Puerto Rico,4.0,584945,Masters,,,Masters,584945,live heats,
357,321864,Puerto Rico: 4 STAR Puerto Rico World Cup,Results Published,1,09/03/2025,10/03/2025,Puerto Rico,4.0,584950,Grand Masters,,,Grand Masters,584950,live heats,
358,322457,Taiwan: 1 STAR Taitung Wave Classic,Results Published,30,01/11/2024,01/12/2024,Taiwan,1.0,585833,Women,,,Women,585833,live heats,
359,322457,Taiwan: 1 STAR Taitung Wave Classic,Results Published,30,01/11/2024,01/12/2024,Taiwan,1.0,585834,Men,,,Men,585834,live heats,
360,266589,Australia: 4 STAR Margaret River Wavesailing Classic,Results Published,3,31/01/2025,03/02/2025,Australia,4.0,464921,Women,,,Women,464921,live heats,
361,266589,Australia: 4 STAR Margaret River Wavesailing Classic,Results Published,3,31/01/2025,03/02/2025,Australia,4.0,464922,Men,,,Men,464922,live heats,
362,266589,Australia: 4 STAR Margaret River Wavesailing Classic,Results Published,3,31/01/2025,03/02/2025,Australia,4.0,464923,Masters,,,Masters,464923,live heats,
363,266589,Australia: 4 STAR Margaret River Wavesailing Classic,Results Published,3,31/01/2025,03/02/2025,Australia,4.0,464924,Junior Girls,,,Junior Girls,464924,live heats,
364,266589,Australia: 4 STAR Margaret River Wavesailing Classic,Results Published,3,31/01/2025,03/02/2025,Australia,4.0,464925,Junior Boys,,,Junior Boys,464925,live heats,
365,266589,Australia: 4 STAR Margaret River Wavesailing Classic,Results Published,3,31/01/2025,03/02/2025,Australia,4.0,464926,Pro Junior GIrls,,,Pro Junior GIrls,464926,live heats,
366,266589,Australia: 4 STAR Margaret River Wavesailing Classic,Results Published,3,31/01/2025,03/02/2025,Australia,4.0,464927,Pro Junior Boys,,,Pro Junior Boys,464927,live heats,
367,266589,Australia: 4 STAR Margaret River Wavesailing Classic,Results Published,3,31/01/2025,03/02/2025,Australia,4.0,601831,Grand Masters,,,Grand Masters,601831,live heats,
368,321767,Chile: 3 STAR Surazo Infernal Navidad - women's results ,Results Published,4,07/11/2024,11/11/2024,Chile,3.0,584886,Women,,,Women,584886,live heats,
369,322523,Ireland: 3 STAR Mayo Mayhem,Scheduled,30,01/09/2025,01/10/2025,Ireland,3.0,585965,Women,,,Women,585965,live heats,
370,322523,Ireland: 3 STAR Mayo Mayhem,Scheduled,30,01/09/2025,01/10/2025,Ireland,3.0,585966,Men,,,Men,585966,live heats,
371,322523,Ireland: 3 STAR Mayo Mayhem,Scheduled,30,01/09/2025,01/10/2025,Ireland,3.0,585967,Masters,,,Masters,585967,live heats,
372,322523,Ireland: 3 STAR Mayo Mayhem,Scheduled,30,01/09/2025,01/10/2025,Ireland,3.0,585968,Pro Junior GIrls,,,Pro Junior GIrls,585968,live heats,
373,322523,Ireland: 3 STAR Mayo Mayhem,Scheduled,30,01/09/2025,01/10/2025,Ireland,3.0,585969,Pro Junior Boys,,,Pro Junior Boys,585969,live heats,
374,322523,Ireland: 3 STAR Mayo Mayhem,Scheduled,30,01/09/2025,01/10/2025,Ireland,3.0,585970,Junior Girls,,,Junior Girls,585970,live heats,
375,322523,Ireland: 3 STAR Mayo Mayhem,Scheduled,30,01/09/2025,01/10/2025,Ireland,3.0,585971,Junior Boys,,,Junior Boys,585971,live heats,
376,322523,Ireland: 3 STAR Mayo Mayhem,Scheduled,30,01/09/2025,01/10/2025,Ireland,3.0,585972,OPEN,,,OPEN,585972,live heats,
377,318167,Belgium 2 Star Nationals ,Results Published,4,18/10/2024,22/10/2024,Belgium 2 Star Nationals,2.0,579061,Men,,,Men,579061,live heats,
378,318167,Belgium 2 Star Nationals ,Results Published,4,18/10/2024,22/10/2024,Belgium 2 Star Nationals,2.0,579062,Women,,,Women,579062,live heats,
379,275136,Netherlands: 2 STAR Slam Om Domburg,Finished,122,31/07/2024,30/11/2024,Netherlands,2.0,478849,Women,,,Women,478849,live heats,
380,275136,Netherlands: 2 STAR Slam Om Domburg,Finished,122,31/07/2024,30/11/2024,Netherlands,2.0,478850,Men,,,Men,478850,live heats,
381,275136,Netherlands: 2 STAR Slam Om Domburg,Finished,122,31/07/2024,30/11/2024,Netherlands,2.0,478851,Masters,,,Masters,478851,live heats,
382,275136,Netherlands: 2 STAR Slam Om Domburg,Finished,122,31/07/2024,30/11/2024,Netherlands,2.0,478852,Junior Girls,,,Junior Girls,478852,live heats,
383,275136,Netherlands: 2 STAR Slam Om Domburg,Finished,122,31/07/2024,30/11/2024,Netherlands,2.0,478853,Junior Boys,,,Junior Boys,478853,live heats,
384,322525,Denmark: 3 STAR Danish Open Wave Championships,Scheduled,30,01/09/2025,01/10/2025,Denmark,3.0,585982,Men,,,Men,585982,live heats,
385,322525,Denmark: 3 STAR Danish Open Wave Championships,Scheduled,30,01/09/2025,01/10/2025,Denmark,3.0,585983,Women,,,Women,585983,live heats,
386,322525,Denmark: 3 STAR Danish Open Wave Championships,Scheduled,30,01/09/2025,01/10/2025,Denmark,3.0,585984,Pro Junior Boys,,,Pro Junior Boys,585984,live heats,
387,322525,Denmark: 3 STAR Danish Open Wave Championships,Scheduled,30,01/09/2025,01/10/2025,Denmark,3.0,585985,Pro Junior GIrls,,,Pro Junior GIrls,585985,live heats,
388,322525,Denmark: 3 STAR Danish Open Wave Championships,Scheduled,30,01/09/2025,01/10/2025,Denmark,3.0,585980,Junior Boys,,,Junior Boys,585980,live heats,
389,322525,Denmark: 3 STAR Danish Open Wave Championships,Scheduled,30,01/09/2025,01/10/2025,Denmark,3.0,585981,Junior Girls,,,Junior Girls,585981,live heats,
390,322525,Denmark: 3 STAR Danish Open Wave Championships,Scheduled,30,01/09/2025,01/10/2025,Denmark,3.0,585986,Masters,,,Masters,585986,live heats,
391,322556,Scotland: 3 STAR Tiree Wave Classic,Scheduled,7,11/10/2025,18/10/2025,Scotland,3.0,585987,Men,,,Men,585987,live heats,
392,322556,Scotland: 3 STAR Tiree Wave Classic,Scheduled,7,11/10/2025,18/10/2025,Scotland,3.0,585988,Women,,,Women,585988,live heats,
393,322556,Scotland: 3 STAR Tiree Wave Classic,Scheduled,7,11/10/2025,18/10/2025,Scotland,3.0,585989,Junior Boys,,,Junior Boys,585989,live heats,
394,322556,Scotland: 3 STAR Tiree Wave Classic,Scheduled,7,11/10/2025,18/10/2025,Scotland,3.0,585990,Junior Girls,,,Junior Girls,585990,live heats,
395,322556,Scotland: 3 STAR Tiree Wave Classic,Scheduled,7,11/10/2025,18/10/2025,Scotland,3.0,585992,Pro Junior Boys,,,Pro Junior Boys,585992,live heats,
396,322556,Scotland: 3 STAR Tiree Wave Classic,Scheduled,7,11/10/2025,18/10/2025,Scotland,3.0,585993,Pro Junior GIrls,,,Pro Junior GIrls,585993,live heats,
397,322556,Scotland: 3 STAR Tiree Wave Classic,Scheduled,7,11/10/2025,18/10/2025,Scotland,3.0,585991,Masters,,,Masters,585991,live heats,
398,322557,Chile: 3 STAR Surazo Infernal Navidad,Scheduled,30,01/11/2025,01/12/2025,Chile,3.0,585999,PRE REGISTER FOR RANKINGS,,,PRE REGISTER FOR RANKINGS,585999,live heats,
399,322557,Chile: 3 STAR Surazo Infernal Navidad,Scheduled,30,01/11/2025,01/12/2025,Chile,3.0,585994,Men,,,Men,585994,live heats,
400,322557,Chile: 3 STAR Surazo Infernal Navidad,Scheduled,30,01/11/2025,01/12/2025,Chile,3.0,585995,Pro Junior Boys,,,Pro Junior Boys,585995,live heats,
401,322557,Chile: 3 STAR Surazo Infernal Navidad,Scheduled,30,01/11/2025,01/12/2025,Chile,3.0,585996,Pro Junior GIrls,,,Pro Junior GIrls,585996,live heats,
402,322557,Chile: 3 STAR Surazo Infernal Navidad,Scheduled,30,01/11/2025,01/12/2025,Chile,3.0,586000,Masters,,,Masters,586000,live heats,
403,322557,Chile: 3 STAR Surazo Infernal Navidad,Scheduled,30,01/11/2025,01/12/2025,Chile,3.0,585997,OPEN,,,OPEN,585997,live heats,
404,322557,Chile: 3 STAR Surazo Infernal Navidad,Scheduled,30,01/11/2025,01/12/2025,Chile,3.0,585998,Grand Master,,,Grand Master,585998,live heats,
405,322558,France: 3 STAR Wissant Wave Classic,Scheduled,30,01/11/2025,01/12/2025,France,3.0,586001,Women,,,Women,586001,live heats,
406,322558,France: 3 STAR Wissant Wave Classic,Scheduled,30,01/11/2025,01/12/2025,France,3.0,586002,Men,,,Men,586002,live heats,
407,322558,France: 3 STAR Wissant Wave Classic,Scheduled,30,01/11/2025,01/12/2025,France,3.0,586003,Pro Junior GIrls,,,Pro Junior GIrls,586003,live heats,
408,322558,France: 3 STAR Wissant Wave Classic,Scheduled,30,01/11/2025,01/12/2025,France,3.0,586004,Pro Junior Boys,,,Pro Junior Boys,586004,live heats,
409,322558,France: 3 STAR Wissant Wave Classic,Scheduled,30,01/11/2025,01/12/2025,France,3.0,586005,Junior Boys,,,Junior Boys,586005,live heats,
410,322558,France: 3 STAR Wissant Wave Classic,Scheduled,30,01/11/2025,01/12/2025,France,3.0,586006,Junior Girls,,,Junior Girls,586006,live heats,
411,322558,France: 3 STAR Wissant Wave Classic,Scheduled,30,01/11/2025,01/12/2025,France,3.0,586007,Masters,,,Masters,586007,live heats,
412,295232,Judges Training Event,Finished,8,01/10/2023,09/10/2023,Judges Training Event,,515438,Men,,,Men,515438,live heats,
413,321870,GERMANY: 5 STAR Sylt World Cup,Scheduled,10,26/09/2025,06/10/2025,Germany,5.0,585005,Men,,,Men,585005,live heats,
414,321870,GERMANY: 5 STAR Sylt World Cup,Scheduled,10,26/09/2025,06/10/2025,Germany,5.0,585006,Women,,,Women,585006,live heats,
415,296885,Test,Finished,2,01/01/2022,03/01/2022,Test,,519085,Women,,,Women,519085,live heats,
416,296885,Test,Finished,2,01/01/2022,03/01/2022,Test,,519086,Men,,,Men,519086,live heats,
417,296885,Test,Finished,2,01/01/2022,03/01/2022,Test,,519087,Pro Junior Boys,,,Pro Junior Boys,519087,live heats,
418,296885,Test,Finished,2,01/01/2022,03/01/2022,Test,,519088,Masters,,,Masters,519088,live heats,
419,321863,Japan: 4 STAR Omaezaki Japan World Cup,Results Published,7,17/02/2025,24/02/2025,Japan,4.0,584935,Women,,,Women,584935,live heats,
420,321863,Japan: 4 STAR Omaezaki Japan World Cup,Results Published,7,17/02/2025,24/02/2025,Japan,4.0,584936,Men,,,Men,584936,live heats,
421,321863,Japan: 4 STAR Omaezaki Japan World Cup,Results Published,7,17/02/2025,24/02/2025,Japan,4.0,584937,Masters,,,Masters,584937,live heats,
422,321863,Japan: 4 STAR Omaezaki Japan World Cup,Results Published,7,17/02/2025,24/02/2025,Japan,4.0,584938,Junior Girls,,,Junior Girls,584938,live heats,
423,321863,Japan: 4 STAR Omaezaki Japan World Cup,Results Published,7,17/02/2025,24/02/2025,Japan,4.0,584939,Junior Boys,,,Junior Boys,584939,live heats,
424,321863,Japan: 4 STAR Omaezaki Japan World Cup,Results Published,7,17/02/2025,24/02/2025,Japan,4.0,584940,Pro Junior GIrls,,,Pro Junior GIrls,584940,live heats,
425,321863,Japan: 4 STAR Omaezaki Japan World Cup,Results Published,7,17/02/2025,24/02/2025,Japan,4.0,584941,Pro Junior Boys,,,Pro Junior Boys,584941,live heats,
426,321863,Japan: 4 STAR Omaezaki Japan World Cup,Results Published,7,17/02/2025,24/02/2025,Japan,4.0,584942,Grand Masters,,,Grand Masters,584942,live heats,
427,321863,Japan: 4 STAR Omaezaki Japan World Cup,Results Published,7,17/02/2025,24/02/2025,Japan,4.0,625558,Expression Session,,,Expression Session,625558,live heats,
428,374994,Guadeloupe: 2 STAR King Of Moule 2025,Results Published,2,18/01/2025,20/01/2025,Guadeloupe,2.0,672485,Men,,,Men,672485,live heats,
429,374994,Guadeloupe: 2 STAR King Of Moule 2025,Results Published,2,18/01/2025,20/01/2025,Guadeloupe,2.0,672486,Women,,,Women,672486,live heats,
430,374994,Guadeloupe: 2 STAR King Of Moule 2025,Results Published,2,18/01/2025,20/01/2025,Guadeloupe,2.0,672487,Junior Boys,,,Junior Boys,672487,live heats,
431,374994,Guadeloupe: 2 STAR King Of Moule 2025,Results Published,2,18/01/2025,20/01/2025,Guadeloupe,2.0,672488,Masters,,,Masters,672488,live heats,
432,277082,Israel: 3 STAR Storm Rider Haifa,Finished,75,16/01/2025,01/04/2025,Israel,3.0,481480,PRE REGISTER FOR RANKINGS,,,PRE REGISTER FOR RANKINGS,481480,live heats,
433,277082,Israel: 3 STAR Storm Rider Haifa,Finished,75,16/01/2025,01/04/2025,Israel,3.0,607606,open,,,open,607606,live heats,
434,187554,Australia: 3 STAR Severne Margaret River Wavesailing Classic 2024,Results Published,1,02/02/2024,03/02/2024,Australia,3.0,353247,Women,,,Women,353247,live heats,
435,187554,Australia: 3 STAR Severne Margaret River Wavesailing Classic 2024,Results Published,1,02/02/2024,03/02/2024,Australia,3.0,353248,Men,,,Men,353248,live heats,
436,187554,Australia: 3 STAR Severne Margaret River Wavesailing Classic 2024,Results Published,1,02/02/2024,03/02/2024,Australia,3.0,353249,Masters,,,Masters,353249,live heats,
437,187554,Australia: 3 STAR Severne Margaret River Wavesailing Classic 2024,Results Published,1,02/02/2024,03/02/2024,Australia,3.0,353250,Junior Girls,,,Junior Girls,353250,live heats,
438,187554,Australia: 3 STAR Severne Margaret River Wavesailing Classic 2024,Results Published,1,02/02/2024,03/02/2024,Australia,3.0,353251,Junior Boys,,,Junior Boys,353251,live heats,
439,187554,Australia: 3 STAR Severne Margaret River Wavesailing Classic 2024,Results Published,1,02/02/2024,03/02/2024,Australia,3.0,400439,Pro Junior GIrls,,,Pro Junior GIrls,400439,live heats,
440,187554,Australia: 3 STAR Severne Margaret River Wavesailing Classic 2024,Results Published,1,02/02/2024,03/02/2024,Australia,3.0,400440,Pro Junior Boys,,,Pro Junior Boys,400440,live heats,
441,321866,Hawaii: 4 STAR Hawaii World Cup,Results Published,5,14/04/2025,19/04/2025,Hawaii,4.0,584956,Women,,,Women,584956,live heats,
442,321866,Hawaii: 4 STAR Hawaii World Cup,Results Published,5,14/04/2025,19/04/2025,Hawaii,4.0,584957,Men,,,Men,584957,live heats,
443,321866,Hawaii: 4 STAR Hawaii World Cup,Results Published,5,14/04/2025,19/04/2025,Hawaii,4.0,584958,Masters,,,Masters,584958,live heats,
444,321866,Hawaii: 4 STAR Hawaii World Cup,Results Published,5,14/04/2025,19/04/2025,Hawaii,4.0,584960,Junior Boys,,,Junior Boys,584960,live heats,
445,266588,Australia: YOUTH 100% Jaffle Shack Oceania Youth Wave Titles and Junior Windsurf Camp,Results Published,6,14/01/2025,20/01/2025,Australia,,464914,Junior Girls,,,Junior Girls,464914,live heats,
446,266588,Australia: YOUTH 100% Jaffle Shack Oceania Youth Wave Titles and Junior Windsurf Camp,Results Published,6,14/01/2025,20/01/2025,Australia,,464915,Junior Boys,,,Junior Boys,464915,live heats,
447,266588,Australia: YOUTH 100% Jaffle Shack Oceania Youth Wave Titles and Junior Windsurf Camp,Results Published,6,14/01/2025,20/01/2025,Australia,,464916,U15 Girls,,,U15 Girls,464916,live heats,
448,266588,Australia: YOUTH 100% Jaffle Shack Oceania Youth Wave Titles and Junior Windsurf Camp,Results Published,6,14/01/2025,20/01/2025,Australia,,464917,U15 Boys,,,U15 Boys,464917,live heats,
449,266588,Australia: YOUTH 100% Jaffle Shack Oceania Youth Wave Titles and Junior Windsurf Camp,Results Published,6,14/01/2025,20/01/2025,Australia,,464918,U13,,,U13,464918,live heats,
450,266588,Australia: YOUTH 100% Jaffle Shack Oceania Youth Wave Titles and Junior Windsurf Camp,Results Published,6,14/01/2025,20/01/2025,Australia,,464919,Pro Junior GIrls,,,Pro Junior GIrls,464919,live heats,
451,266588,Australia: YOUTH 100% Jaffle Shack Oceania Youth Wave Titles and Junior Windsurf Camp,Results Published,6,14/01/2025,20/01/2025,Australia,,464920,Pro Junior Boys,,,Pro Junior Boys,464920,live heats,
452,321865,CHILE: 5 STAR Surazo Infernal World Cup,Results Published,14,24/03/2025,07/04/2025,Chile,5.0,584951,Women,,,Women,584951,live heats,
453,321865,CHILE: 5 STAR Surazo Infernal World Cup,Results Published,14,24/03/2025,07/04/2025,Chile,5.0,584952,Men,,,Men,584952,live heats,
454,321865,CHILE: 5 STAR Surazo Infernal World Cup,Results Published,14,24/03/2025,07/04/2025,Chile,5.0,584953,Masters,,,Masters,584953,live heats,
455,321865,CHILE: 5 STAR Surazo Infernal World Cup,Results Published,14,24/03/2025,07/04/2025,Chile,5.0,584954,Pro Junior GIrls,,,Pro Junior GIrls,584954,live heats,
456,321865,CHILE: 5 STAR Surazo Infernal World Cup,Results Published,14,24/03/2025,07/04/2025,Chile,5.0,584955,Pro Junior Boys,,,Pro Junior Boys,584955,live heats,
457,321865,CHILE: 5 STAR Surazo Infernal World Cup,Results Published,14,24/03/2025,07/04/2025,Chile,5.0,629716,Junior Girls,,,Junior Girls,629716,live heats,
458,321865,CHILE: 5 STAR Surazo Infernal World Cup,Results Published,14,24/03/2025,07/04/2025,Chile,5.0,629717,Junior Boys,,,Junior Boys,629717,live heats,
459,375026,Argentina : 2 Star Mar Del Plata ,Results Published,2,19/04/2025,21/04/2025,Argentina,2.0,672517,Women,,,Women,672517,live heats,
460,375026,Argentina : 2 Star Mar Del Plata ,Results Published,2,19/04/2025,21/04/2025,Argentina,2.0,672518,Men,,,Men,672518,live heats,
461,375026,Argentina : 2 Star Mar Del Plata ,Results Published,2,19/04/2025,21/04/2025,Argentina,2.0,672519,Masters,,,Masters,672519,live heats,
462,375026,Argentina : 2 Star Mar Del Plata ,Results Published,2,19/04/2025,21/04/2025,Argentina,2.0,672521,Junior Boys,,,Junior Boys,672521,live heats,
463,322490,Morocco: 3 STAR Moulay Wave Classic,Results Published,8,26/04/2025,04/05/2025,Morocco,3.0,585958,Women,,,Women,585958,live heats,
464,322490,Morocco: 3 STAR Moulay Wave Classic,Results Published,8,26/04/2025,04/05/2025,Morocco,3.0,585959,Men,,,Men,585959,live heats,
465,322490,Morocco: 3 STAR Moulay Wave Classic,Results Published,8,26/04/2025,04/05/2025,Morocco,3.0,585961,Pro Junior Boys,,,Pro Junior Boys,585961,live heats,
466,322490,Morocco: 3 STAR Moulay Wave Classic,Results Published,8,26/04/2025,04/05/2025,Morocco,3.0,585963,Junior Boys,,,Junior Boys,585963,live heats,
467,322490,Morocco: 3 STAR Moulay Wave Classic,Results Published,8,26/04/2025,04/05/2025,Morocco,3.0,672781,U15,,,U15,672781,live heats,
468,357,2024 Gran Canaria GLORIA PWA Windsurfing Grand Slam ******,Completed events,8,2024-06-29,2024-07-07,Spain,5.0,857,Mens 2024 Gran Canaria PWA Windsurfing Grand Slam ****** Mens Wave elimination double elimination,Men,https://www.pwaworldtour.com/index.php?id=38&tx_pwaevent_pi1%5BshowUid%5D=357&cHash=c9720a68c542213e603b7dd18e1a98cf,Wave Men,960,pwa,Double
469,357,2024 Gran Canaria GLORIA PWA Windsurfing Grand Slam ******,Completed events,8,2024-06-29,2024-07-07,Spain,5.0,855,Mens 2024 Gran Canaria PWA Windsurfing Grand Slam ****** Mens Wave elimination,Men,https://www.pwaworldtour.com/index.php?id=38&tx_pwaevent_pi1%5BshowUid%5D=357&cHash=c9720a68c542213e603b7dd18e1a98cf,Wave Men,960,pwa,Single
470,357,2024 Gran Canaria GLORIA PWA Windsurfing Grand Slam ******,Completed events,8,2024-06-29,2024-07-07,Spain,5.0,876,Womens 2024 Gran Canaria PWA Windsurfing Grand Slam ****** Women Wave elimination double elimination,Women,https://www.pwaworldtour.com/index.php?id=38&tx_pwaevent_pi1%5BshowUid%5D=357&cHash=c9720a68c542213e603b7dd18e1a98cf,Wave Women,961,pwa,Double
471,357,2024 Gran Canaria GLORIA PWA Windsurfing Grand Slam ******,Completed events,8,2024-06-29,2024-07-07,Spain,5.0,856,Womens 2024 Gran Canaria PWA Windsurfing Grand Slam ****** Women Wave elimination,Women,https://www.pwaworldtour.com/index.php?id=38&tx_pwaevent_pi1%5BshowUid%5D=357&cHash=c9720a68c542213e603b7dd18e1a98cf,Wave Women,961,pwa,Single
472,358,2024 Tenerife PWA World Cup ****,Completed events,6,2024-08-05,2024-08-11,Spain,4.0,926,Mens 2024 Tenerife PWA World Cup ***** Mens Wave elimination double elimination,Men,https://www.pwaworldtour.com/index.php?id=38&tx_pwaevent_pi1%5BshowUid%5D=358&cHash=810d8779bf78e5fb75817e83f998b70b,Wave Men,964,pwa,Double
473,358,2024 Tenerife PWA World Cup ****,Completed events,6,2024-08-05,2024-08-11,Spain,4.0,924,Mens 2024 Tenerife PWA World Cup ***** Mens Wave elimination,Men,https://www.pwaworldtour.com/index.php?id=38&tx_pwaevent_pi1%5BshowUid%5D=358&cHash=810d8779bf78e5fb75817e83f998b70b,Wave Men,964,pwa,Single
474,358,2024 Tenerife PWA World Cup ****,Completed events,6,2024-08-05,2024-08-11,Spain,4.0,927,Womens 2024 Tenerife PWA World Cup ***** Women Wave elimination double elimination,Women,https://www.pwaworldtour.com/index.php?id=38&tx_pwaevent_pi1%5BshowUid%5D=358&cHash=810d8779bf78e5fb75817e83f998b70b,Wave Women,965,pwa,Double
475,358,2024 Tenerife PWA World Cup ****,Completed events,6,2024-08-05,2024-08-11,Spain,4.0,925,Womens 2024 Tenerife PWA World Cup ***** Women Wave elimination,Women,https://www.pwaworldtour.com/index.php?id=38&tx_pwaevent_pi1%5BshowUid%5D=358&cHash=810d8779bf78e5fb75817e83f998b70b,Wave Women,965,pwa,Single
476,363,2024 Citron PWA Windsurf World Cup Sylt *******,Completed events,9,2024-09-27,2024-10-06,Germany,5.0,929,Mens 2024 Citroen PWA Windsurf World Cup Sylt ******* Mens Wave elimination,Men,https://www.pwaworldtour.com/index.php?id=38&tx_pwaevent_pi1%5BshowUid%5D=363&cHash=bf5225169ae75b8279dac2e81dc7def1,Wave Men,978,pwa,Single
477,363,2024 Citron PWA Windsurf World Cup Sylt *******,Completed events,9,2024-09-27,2024-10-06,Germany,5.0,931,Mens 2024 Citroen PWA Windsurf World Cup Sylt ******* Mens Wave elimination double elimination,Men,https://www.pwaworldtour.com/index.php?id=38&tx_pwaevent_pi1%5BshowUid%5D=363&cHash=bf5225169ae75b8279dac2e81dc7def1,Wave Men,978,pwa,Double
478,363,2024 Citron PWA Windsurf World Cup Sylt *******,Completed events,9,2024-09-27,2024-10-06,Germany,5.0,928,Womens 2024 Citroen PWA Windsurf World Cup Sylt ******* Women Wave elimination,Women,https://www.pwaworldtour.com/index.php?id=38&tx_pwaevent_pi1%5BshowUid%5D=363&cHash=bf5225169ae75b8279dac2e81dc7def1,Wave Women,979,pwa,Single
479,338,2023 Gran Canaria PWA Windsurfing Grand Slam ******,Completed events,8,2023-07-01,2023-07-09,Spain,5.0,759,Mens 2023 Gran Canaria PWA Windsurfing Grand Slam ****** Mens Wave elimination double elimination,Men,https://www.pwaworldtour.com/index.php?id=38&tx_pwaevent_pi1%5BshowUid%5D=338&cHash=b9ace970f382423c0fca8363194b4212,Wave Men,918,pwa,Double
480,338,2023 Gran Canaria PWA Windsurfing Grand Slam ******,Completed events,8,2023-07-01,2023-07-09,Spain,5.0,755,Mens 2023 Gran Canaria PWA Windsurfing Grand Slam ****** Mens Wave elimination,Men,https://www.pwaworldtour.com/index.php?id=38&tx_pwaevent_pi1%5BshowUid%5D=338&cHash=b9ace970f382423c0fca8363194b4212,Wave Men,918,pwa,Single
481,338,2023 Gran Canaria PWA Windsurfing Grand Slam ******,Completed events,8,2023-07-01,2023-07-09,Spain,5.0,762,Womens 2023 Gran Canaria PWA Windsurfing Grand Slam ****** Women Wave elimination double elimination,Women,https://www.pwaworldtour.com/index.php?id=38&tx_pwaevent_pi1%5BshowUid%5D=338&cHash=b9ace970f382423c0fca8363194b4212,Wave Women,919,pwa,Double
482,338,2023 Gran Canaria PWA Windsurfing Grand Slam ******,Completed events,8,2023-07-01,2023-07-09,Spain,5.0,758,Womens 2023 Gran Canaria PWA Windsurfing Grand Slam ****** Women Wave elimination,Women,https://www.pwaworldtour.com/index.php?id=38&tx_pwaevent_pi1%5BshowUid%5D=338&cHash=b9ace970f382423c0fca8363194b4212,Wave Women,919,pwa,Single
483,342,"schauinslandreisen Windsurf World Cup Sylt, presented by got2b *******",Completed events,9,2023-09-22,2023-10-01,Germany,5.0,826,Mens Mens Wave elimination,Men,https://www.pwaworldtour.com/index.php?id=38&tx_pwaevent_pi1%5BshowUid%5D=342&cHash=a084d014e91db5fb85fbd4d88f159868,Wave Men,928,pwa,Single
484,342,"schauinslandreisen Windsurf World Cup Sylt, presented by got2b *******",Completed events,9,2023-09-22,2023-10-01,Germany,5.0,835,Womens Women Wave elimination double elimination,Women,https://www.pwaworldtour.com/index.php?id=38&tx_pwaevent_pi1%5BshowUid%5D=342&cHash=a084d014e91db5fb85fbd4d88f159868,Wave Women,929,pwa,Double
485,342,"schauinslandreisen Windsurf World Cup Sylt, presented by got2b *******",Completed events,9,2023-09-22,2023-10-01,Germany,5.0,825,Womens Women Wave elimination,Women,https://www.pwaworldtour.com/index.php?id=38&tx_pwaevent_pi1%5BshowUid%5D=342&cHash=a084d014e91db5fb85fbd4d88f159868,Wave Women,929,pwa,Single
486,328,2022 Gran Canaria PWA Windsurfing World Cup *****,Completed events,8,2022-07-09,2022-07-17,Spain,,711,Mens 2022 Gran Canaria PWA Windsurfing World Cup ***** Mens Wave elimination double elimination,Men,https://www.pwaworldtour.com/index.php?id=38&tx_pwaevent_pi1%5BshowUid%5D=328&cHash=ea92f82f38d9aed790528c5c560bff5f,Wave Men,886,pwa,Double
487,328,2022 Gran Canaria PWA Windsurfing World Cup *****,Completed events,8,2022-07-09,2022-07-17,Spain,,708,Mens 2022 Gran Canaria PWA Windsurfing World Cup ***** Mens Wave elimination,Men,https://www.pwaworldtour.com/index.php?id=38&tx_pwaevent_pi1%5BshowUid%5D=328&cHash=ea92f82f38d9aed790528c5c560bff5f,Wave Men,886,pwa,Single
488,328,2022 Gran Canaria PWA Windsurfing World Cup *****,Completed events,8,2022-07-09,2022-07-17,Spain,,710,Womens 2022 Gran Canaria PWA Windsurfing World Cup ***** Women Wave elimination double elimination,Women,https://www.pwaworldtour.com/index.php?id=38&tx_pwaevent_pi1%5BshowUid%5D=328&cHash=ea92f82f38d9aed790528c5c560bff5f,Wave Women,887,pwa,Double
489,328,2022 Gran Canaria PWA Windsurfing World Cup *****,Completed events,8,2022-07-09,2022-07-17,Spain,,709,Womens 2022 Gran Canaria PWA Windsurfing World Cup ***** Women Wave elimination,Women,https://www.pwaworldtour.com/index.php?id=38&tx_pwaevent_pi1%5BshowUid%5D=328&cHash=ea92f82f38d9aed790528c5c560bff5f,Wave Women,887,pwa,Single
490,332,2022 Mercedes-Benz World Cup Sylt *******,Completed events,9,2022-09-24,2022-10-03,Germany,,721,Mens 2022 Mercedes-Benz World Cup Sylt ******* Mens Wave elimination double elimination,Men,https://www.pwaworldtour.com/index.php?id=38&tx_pwaevent_pi1%5BshowUid%5D=332&cHash=3dba48be016aafe08e7080c96be9c9e6,Wave Men,894,pwa,Double
491,332,2022 Mercedes-Benz World Cup Sylt *******,Completed events,9,2022-09-24,2022-10-03,Germany,,712,Mens 2022 Mercedes-Benz World Cup Sylt ******* Mens Wave elimination,Men,https://www.pwaworldtour.com/index.php?id=38&tx_pwaevent_pi1%5BshowUid%5D=332&cHash=3dba48be016aafe08e7080c96be9c9e6,Wave Men,894,pwa,Single
492,332,2022 Mercedes-Benz World Cup Sylt *******,Completed events,9,2022-09-24,2022-10-03,Germany,,722,Womens 2022 Mercedes-Benz World Cup Sylt ******* Women Wave elimination double elimination,Women,https://www.pwaworldtour.com/index.php?id=38&tx_pwaevent_pi1%5BshowUid%5D=332&cHash=3dba48be016aafe08e7080c96be9c9e6,Wave Women,895,pwa,Double
493,332,2022 Mercedes-Benz World Cup Sylt *******,Completed events,9,2022-09-24,2022-10-03,Germany,,713,Womens 2022 Mercedes-Benz World Cup Sylt ******* Women Wave elimination,Women,https://www.pwaworldtour.com/index.php?id=38&tx_pwaevent_pi1%5BshowUid%5D=332&cHash=3dba48be016aafe08e7080c96be9c9e6,Wave Women,895,pwa,Single
494,322,"SOMWR 10 x Marignane PWA Grand Slam, Presented by Greentech Festival******",Completed events,9,2021-11-12,2021-11-21,France,,699,Mens Wave elimination,Men,https://www.pwaworldtour.com/index.php?id=38&tx_pwaevent_pi1%5BshowUid%5D=322&cHash=a9699db711a425e197aadb6e7ff69685,Wave Men,871,pwa,Single
495,322,"SOMWR 10 x Marignane PWA Grand Slam, Presented by Greentech Festival******",Completed events,9,2021-11-12,2021-11-21,France,,702,"""Womens Wave elimination""",Women,https://www.pwaworldtour.com/index.php?id=38&tx_pwaevent_pi1%5BshowUid%5D=322&cHash=a9699db711a425e197aadb6e7ff69685,Wave Women,872,pwa,Single
496,286,2019 Gran Canaria PWA World Cup,Completed events,8,2019-07-12,2019-07-20,Spain,,584,Mens 2019 Gran Canaria PWA World Cup Mens Wave elimination double elimination,Men,https://www.pwaworldtour.com/index.php?id=38&tx_pwaevent_pi1%5BshowUid%5D=286&cHash=86563a7fef38b80cc2236d4be71de045,Wave Men,778,pwa,Double
497,286,2019 Gran Canaria PWA World Cup,Completed events,8,2019-07-12,2019-07-20,Spain,,579,Mens 2019 Gran Canaria PWA World Cup Mens Wave elimination,Men,https://www.pwaworldtour.com/index.php?id=38&tx_pwaevent_pi1%5BshowUid%5D=286&cHash=86563a7fef38b80cc2236d4be71de045,Wave Men,778,pwa,Single
498,286,2019 Gran Canaria PWA World Cup,Completed events,8,2019-07-12,2019-07-20,Spain,,583,Womens 2019 Gran Canaria PWA World Cup Women Wave elimination double elimination,Women,https://www.pwaworldtour.com/index.php?id=38&tx_pwaevent_pi1%5BshowUid%5D=286&cHash=86563a7fef38b80cc2236d4be71de045,Wave Women,779,pwa,Double
499,286,2019 Gran Canaria PWA World Cup,Completed events,8,2019-07-12,2019-07-20,Spain,,582,Womens 2019 Gran Canaria PWA World Cup Women Wave elimination,Women,https://www.pwaworldtour.com/index.php?id=38&tx_pwaevent_pi1%5BshowUid%5D=286&cHash=86563a7fef38b80cc2236d4be71de045,Wave Women,779,pwa,Single
500,288,2019 Tenerife PWA World Cup,Completed events,6,2019-08-05,2019-08-11,Spain,,601,Mens 2019 Tenerife PWA World Cup Mens Wave elimination,Men,https://www.pwaworldtour.com/index.php?id=38&tx_pwaevent_pi1%5BshowUid%5D=288&cHash=279f6bdb5eba0202a63126f9db5064c8,Wave Men,780,pwa,Single
501,288,2019 Tenerife PWA World Cup,Completed events,6,2019-08-05,2019-08-11,Spain,,602,Womens 2019 Tenerife PWA World Cup Women Wave elimination,Women,https://www.pwaworldtour.com/index.php?id=38&tx_pwaevent_pi1%5BshowUid%5D=288&cHash=279f6bdb5eba0202a63126f9db5064c8,Wave Women,781,pwa,Single
502,291,2019 Mercedes-Benz World Cup Sylt,Completed events,9,2019-09-27,2019-10-06,Germany,,628,Mens 2019 Mercedes-Benz World Cup Sylt Mens Wave elimination double elimination,Men,https://www.pwaworldtour.com/index.php?id=38&tx_pwaevent_pi1%5BshowUid%5D=291&cHash=1fb8687881e6356a95cd1858c9350fc4,Wave Men,788,pwa,Double
503,291,2019 Mercedes-Benz World Cup Sylt,Completed events,9,2019-09-27,2019-10-06,Germany,,626,Mens 2019 Mercedes-Benz World Cup Sylt Mens Wave elimination,Men,https://www.pwaworldtour.com/index.php?id=38&tx_pwaevent_pi1%5BshowUid%5D=291&cHash=1fb8687881e6356a95cd1858c9350fc4,Wave Men,788,pwa,Single
504,291,2019 Mercedes-Benz World Cup Sylt,Completed events,9,2019-09-27,2019-10-06,Germany,,627,Womens 2019 Mercedes-Benz World Cup Sylt Women Wave elimination double elimination,Women,https://www.pwaworldtour.com/index.php?id=38&tx_pwaevent_pi1%5BshowUid%5D=291&cHash=1fb8687881e6356a95cd1858c9350fc4,Wave Women,792,pwa,Double
505,291,2019 Mercedes-Benz World Cup Sylt,Completed events,9,2019-09-27,2019-10-06,Germany,,625,Womens 2019 Mercedes-Benz World Cup Sylt Women Wave elimination,Women,https://www.pwaworldtour.com/index.php?id=38&tx_pwaevent_pi1%5BshowUid%5D=291&cHash=1fb8687881e6356a95cd1858c9350fc4,Wave Women,792,pwa,Single
506,292,2019 Mercedes-Benz Aloha Classic,Completed events,13,2019-10-27,2019-11-09,Hawaii,,642,Mens 2019 Maui Aloha Classic Mens Wave elimination double elimination,Men,https://www.pwaworldtour.com/index.php?id=38&tx_pwaevent_pi1%5BshowUid%5D=292&cHash=cc058d18cbcc3264d63d7f813c1a2a19,Wave Men,793,pwa,Double
507,292,2019 Mercedes-Benz Aloha Classic,Completed events,13,2019-10-27,2019-11-09,Hawaii,,641,Mens 2019 Maui Aloha Classic Mens Wave elimination,Men,https://www.pwaworldtour.com/index.php?id=38&tx_pwaevent_pi1%5BshowUid%5D=292&cHash=cc058d18cbcc3264d63d7f813c1a2a19,Wave Men,793,pwa,Single
508,292,2019 Mercedes-Benz Aloha Classic,Completed events,13,2019-10-27,2019-11-09,Hawaii,,643,Womens 2019 Maui Aloha Classic Women Wave elimination double elimination,Women,https://www.pwaworldtour.com/index.php?id=38&tx_pwaevent_pi1%5BshowUid%5D=292&cHash=cc058d18cbcc3264d63d7f813c1a2a19,Wave Women,794,pwa,Double
509,292,2019 Mercedes-Benz Aloha Classic,Completed events,13,2019-10-27,2019-11-09,Hawaii,,640,Womens 2019 Maui Aloha Classic Women Wave elimination,Women,https://www.pwaworldtour.com/index.php?id=38&tx_pwaevent_pi1%5BshowUid%5D=292&cHash=cc058d18cbcc3264d63d7f813c1a2a19,Wave Women,794,pwa,Single
510,275,Gran Canaria,Completed events,6,2018-07-15,2018-07-21,Spain,,500,Mens 2018 Gran Canaria Mens Wave elimination double elimination,Men,https://www.pwaworldtour.com/index.php?id=38&tx_pwaevent_pi1%5BshowUid%5D=275&cHash=a011a7cd90622e225e04834af776a897,Wave Men,746,pwa,Double
511,275,Gran Canaria,Completed events,6,2018-07-15,2018-07-21,Spain,,499,Mens 2018 Gran Canaria Mens Wave elimination,Men,https://www.pwaworldtour.com/index.php?id=38&tx_pwaevent_pi1%5BshowUid%5D=275&cHash=a011a7cd90622e225e04834af776a897,Wave Men,746,pwa,Single
512,275,Gran Canaria,Completed events,6,2018-07-15,2018-07-21,Spain,,501,Womens 2018 Gran Canaria Women Wave elimination double elimination,Women,https://www.pwaworldtour.com/index.php?id=38&tx_pwaevent_pi1%5BshowUid%5D=275&cHash=a011a7cd90622e225e04834af776a897,Wave Women,747,pwa,Double
513,275,Gran Canaria,Completed events,6,2018-07-15,2018-07-21,Spain,,498,Womens 2018 Gran Canaria Women Wave elimination,Women,https://www.pwaworldtour.com/index.php?id=38&tx_pwaevent_pi1%5BshowUid%5D=275&cHash=a011a7cd90622e225e04834af776a897,Wave Women,747,pwa,Single
514,277,Tenerife,Completed events,6,2018-08-05,2018-08-11,Spain,,513,Mens 2018 Tenerife Mens Wave elimination double elimination,Men,https://www.pwaworldtour.com/index.php?id=38&tx_pwaevent_pi1%5BshowUid%5D=277&cHash=d78002b0587a46dad91ac0b7d4a59ae8,Wave Men,751,pwa,Double
515,277,Tenerife,Completed events,6,2018-08-05,2018-08-11,Spain,,512,Mens 2018 Tenerife Mens Wave elimination,Men,https://www.pwaworldtour.com/index.php?id=38&tx_pwaevent_pi1%5BshowUid%5D=277&cHash=d78002b0587a46dad91ac0b7d4a59ae8,Wave Men,751,pwa,Single
516,277,Tenerife,Completed events,6,2018-08-05,2018-08-11,Spain,,514,Womens 2018 Tenerife Women Wave elimination double elimination,Women,https://www.pwaworldtour.com/index.php?id=38&tx_pwaevent_pi1%5BshowUid%5D=277&cHash=d78002b0587a46dad91ac0b7d4a59ae8,Wave Women,752,pwa,Double
517,277,Tenerife,Completed events,6,2018-08-05,2018-08-11,Spain,,511,Womens 2018 Tenerife Women Wave elimination,Women,https://www.pwaworldtour.com/index.php?id=38&tx_pwaevent_pi1%5BshowUid%5D=277&cHash=d78002b0587a46dad91ac0b7d4a59ae8,Wave Women,752,pwa,Single
518,278,Mercedes-Benz World Cup Sylt,Completed events,9,2018-09-28,2018-10-07,Germany,,523,Mens 2018 Mercedes-Benz World Cup Sylt Mens Wave elimination double elimination,Men,https://www.pwaworldtour.com/index.php?id=38&tx_pwaevent_pi1%5BshowUid%5D=278&cHash=3d18b0f380e7f3f57b7b10393a7b7f63,Wave Men,753,pwa,Double
519,278,Mercedes-Benz World Cup Sylt,Completed events,9,2018-09-28,2018-10-07,Germany,,516,Mens 2018 Mercedes-Benz World Cup Sylt Mens Wave elimination,Men,https://www.pwaworldtour.com/index.php?id=38&tx_pwaevent_pi1%5BshowUid%5D=278&cHash=3d18b0f380e7f3f57b7b10393a7b7f63,Wave Men,753,pwa,Single
520,278,Mercedes-Benz World Cup Sylt,Completed events,9,2018-09-28,2018-10-07,Germany,,524,Womens 2018 Mercedes-Benz World Cup Sylt Women Wave elimination double elimination,Women,https://www.pwaworldtour.com/index.php?id=38&tx_pwaevent_pi1%5BshowUid%5D=278&cHash=3d18b0f380e7f3f57b7b10393a7b7f63,Wave Women,754,pwa,Double
521,278,Mercedes-Benz World Cup Sylt,Completed events,9,2018-09-28,2018-10-07,Germany,,515,Womens 2018 Mercedes-Benz World Cup Sylt Women Wave elimination,Women,https://www.pwaworldtour.com/index.php?id=38&tx_pwaevent_pi1%5BshowUid%5D=278&cHash=3d18b0f380e7f3f57b7b10393a7b7f63,Wave Women,754,pwa,Single
522,264,Gran Canaria,Completed events,6,2017-07-09,2017-07-15,Spain,,340,Mens 2017 Gran Canaria Mens Wave elimination double elimination,Men,https://www.pwaworldtour.com/index.php?id=38&tx_pwaevent_pi1%5BshowUid%5D=264&cHash=60af7dbac52a36795726e39a3940dcdf,Wave Men,717,pwa,Double
523,264,Gran Canaria,Completed events,6,2017-07-09,2017-07-15,Spain,,337,Mens 2017 Gran Canaria Mens Wave elimination,Men,https://www.pwaworldtour.com/index.php?id=38&tx_pwaevent_pi1%5BshowUid%5D=264&cHash=60af7dbac52a36795726e39a3940dcdf,Wave Men,717,pwa,Single
524,264,Gran Canaria,Completed events,6,2017-07-09,2017-07-15,Spain,,339,Womens 2017 Gran Canaria Women Wave elimination double elimination,Women,https://www.pwaworldtour.com/index.php?id=38&tx_pwaevent_pi1%5BshowUid%5D=264&cHash=60af7dbac52a36795726e39a3940dcdf,Wave Women,718,pwa,Double
525,264,Gran Canaria,Completed events,6,2017-07-09,2017-07-15,Spain,,338,Womens 2017 Gran Canaria Women Wave elimination,Women,https://www.pwaworldtour.com/index.php?id=38&tx_pwaevent_pi1%5BshowUid%5D=264&cHash=60af7dbac52a36795726e39a3940dcdf,Wave Women,718,pwa,Single
526,266,Tenerife,Completed events,6,2017-08-06,2017-08-12,Spain,,360,Mens 2017 Tenerife Mens Wave elimination double elimination,Men,https://www.pwaworldtour.com/index.php?id=38&tx_pwaevent_pi1%5BshowUid%5D=266&cHash=ca589f52071d421a8009ccfa63d5b240,Wave Men,722,pwa,Double
527,266,Tenerife,Completed events,6,2017-08-06,2017-08-12,Spain,,356,Mens 2017 Tenerife Mens Wave elimination,Men,https://www.pwaworldtour.com/index.php?id=38&tx_pwaevent_pi1%5BshowUid%5D=266&cHash=ca589f52071d421a8009ccfa63d5b240,Wave Men,722,pwa,Single
528,266,Tenerife,Completed events,6,2017-08-06,2017-08-12,Spain,,359,Womens 2017 Tenerife Women Wave elimination double elimination,Women,https://www.pwaworldtour.com/index.php?id=38&tx_pwaevent_pi1%5BshowUid%5D=266&cHash=ca589f52071d421a8009ccfa63d5b240,Wave Women,723,pwa,Double
529,266,Tenerife,Completed events,6,2017-08-06,2017-08-12,Spain,,358,Womens 2017 Tenerife Women Wave elimination,Women,https://www.pwaworldtour.com/index.php?id=38&tx_pwaevent_pi1%5BshowUid%5D=266&cHash=ca589f52071d421a8009ccfa63d5b240,Wave Women,723,pwa,Single
530,268,Mercedes-Benz World Cup Sylt,Completed events,9,2017-09-29,2017-10-08,Germany,,385,Mens 2017 Mercedes-Benz World Cup Sylt Mens Wave elimination double elimination,Men,https://www.pwaworldtour.com/index.php?id=38&tx_pwaevent_pi1%5BshowUid%5D=268&cHash=8100ba3a663cdc201537b161dac23c34,Wave Men,726,pwa,Double
531,268,Mercedes-Benz World Cup Sylt,Completed events,9,2017-09-29,2017-10-08,Germany,,375,Mens 2017 Mercedes-Benz World Cup Sylt Mens Wave elimination,Men,https://www.pwaworldtour.com/index.php?id=38&tx_pwaevent_pi1%5BshowUid%5D=268&cHash=8100ba3a663cdc201537b161dac23c34,Wave Men,726,pwa,Single
532,268,Mercedes-Benz World Cup Sylt,Completed events,9,2017-09-29,2017-10-08,Germany,,386,Womens 2017 Mercedes-Benz World Cup Sylt Women Wave elimination double elimination,Women,https://www.pwaworldtour.com/index.php?id=38&tx_pwaevent_pi1%5BshowUid%5D=268&cHash=8100ba3a663cdc201537b161dac23c34,Wave Women,727,pwa,Double
533,268,Mercedes-Benz World Cup Sylt,Completed events,9,2017-09-29,2017-10-08,Germany,,376,Womens 2017 Mercedes-Benz World Cup Sylt Women Wave elimination,Women,https://www.pwaworldtour.com/index.php?id=38&tx_pwaevent_pi1%5BshowUid%5D=268&cHash=8100ba3a663cdc201537b161dac23c34,Wave Women,727,pwa,Single
534,250,"Pozo Izquierdo, Gran Canaria",Completed events,6,2016-07-03,2016-07-09,Spain,,265,Mens Gran Canaria Mens Wave elimination double elimination,Men,https://www.pwaworldtour.com/index.php?id=38&tx_pwaevent_pi1%5BshowUid%5D=250&cHash=7ed612ace28a6a0e2b122a6e45682438,Wave Men,689,pwa,Double
535,250,"Pozo Izquierdo, Gran Canaria",Completed events,6,2016-07-03,2016-07-09,Spain,,263,Mens Gran Canaria Mens Wave elimination,Men,https://www.pwaworldtour.com/index.php?id=38&tx_pwaevent_pi1%5BshowUid%5D=250&cHash=7ed612ace28a6a0e2b122a6e45682438,Wave Men,689,pwa,Single
536,250,"Pozo Izquierdo, Gran Canaria",Completed events,6,2016-07-03,2016-07-09,Spain,,266,Womens Gran Canaria Women Wave elimination double elimination,Women,https://www.pwaworldtour.com/index.php?id=38&tx_pwaevent_pi1%5BshowUid%5D=250&cHash=7ed612ace28a6a0e2b122a6e45682438,Wave Women,690,pwa,Double
537,250,"Pozo Izquierdo, Gran Canaria",Completed events,6,2016-07-03,2016-07-09,Spain,,264,Womens Gran Canaria Women Wave elimination,Women,https://www.pwaworldtour.com/index.php?id=38&tx_pwaevent_pi1%5BshowUid%5D=250&cHash=7ed612ace28a6a0e2b122a6e45682438,Wave Women,690,pwa,Single
538,252,"El Medano, Tenerife",Completed events,6,2016-08-01,2016-08-07,Spain,,287,Mens Tenerife Mens Wave elimination double elimination,Men,https://www.pwaworldtour.com/index.php?id=38&tx_pwaevent_pi1%5BshowUid%5D=252&cHash=22b72835d905a72357024a204012c1dd,Wave Men,694,pwa,Double
539,252,"El Medano, Tenerife",Completed events,6,2016-08-01,2016-08-07,Spain,,285,Mens Tenerife Mens Wave elimination,Men,https://www.pwaworldtour.com/index.php?id=38&tx_pwaevent_pi1%5BshowUid%5D=252&cHash=22b72835d905a72357024a204012c1dd,Wave Men,694,pwa,Single
540,252,"El Medano, Tenerife",Completed events,6,2016-08-01,2016-08-07,Spain,,286,Womens Tenerife Women Wave elimination double elimination,Women,https://www.pwaworldtour.com/index.php?id=38&tx_pwaevent_pi1%5BshowUid%5D=252&cHash=22b72835d905a72357024a204012c1dd,Wave Women,695,pwa,Double
541,252,"El Medano, Tenerife",Completed events,6,2016-08-01,2016-08-07,Spain,,284,Womens Tenerife Women Wave elimination,Women,https://www.pwaworldtour.com/index.php?id=38&tx_pwaevent_pi1%5BshowUid%5D=252&cHash=22b72835d905a72357024a204012c1dd,Wave Women,695,pwa,Single
542,256,Mercedes-Benz World Cup Sylt,Completed events,9,2016-09-30,2016-10-09,Germany,,298,Womens Sylt Women Wave elimination double elimination,Women,https://www.pwaworldtour.com/index.php?id=38&tx_pwaevent_pi1%5BshowUid%5D=256&cHash=e665ec90d2ac3822cac4d3b214b2d1a3,Wave Women,701,pwa,Double
543,256,Mercedes-Benz World Cup Sylt,Completed events,9,2016-09-30,2016-10-09,Germany,,296,Womens Sylt Women Wave elimination,Women,https://www.pwaworldtour.com/index.php?id=38&tx_pwaevent_pi1%5BshowUid%5D=256&cHash=e665ec90d2ac3822cac4d3b214b2d1a3,Wave Women,701,pwa,Single
544,256,Mercedes-Benz World Cup Sylt,Completed events,9,2016-09-30,2016-10-09,Germany,,297,Mens Sylt Mens Wave elimination,Men,https://www.pwaworldtour.com/index.php?id=38&tx_pwaevent_pi1%5BshowUid%5D=256&cHash=e665ec90d2ac3822cac4d3b214b2d1a3,Wave Men,702,pwa,Single
545,256,Mercedes-Benz World Cup Sylt,Completed events,9,2016-09-30,2016-10-09,Germany,,299,Mens Sylt Mens Wave elimination double elimination,Men,https://www.pwaworldtour.com/index.php?id=38&tx_pwaevent_pi1%5BshowUid%5D=256&cHash=e665ec90d2ac3822cac4d3b214b2d1a3,Wave Men,702,pwa,Double
546,258,NoveNove Maui Aloha Classic,Completed events,13,2016-10-31,2016-11-13,Hawaii,,314,Mens Maui Mens Wave elimination double elimination,Men,https://www.pwaworldtour.com/index.php?id=38&tx_pwaevent_pi1%5BshowUid%5D=258&cHash=7c8a99dcdb6f596f416e923c85626935,Wave Men,709,pwa,Double
547,258,NoveNove Maui Aloha Classic,Completed events,13,2016-10-31,2016-11-13,Hawaii,,312,Mens Maui Mens Wave elimination,Men,https://www.pwaworldtour.com/index.php?id=38&tx_pwaevent_pi1%5BshowUid%5D=258&cHash=7c8a99dcdb6f596f416e923c85626935,Wave Men,709,pwa,Single
548,258,NoveNove Maui Aloha Classic,Completed events,13,2016-10-31,2016-11-13,Hawaii,,315,Womens Maui Women Wave elimination double elimination,Women,https://www.pwaworldtour.com/index.php?id=38&tx_pwaevent_pi1%5BshowUid%5D=258&cHash=7c8a99dcdb6f596f416e923c85626935,Wave Women,710,pwa,Double
549,258,NoveNove Maui Aloha Classic,Completed events,13,2016-10-31,2016-11-13,Hawaii,,313,Womens Maui Women Wave elimination,Women,https://www.pwaworldtour.com/index.php?id=38&tx_pwaevent_pi1%5BshowUid%5D=258&cHash=7c8a99dcdb6f596f416e923c85626935,Wave Women,710,pwa,Single
