source,event_id,eventDivisionId,sex,round_name,round_order,heat_id,heat_order,total_winners_progressing,winners_progressing_to_round_order,total_losers_progressing,losers_progressing_to_round_order,Total_Round_Heats,Max_Heats,actual_heat_order,y_pos
Live Heats,72449,168178,Men,Final,0,1524498,0,8.0,9.0,,,1,1,1,1.0
Live Heats,72449,168179,Women,Final,0,1524531,0,8.0,9.0,,,1,1,1,1.0
Live Heats,72449,168181,Masters,Final,0,1524533,0,8.0,9.0,,,1,1,1,1.0
Live Heats,72450,168184,Men,Final,0,2011758,0,0.0,1.0,,,1,1,1,1.0
Live Heats,72450,168185,Women,Final,0,2011791,0,0.0,1.0,,,1,1,1,1.0
Live Heats,72452,168196,Men,Round 1,0,1720244,0,,,,,8,8,1,1.0
Live Heats,72452,168196,Men,Quarter Finals,1,1720252,0,,,,,4,8,1,3.0
Live Heats,72452,168196,Men,Semi finals,2,1720256,0,,,,,2,8,1,4.0
Live Heats,72452,168196,Men,Finals,3,1720258,0,,5.0,,4.0,1,8,1,4.5
Live Heats,72452,168196,Men,Round 1,0,1720245,1,,,,,8,8,2,2.0
Live Heats,72452,168196,Men,Quarter Finals,1,1720253,1,,,,,4,8,2,4.0
Live Heats,72452,168196,Men,Semi finals,2,1720257,1,,,,,2,8,2,5.0
Live Heats,72452,168196,Men,Round 1,0,1720246,2,,,,,8,8,3,3.0
Live Heats,72452,168196,Men,Quarter Finals,1,1720254,2,,,,,4,8,3,5.0
Live Heats,72452,168196,Men,Round 1,0,1720247,3,,,,,8,8,4,4.0
Live Heats,72452,168196,Men,Quarter Finals,1,1720255,3,,,,,4,8,4,6.0
Live Heats,72452,168196,Men,Round 1,0,1720248,4,,,,,8,8,5,5.0
Live Heats,72452,168196,Men,Round 1,0,1720249,5,,,,,8,8,6,6.0
Live Heats,72452,168196,Men,Round 1,0,1720250,6,,,,,8,8,7,7.0
Live Heats,72452,168196,Men,Round 1,0,1720251,7,,,,,8,8,8,8.0
Live Heats,72453,168199,Men,Final,0,1650527,0,0.0,1.0,,,1,1,1,1.0
Live Heats,72454,168205,Men,Round 1,0,1822184,0,2.0,2.0,2.0,1.0,6,6,1,1.0
Live Heats,72454,168205,Men,Round 2,1,1822190,0,1.0,2.0,,,4,6,1,2.0
Live Heats,72454,168205,Men,Quarterfinal,2,1822194,0,2.0,3.0,,,4,6,1,2.0
Live Heats,72454,168205,Men,Semifinal,3,1822198,0,,,,,2,6,1,3.0
Live Heats,72454,168205,Men,Final,4,1822200,0,0.0,1.0,,,1,6,1,3.5
Live Heats,72454,168205,Men,Round 1,0,1822185,1,2.0,2.0,2.0,1.0,6,6,2,2.0
Live Heats,72454,168205,Men,Round 2,1,1822191,1,1.0,2.0,,,4,6,2,3.0
Live Heats,72454,168205,Men,Quarterfinal,2,1822195,1,2.0,3.0,,,4,6,2,3.0
Live Heats,72454,168205,Men,Semifinal,3,1822199,1,,,,,2,6,2,4.0
Live Heats,72454,168205,Men,Round 1,0,1822186,2,2.0,2.0,2.0,1.0,6,6,3,3.0
Live Heats,72454,168205,Men,Round 2,1,1822192,2,1.0,2.0,,,4,6,3,4.0
Live Heats,72454,168205,Men,Quarterfinal,2,1822196,2,2.0,3.0,,,4,6,3,4.0
Live Heats,72454,168205,Men,Round 1,0,1822187,3,2.0,2.0,2.0,1.0,6,6,4,4.0
Live Heats,72454,168205,Men,Round 2,1,1822193,3,1.0,2.0,,,4,6,4,5.0
Live Heats,72454,168205,Men,Quarterfinal,2,1822197,3,2.0,3.0,,,4,6,4,5.0
Live Heats,72454,168205,Men,Round 1,0,1822188,4,2.0,2.0,2.0,1.0,6,6,5,5.0
Live Heats,72454,168205,Men,Round 1,0,1822189,5,2.0,2.0,2.0,1.0,6,6,6,6.0
Live Heats,72454,168206,Women,Round 1,0,1820864,0,2.0,2.0,2.0,1.0,3,3,1,1.0
Live Heats,72454,168206,Women,Quarterfinal,1,1820867,0,2.0,3.0,,,1,3,1,2.0
Live Heats,72454,168206,Women,Semifinal,2,1820869,0,2.0,3.0,,,2,3,1,1.5
Live Heats,72454,168206,Women,Final,3,1820870,0,0.0,1.0,,,1,3,1,2.0
Live Heats,72454,168206,Women,Round 1,0,1820865,1,2.0,2.0,2.0,1.0,3,3,2,2.0
Live Heats,72454,168206,Women,Semifinal,2,1820871,1,2.0,3.0,,,2,3,2,2.5
Live Heats,72454,168206,Women,Round 1,0,1820866,2,2.0,2.0,2.0,1.0,3,3,3,3.0
Live Heats,72454,168208,Masters,Round 1,0,1820872,0,2.0,2.0,3.0,1.0,2,2,1,1.0
Live Heats,72454,168208,Masters,Quarterfinal,1,1820875,0,2.0,3.0,,,1,2,1,1.5
Live Heats,72454,168208,Masters,Semifinal,2,1820877,0,,,,,2,2,1,1.0
Live Heats,72454,168208,Masters,Final,3,1820878,0,0.0,1.0,,,1,2,1,1.5
Live Heats,72454,168208,Masters,Round 1,0,1820873,1,2.0,2.0,3.0,1.0,2,2,2,2.0
Live Heats,72454,168208,Masters,Semifinal,2,1820879,1,,,,,2,2,2,2.0
Live Heats,72454,168210,Open AM,Round 1,0,1822623,0,2.0,2.0,3.0,1.0,3,3,1,1.0
Live Heats,72454,168210,Open AM,Quarterfinal,1,1822626,0,1.0,2.0,,,2,3,1,1.5
Live Heats,72454,168210,Open AM,Semifinal,2,1822628,0,2.0,3.0,,,2,3,1,1.5
Live Heats,72454,168210,Open AM,Final,3,1822630,0,0.0,1.0,,,1,3,1,2.0
Live Heats,72454,168210,Open AM,Round 1,0,1822624,1,2.0,2.0,3.0,1.0,3,3,2,2.0
Live Heats,72454,168210,Open AM,Quarterfinal,1,1822627,1,1.0,2.0,,,2,3,2,2.5
Live Heats,72454,168210,Open AM,Semifinal,2,1822629,1,2.0,3.0,,,2,3,2,2.5
Live Heats,72454,168210,Open AM,Round 1,0,1822625,2,2.0,2.0,3.0,1.0,3,3,3,3.0
Live Heats,72455,168211,Men,Round 1,0,1884759,0,,,,,8,8,1,1.0
Live Heats,72455,168211,Men,Quarterfinal,1,1885048,0,,,,,4,8,1,3.0
Live Heats,72455,168211,Men,Semifinal,2,1885054,0,,,,,2,8,1,4.0
Live Heats,72455,168211,Men,Final,3,1885056,0,,,,,1,8,1,4.5
Live Heats,72455,168211,Men,Round 1,0,1884760,1,,,,,8,8,2,2.0
Live Heats,72455,168211,Men,Quarterfinal,1,1885051,1,,,,,4,8,2,4.0
Live Heats,72455,168211,Men,Semifinal,2,1885055,1,,,,,2,8,2,5.0
Live Heats,72455,168211,Men,Round 1,0,1884761,2,,,,,8,8,3,3.0
Live Heats,72455,168211,Men,Quarterfinal,1,1885052,2,,,,,4,8,3,5.0
Live Heats,72455,168211,Men,Round 1,0,1884762,3,,,,,8,8,4,4.0
Live Heats,72455,168211,Men,Quarterfinal,1,1885053,3,,,,,4,8,4,6.0
Live Heats,72455,168211,Men,Round 1,0,1884763,4,,,,,8,8,5,5.0
Live Heats,72455,168211,Men,Round 1,0,1884764,5,,,,,8,8,6,6.0
Live Heats,72455,168211,Men,Round 1,0,1884797,6,,,,,8,8,7,7.0
Live Heats,72455,168211,Men,Round 1,0,1884798,7,,,,,8,8,8,8.0
Live Heats,72455,168213,Junior Boys,Quarterfinal,0,1888118,0,4.0,5.0,,,1,1,1,1.0
Live Heats,72455,168214,Masters,Round 1,0,1886079,0,,2.0,,1.0,4,4,1,1.0
Live Heats,72455,168214,Masters,Round 2,1,1886080,0,,,,,2,4,1,2.0
Live Heats,72455,168214,Masters,Quarterfinal,2,1886083,0,,,,,4,4,1,1.0
Live Heats,72455,168214,Masters,Semifinal,3,1886087,0,,,,,2,4,1,2.0
Live Heats,72455,168214,Masters,Final,4,1886088,0,,,,,1,4,1,2.5
Live Heats,72455,168214,Masters,Round 1,0,1886082,1,,2.0,,1.0,4,4,2,2.0
Live Heats,72455,168214,Masters,Round 2,1,1886093,1,,,,,2,4,2,3.0
Live Heats,72455,168214,Masters,Quarterfinal,2,1886090,1,,,,,4,4,2,2.0
Live Heats,72455,168214,Masters,Semifinal,3,1886089,1,,,,,2,4,2,3.0
Live Heats,72455,168214,Masters,Round 1,0,1886084,2,,2.0,,1.0,4,4,3,3.0
Live Heats,72455,168214,Masters,Quarterfinal,2,1886091,2,,,,,4,4,3,3.0
Live Heats,72455,168214,Masters,Round 1,0,1886085,3,,2.0,,1.0,4,4,4,4.0
Live Heats,72455,168214,Masters,Quarterfinal,2,1886092,3,,,,,4,4,4,4.0
Live Heats,72485,168233,Men,Final,0,1654815,0,8.0,9.0,,,1,1,1,1.0
Live Heats,72485,168234,Women,Final,0,1654848,0,8.0,9.0,,,1,1,1,1.0
Live Heats,72485,168235,Junior Boys,Final,0,1654849,0,8.0,9.0,,,1,1,1,1.0
Live Heats,72487,168245,Men,Final,0,1764683,0,0.0,1.0,,,1,1,1,1.0
Live Heats,72488,168251,Men,Final,0,1670655,0,8.0,9.0,,,1,1,1,1.0
Live Heats,72488,168252,Women,Final,0,1670721,0,8.0,9.0,,,1,1,1,1.0
Live Heats,72488,168253,Junior Boys,Final,0,1670688,0,8.0,9.0,,,1,1,1,1.0
Live Heats,72488,168254,Masters,Final,0,1524532,0,0.0,1.0,,,1,1,1,1.0
Live Heats,72489,168257,Men,Final,0,1654254,0,8.0,9.0,,,1,1,1,1.0
Live Heats,72489,168258,Women,Final,0,1654287,0,8.0,9.0,,,1,1,1,1.0
Live Heats,72489,168259,Junior Boys,Final,0,1654288,0,8.0,9.0,,,1,1,1,1.0
Live Heats,72489,168260,Masters,Final,0,1654289,0,8.0,9.0,,,1,1,1,1.0
Live Heats,74528,172447,Men,Final,0,1654683,0,8.0,9.0,,,1,1,1,1.0
Live Heats,74528,172450,Masters,Final,0,1674879,0,8.0,9.0,,,1,1,1,1.0
Live Heats,74594,172501,Men,Final,0,2007420,0,0.0,1.0,,,1,1,1,1.0
Live Heats,74594,172502,Women,Final,0,2007422,0,0.0,1.0,,,1,1,1,1.0
Live Heats,74628,172513,Men,Final,0,1654716,0,8.0,9.0,,,1,1,1,1.0
Live Heats,74628,172514,Women,Final,0,1654782,0,8.0,9.0,,,1,1,1,1.0
Live Heats,74628,172516,Masters,Final,0,1654749,0,8.0,9.0,,,1,1,1,1.0
Live Heats,74629,172519,Men,Final,0,1654320,0,8.0,9.0,,,1,1,1,1.0
Live Heats,74629,172520,Women,Final,0,1654353,0,8.0,9.0,,,1,1,1,1.0
Live Heats,74629,172521,Junior Boys,Final,0,1654386,0,8.0,9.0,,,1,1,1,1.0
Live Heats,74629,172522,Masters,Final,0,1659347,0,8.0,9.0,,,1,1,1,1.0
Live Heats,81623,186196,Junior Boys,Final,0,1772131,0,8.0,9.0,,,1,1,1,1.0
Live Heats,117330,247047,Men,Final,0,1653561,0,8.0,9.0,,,1,1,1,1.0
Live Heats,117330,247049,Junior Boys,Final,0,1653958,0,8.0,9.0,,,1,1,1,1.0
Live Heats,117330,247050,Masters,Final,0,1653957,0,8.0,9.0,,,1,1,1,1.0
Live Heats,117331,247055,Junior Boys,Final,0,1883664,0,0.0,1.0,,,1,1,1,1.0
Live Heats,117331,247056,Masters,Final,0,1764509,0,0.0,1.0,,,1,1,1,1.0
Live Heats,117333,247060,Men,Final,0,1862732,0,0.0,1.0,,,1,1,1,1.0
Live Heats,117333,247061,Women,Final,0,1864543,0,0.0,1.0,,,1,1,1,1.0
Live Heats,117362,247081,Men,Semifinal,0,1650624,0,8.0,9.0,,,1,1,1,1.0
Live Heats,117362,247082,Women,Final,0,1650591,0,8.0,9.0,,,1,1,1,1.0
Live Heats,118319,248203,Women,Final,0,1653960,0,8.0,9.0,,,1,1,1,1.0
Live Heats,81623,248336,U17 Boys,Final,0,1772132,0,8.0,9.0,,,1,1,1,1.0
Live Heats,81623,248337,U15 Boys,Final,0,1772133,0,8.0,9.0,,,1,1,1,1.0
Live Heats,81623,248338,U13,Final,0,1654188,0,8.0,9.0,,,1,1,1,1.0
Live Heats,81623,248339,Junior Girls,Final,0,1772130,0,8.0,9.0,,,1,1,1,1.0
Live Heats,81623,248340,U15 Girls,Final,0,1772134,0,8.0,9.0,,,1,1,1,1.0
Live Heats,118385,248368,Masters,Final,0,1654224,0,8.0,9.0,,,1,1,1,1.0
Live Heats,118385,248369,Junior Boys,Final,0,1654221,0,8.0,9.0,,,1,1,1,1.0
Live Heats,118715,248731,Women,Final,0,1655145,0,8.0,9.0,,,1,1,1,1.0
Live Heats,118715,248732,Junior Boys,Final,0,1670589,0,8.0,9.0,,,1,1,1,1.0
Live Heats,118715,248733,Masters,Final,0,1670556,0,8.0,9.0,,,1,1,1,1.0
Live Heats,118715,253879,U15 Girls,Final,0,1670622,0,8.0,9.0,,,1,1,1,1.0
Live Heats,118715,253880,U15 Boys,Final,0,1670623,0,8.0,9.0,,,1,1,1,1.0
Live Heats,117331,290080,Junior Girls,Final,0,1764541,0,0.0,1.0,,,1,1,1,1.0
Live Heats,147528,290163,Junior Boys,Final,0,1875618,0,0.0,1.0,,,1,1,1,1.0
Live Heats,147528,290164,Junior Girls,Final,0,1877806,0,0.0,1.0,,,1,1,1,1.0
Live Heats,147529,290168,Men,Final,0,2011848,0,0.0,1.0,,,1,1,1,1.0
Live Heats,147529,290169,Women,Final,0,2011891,0,0.0,1.0,,,1,1,1,1.0
Live Heats,147529,290171,Masters,Final,0,2011904,0,0.0,1.0,,,1,1,1,1.0
Live Heats,147591,290217,Men,Round 1,0,1902810,0,,2.0,,1.0,3,3,1,1.0
Live Heats,147591,290217,Men,Round 2,1,1902813,0,2.0,3.0,,,1,3,1,2.0
Live Heats,147591,290217,Men,Round 3,2,1902815,0,,,,,2,3,1,1.5
Live Heats,147591,290217,Men,Round 4,3,1902817,0,1.0,10.0,1.0,9.0,1,3,1,2.0
Live Heats,147591,290217,Men,Round 5,4,1904988,0,2.0,3.0,,,1,3,1,2.0
Live Heats,147591,290217,Men,Round 6,5,1904989,0,,,,,1,3,1,2.0
Live Heats,147591,290217,Men,Round 7,6,1904990,0,,,,,1,3,1,2.0
Live Heats,147591,290217,Men,Round 8,7,1904991,0,2.0,3.0,,,1,3,1,2.0
Live Heats,147591,290217,Men,Round 9,8,1904992,0,2.0,3.0,,,1,3,1,2.0
Live Heats,147591,290217,Men,Round 10,9,1904993,0,1.0,2.0,,,1,3,1,2.0
Live Heats,147591,290217,Men,Quarterfinal,10,1904994,0,1.0,2.0,,,1,3,1,2.0
Live Heats,147591,290217,Men,Semifinal,11,1909380,0,,,,,1,3,1,2.0
Live Heats,147591,290217,Men,Final,12,1909381,0,2.0,3.0,,,2,3,1,1.5
Live Heats,147591,290217,Men,Final,13,1909384,0,,,,,2,3,1,1.5
Live Heats,147591,290217,Men,Round 1,0,1902811,1,,2.0,,1.0,3,3,2,2.0
Live Heats,147591,290217,Men,Round 3,2,1902816,1,,,,,2,3,2,2.5
Live Heats,147591,290217,Men,Round 1,0,1902812,2,,2.0,,1.0,3,3,3,3.0
Live Heats,147591,290218,Women,Round 1,0,1902069,0,2.0,3.0,,,1,2,1,1.5
Live Heats,147591,290218,Women,Quarterfinal ,1,1902070,0,1.0,2.0,,,1,2,1,1.5
Live Heats,147591,290218,Women,Semifinal,2,1902071,0,1.0,2.0,,,1,2,1,1.5
Live Heats,147591,290218,Women,Final,3,1902072,0,2.0,3.0,,,2,2,1,1.0
Live Heats,147591,290218,Women,Final,4,1909454,0,,,,,2,2,1,1.0
Live Heats,147591,290219,Junior Boys,Round 1,0,1902065,0,3.0,4.0,,,1,2,1,1.5
Live Heats,147591,290219,Junior Boys,Double Round 2,1,1902066,0,1.0,3.0,2.0,2.0,1,2,1,1.5
Live Heats,147591,290219,Junior Boys,Semifinal,2,1902067,0,1.0,2.0,,,1,2,1,1.5
Live Heats,147591,290219,Junior Boys,Final,3,1902068,0,2.0,3.0,,,2,2,1,1.0
Live Heats,147591,290219,Junior Boys,Final,4,1909453,0,,,,,2,2,1,1.0
Live Heats,147591,290220,Masters,Round 1,0,1902688,0,,2.0,,1.0,3,3,1,1.0
Live Heats,147591,290220,Masters,Round 2,1,1902691,0,2.0,3.0,,,1,3,1,2.0
Live Heats,147591,290220,Masters,Round 3,2,1902693,0,,,,,2,3,1,1.5
Live Heats,147591,290220,Masters,Round 4,3,1902695,0,1.0,9.0,1.0,8.0,1,3,1,2.0
Live Heats,147591,290220,Masters,Round 5,4,1904995,0,,,,,1,3,1,2.0
Live Heats,147591,290220,Masters,Round 6,5,1904996,0,,,,,1,3,1,2.0
Live Heats,147591,290220,Masters,Round 7,6,1904997,0,2.0,3.0,,,1,3,1,2.0
Live Heats,147591,290220,Masters,Round 8,7,1904998,0,,,,,1,3,1,2.0
Live Heats,147591,290220,Masters,Round 9,8,1904999,0,1.0,2.0,,,1,3,1,2.0
Live Heats,147591,290220,Masters,Quarterfinal ,9,1905000,0,,,,,1,3,1,2.0
Live Heats,147591,290220,Masters,Semifinal,10,1909353,0,,,,,1,3,1,2.0
Live Heats,147591,290220,Masters,Final,11,1909356,0,2.0,3.0,,,2,3,1,1.5
Live Heats,147591,290220,Masters,Final,12,1909372,0,,,,,2,3,1,1.5
Live Heats,147591,290220,Masters,Round 1,0,1902689,1,,2.0,,1.0,3,3,2,2.0
Live Heats,147591,290220,Masters,Round 3,2,1902694,1,,,,,2,3,2,2.5
Live Heats,147591,290220,Masters,Round 1,0,1902690,2,,2.0,,1.0,3,3,3,3.0
Live Heats,147592,290222,Men,Round 1,0,2060910,0,2.0,3.0,,,2,2,1,1.0
Live Heats,147592,290222,Men,Final,1,2060916,0,,,,,1,2,1,1.5
Live Heats,147592,290222,Men,Round 1,0,2060911,1,2.0,3.0,,,2,2,2,2.0
Live Heats,147592,290225,Masters,Quarterfinal,0,2060903,0,2.0,3.0,,,2,2,1,1.0
Live Heats,147592,290225,Masters,Final,1,2061000,0,,,,,1,2,1,1.5
Live Heats,147592,290225,Masters,Quarterfinal,0,2060904,1,2.0,3.0,,,2,2,2,2.0
Live Heats,147592,290226,Open AM,Round 1,0,2060886,0,2.0,3.0,,,2,2,1,1.0
Live Heats,147592,290226,Open AM,Final,1,2060892,0,2.0,3.0,,,1,2,1,1.5
Live Heats,147592,290226,Open AM,Round 1,0,2060887,1,2.0,3.0,,,2,2,2,2.0
Live Heats,117331,293776,U17 Boys,Final,0,1883663,0,0.0,1.0,,,1,1,1,1.0
Live Heats,117331,293777,U15 Boys,Final,0,1883662,0,0.0,1.0,,,1,1,1,1.0
Live Heats,72454,310717,Pro Men's Trials ,Semifinal,0,1822128,0,2.0,3.0,,,2,2,1,1.0
Live Heats,72454,310717,Pro Men's Trials ,Semifinal,0,1822129,1,2.0,3.0,,,2,2,2,2.0
Live Heats,164024,315787,Men,Final,0,1832292,0,0.0,1.0,,,1,1,1,1.0
Live Heats,164717,315939,Men,Final,0,1832789,0,0.0,1.0,,,1,1,1,1.0
Live Heats,165509,316791,Men,Final,0,2158214,0,0.0,1.0,,,1,1,1,1.0
Live Heats,165509,316792,Women,Final,0,2158208,0,0.0,1.0,,,1,1,1,1.0
Live Heats,165509,316793,Masters,Final,0,2158213,0,0.0,1.0,,,1,1,1,1.0
Live Heats,172539,327548,Masters,Final,0,1862725,0,0.0,1.0,,,1,1,1,1.0
Live Heats,72455,338059,Pro Men's Double,Round 1,0,1888063,0,,,,,4,4,1,1.0
Live Heats,72455,338059,Pro Men's Double,Round 2,1,1888064,0,,,,,4,4,1,1.0
Live Heats,72455,338059,Pro Men's Double,Round 3,2,1888065,0,,,,,2,4,1,2.0
Live Heats,72455,338059,Pro Men's Double,Round 4,3,1888066,0,,,,,2,4,1,2.0
Live Heats,72455,338059,Pro Men's Double,Round 5,4,1888070,0,,,,,1,4,1,2.5
Live Heats,72455,338059,Pro Men's Double,Round 6,5,1888074,0,,,,,1,4,1,2.5
Live Heats,72455,338059,Pro Men's Double,Round 7,6,1888076,0,,,,,1,4,1,2.5
Live Heats,72455,338059,Pro Men's Double,Round 8,7,1888078,0,,,,,1,4,1,2.5
Live Heats,72455,338059,Pro Men's Double,Quarterfinal,8,1888084,0,,,,,1,4,1,2.5
Live Heats,72455,338059,Pro Men's Double,Semifinal,9,1888085,0,,,,,1,4,1,2.5
Live Heats,72455,338059,Pro Men's Double,Round 1,0,1888067,1,,,,,4,4,2,2.0
Live Heats,72455,338059,Pro Men's Double,Round 2,1,1888071,1,,,,,4,4,2,2.0
Live Heats,72455,338059,Pro Men's Double,Round 3,2,1888075,1,,,,,2,4,2,3.0
Live Heats,72455,338059,Pro Men's Double,Round 4,3,1888077,1,,,,,2,4,2,3.0
Live Heats,72455,338059,Pro Men's Double,Round 1,0,1888068,2,,,,,4,4,3,3.0
Live Heats,72455,338059,Pro Men's Double,Round 2,1,1888072,2,,,,,4,4,3,3.0
Live Heats,72455,338059,Pro Men's Double,Round 1,0,1888069,3,,,,,4,4,4,4.0
Live Heats,72455,338059,Pro Men's Double,Round 2,1,1888073,3,,,,,4,4,4,4.0
Live Heats,72455,338060,Pro Women's Double,Round 1,0,1891326,0,,,,,2,2,1,1.0
Live Heats,72455,338060,Pro Women's Double,Round 2,1,1891336,0,,,,,2,2,1,1.0
Live Heats,72455,338060,Pro Women's Double,Round 3,2,1891341,0,,,,,1,2,1,1.5
Live Heats,72455,338060,Pro Women's Double,Round 4,3,1891344,0,,,,,1,2,1,1.5
Live Heats,72455,338060,Pro Women's Double,Round 5,4,1891346,0,,,,,1,2,1,1.5
Live Heats,72455,338060,Pro Women's Double,Round 6,5,1891359,0,,,,,1,2,1,1.5
Live Heats,72455,338060,Pro Women's Double,Quarterfinal,6,1891360,0,,,,,1,2,1,1.5
Live Heats,72455,338060,Pro Women's Double,Semifinal,7,1891361,0,,,,,1,2,1,1.5
Live Heats,72455,338060,Pro Women's Double,Round 1,0,1891327,1,,,,,2,2,2,2.0
Live Heats,72455,338060,Pro Women's Double,Round 2,1,1891337,1,,,,,2,2,2,2.0
Live Heats,72455,338128,Masters Single,Quarterfinal,0,1888130,0,2.0,3.0,,,4,4,1,1.0
Live Heats,72455,338128,Masters Single,Semifinal,1,1888134,0,2.0,3.0,,,1,4,1,2.5
Live Heats,72455,338128,Masters Single,Quarterfinal,0,1888131,1,2.0,3.0,,,4,4,2,2.0
Live Heats,72455,338128,Masters Single,Quarterfinal,0,1888132,2,2.0,3.0,,,4,4,3,3.0
Live Heats,72455,338128,Masters Single,Quarterfinal,0,1888133,3,2.0,3.0,,,4,4,4,4.0
Live Heats,181652,343314,Men,Final,0,1897591,0,0.0,1.0,,,1,1,1,1.0
Live Heats,181652,343315,Women,Final,0,1897673,0,,,,,1,1,1,1.0
Live Heats,187553,353243,Men,Final,0,2300199,0,0.0,1.0,,,1,1,1,1.0
Live Heats,187554,353247,Women,Final,0,2061243,0,0.0,1.0,,,1,1,1,1.0
Live Heats,187554,353248,Men,Final,0,2645520,0,0.0,1.0,,,1,1,1,1.0
Live Heats,187554,353249,Masters,Final,0,2061247,0,0.0,1.0,,,1,1,1,1.0
Live Heats,187554,353250,Junior Girls,Final,0,2061245,0,0.0,1.0,,,1,1,1,1.0
Live Heats,187554,353251,Junior Boys,Final,0,2061246,0,0.0,1.0,,,1,1,1,1.0
Live Heats,187555,353252,Women,Final,0,2083452,0,0.0,1.0,,,1,1,1,1.0
Live Heats,187555,353253,Men,Final,0,2085518,0,0.0,1.0,,,1,1,1,1.0
Live Heats,187556,353257,Women,Final,0,2083339,0,0.0,1.0,,,1,1,1,1.0
Live Heats,187556,353258,Men,Final,0,2083340,0,0.0,1.0,,,1,1,1,1.0
Live Heats,187556,353259,Masters,Final,0,2083344,0,0.0,1.0,,,1,1,1,1.0
Live Heats,187558,353267,Junior Girls,Final,0,2061252,0,0.0,1.0,,,1,1,1,1.0
Live Heats,187558,353268,Junior Boys,Final,0,2053686,0,0.0,1.0,,,1,1,1,1.0
Live Heats,187558,353271,U15 Girls,Final,0,2061249,0,0.0,1.0,,,1,1,1,1.0
Live Heats,187558,353272,U15 Boys,Final,0,2061251,0,0.0,1.0,,,1,1,1,1.0
Live Heats,187558,353273,U13,Final,0,2061250,0,0.0,1.0,,,1,1,1,1.0
Live Heats,187559,353274,Women,Final,0,2020246,0,2.0,3.0,,,1,1,1,1.0
Live Heats,187559,353275,Men,Final,0,2311419,0,0.0,1.0,,,1,1,1,1.0
Live Heats,187559,353276,Masters,Quarterfinal,0,2020210,0,2.0,3.0,,,3,3,1,1.0
Live Heats,187559,353276,Masters,Semifinal,1,2020211,0,2.0,3.0,,,2,3,1,1.5
Live Heats,187559,353276,Masters,Final,2,2020212,0,,,,,1,3,1,2.0
Live Heats,187559,353276,Masters,Quarterfinal,0,2020213,1,2.0,3.0,,,3,3,2,2.0
Live Heats,187559,353276,Masters,Semifinal,1,2020215,1,2.0,3.0,,,2,3,2,2.5
Live Heats,187559,353276,Masters,Quarterfinal,0,2020214,2,2.0,3.0,,,3,3,3,3.0
Live Heats,187560,353279,Women,Final,0,2085547,0,0.0,1.0,,,1,1,1,1.0
Live Heats,187560,353280,Men,Final,0,2311405,0,0.0,1.0,,,1,1,1,1.0
Live Heats,187560,353281,Masters,Final,0,2085555,0,0.0,1.0,,,1,1,1,1.0
Live Heats,187560,353283,Junior Boys,Final,0,2085554,0,0.0,1.0,,,1,1,1,1.0
Live Heats,187562,353289,Women,Round 1 Seeding,0,2078512,0,3.0,4.0,,,3,3,1,1.0
Live Heats,187562,353289,Women,Semi Final,1,2079105,0,2.0,3.0,,,2,3,1,1.5
Live Heats,187562,353289,Women,Final,2,2079107,0,0.0,1.0,,,1,3,1,2.0
Live Heats,187562,353289,Women,Round 1 Seeding,0,2078513,1,3.0,4.0,,,3,3,2,2.0
Live Heats,187562,353289,Women,Semi Final,1,2079106,1,2.0,3.0,,,2,3,2,2.5
Live Heats,187562,353289,Women,Round 1 Seeding,0,2078514,2,3.0,4.0,,,3,3,3,3.0
Live Heats,187562,353290,Men,Round 1 Challengers,0,2078635,0,2.0,3.0,,,2,6,1,3.0
Live Heats,187562,353290,Men,Round 2 Challenger Final,1,2078637,0,2.0,3.0,,,1,6,1,3.5
Live Heats,187562,353290,Men,Round 3 Seeding,2,2078638,0,2.0,4.0,2.0,3.0,6,6,1,1.0
Live Heats,187562,353290,Men,Round 4 Redemption,3,2078644,0,1.0,2.0,,,4,6,1,2.0
Live Heats,187562,353290,Men,Quarter-Final,4,2078648,0,2.0,3.0,,,4,6,1,2.0
Live Heats,187562,353290,Men,Semi-Final,5,2078652,0,2.0,3.0,,,2,6,1,3.0
Live Heats,187562,353290,Men,Final,6,2078654,0,0.0,1.0,,,1,6,1,3.5
Live Heats,187562,353290,Men,Round 1 Challengers,0,2078636,1,2.0,3.0,,,2,6,2,4.0
Live Heats,187562,353290,Men,Round 3 Seeding,2,2078639,1,2.0,4.0,2.0,3.0,6,6,2,2.0
Live Heats,187562,353290,Men,Round 4 Redemption,3,2078645,1,1.0,2.0,,,4,6,2,3.0
Live Heats,187562,353290,Men,Quarter-Final,4,2078649,1,2.0,3.0,,,4,6,2,3.0
Live Heats,187562,353290,Men,Semi-Final,5,2078653,1,2.0,3.0,,,2,6,2,4.0
Live Heats,187562,353290,Men,Round 3 Seeding,2,2078640,2,2.0,4.0,2.0,3.0,6,6,3,3.0
Live Heats,187562,353290,Men,Round 4 Redemption,3,2078646,2,1.0,2.0,,,4,6,3,4.0
Live Heats,187562,353290,Men,Quarter-Final,4,2078650,2,2.0,3.0,,,4,6,3,4.0
Live Heats,187562,353290,Men,Round 3 Seeding,2,2078641,3,2.0,4.0,2.0,3.0,6,6,4,4.0
Live Heats,187562,353290,Men,Round 4 Redemption,3,2078647,3,1.0,2.0,,,4,6,4,5.0
Live Heats,187562,353290,Men,Quarter-Final,4,2078651,3,2.0,3.0,,,4,6,4,5.0
Live Heats,187562,353290,Men,Round 3 Seeding,2,2078642,4,2.0,4.0,2.0,3.0,6,6,5,5.0
Live Heats,187562,353290,Men,Round 3 Seeding,2,2078643,5,2.0,4.0,2.0,3.0,6,6,6,6.0
Live Heats,187562,353291,Masters,Semifinal,0,2084976,0,2.0,3.0,,,2,2,1,1.0
Live Heats,187562,353291,Masters,Final,1,2084978,0,0.0,1.0,,,1,2,1,1.5
Live Heats,187562,353291,Masters,Semifinal,0,2084977,1,2.0,3.0,,,2,2,2,2.0
Live Heats,187562,353292,Junior Girls,Final,0,2087942,0,0.0,1.0,,,1,1,1,1.0
Live Heats,187562,353293,Junior Boys,Final,0,2087949,0,0.0,1.0,,,1,1,1,1.0
Live Heats,187563,353294,Women,Round 1,0,2122744,0,2.0,3.0,,,1,4,1,2.5
Live Heats,187563,353294,Women,Round 2 Pro Seeding Round,1,2122745,0,2.0,3.0,2.0,2.0,4,4,1,1.0
Live Heats,187563,353294,Women,Round 3 Redemption ,2,2122749,0,2.0,3.0,,,2,4,1,2.0
Live Heats,187563,353294,Women,Quarterfinal,3,2122751,0,2.0,3.0,,,4,4,1,1.0
Live Heats,187563,353294,Women,Semifinal,4,2122755,0,2.0,3.0,,,2,4,1,2.0
Live Heats,187563,353294,Women,Final,5,2122757,0,0.0,1.0,,,1,4,1,2.5
Live Heats,187563,353294,Women,Round 2 Pro Seeding Round,1,2122746,1,2.0,3.0,2.0,2.0,4,4,2,2.0
Live Heats,187563,353294,Women,Round 3 Redemption ,2,2122750,1,2.0,3.0,,,2,4,2,3.0
Live Heats,187563,353294,Women,Quarterfinal,3,2122752,1,2.0,3.0,,,4,4,2,2.0
Live Heats,187563,353294,Women,Semifinal,4,2122756,1,2.0,3.0,,,2,4,2,3.0
Live Heats,187563,353294,Women,Round 2 Pro Seeding Round,1,2122747,2,2.0,3.0,2.0,2.0,4,4,3,3.0
Live Heats,187563,353294,Women,Quarterfinal,3,2122753,2,2.0,3.0,,,4,4,3,3.0
Live Heats,187563,353294,Women,Round 2 Pro Seeding Round,1,2122748,3,2.0,3.0,2.0,2.0,4,4,4,4.0
Live Heats,187563,353294,Women,Quarterfinal,3,2122754,3,2.0,3.0,,,4,4,4,4.0
Live Heats,187563,353295,Men,Round 1,0,2124767,0,2.0,2.0,2.0,1.0,6,8,1,2.0
Live Heats,187563,353295,Men,Round 2,1,2124773,0,1.0,2.0,,,4,8,1,3.0
Live Heats,187563,353295,Men,Round 3,2,2124777,0,2.0,3.0,,,4,8,1,3.0
Live Heats,187563,353295,Men,Round 4,3,2124781,0,2.0,3.0,,,2,8,1,4.0
Live Heats,187563,353295,Men,Round 5,4,2124783,0,2.0,3.0,,,1,8,1,4.5
Live Heats,187563,353295,Men,Round 6 Seeding Round,5,2124784,0,2.0,7.0,2.0,6.0,8,8,1,1.0
Live Heats,187563,353295,Men,Round 7 Redemption,6,2124792,0,2.0,3.0,,,4,8,1,3.0
Live Heats,187563,353295,Men,Round 8 Round of 24,7,2124796,0,2.0,3.0,,,8,8,1,1.0
Live Heats,187563,353295,Men,Quarterfinal,8,2124804,0,2.0,3.0,,,4,8,1,3.0
Live Heats,187563,353295,Men,Semifinal,9,2124808,0,2.0,3.0,,,2,8,1,4.0
Live Heats,187563,353295,Men,Final,10,2124810,0,2.0,3.0,,,1,8,1,4.5
Live Heats,187563,353295,Men,Round 1,0,2124768,1,2.0,2.0,2.0,1.0,6,8,2,3.0
Live Heats,187563,353295,Men,Round 2,1,2124774,1,1.0,2.0,,,4,8,2,4.0
Live Heats,187563,353295,Men,Round 3,2,2124778,1,2.0,3.0,,,4,8,2,4.0
Live Heats,187563,353295,Men,Round 4,3,2124782,1,2.0,3.0,,,2,8,2,5.0
Live Heats,187563,353295,Men,Round 6 Seeding Round,5,2124785,1,2.0,7.0,2.0,6.0,8,8,2,2.0
Live Heats,187563,353295,Men,Round 7 Redemption,6,2124793,1,2.0,3.0,,,4,8,2,4.0
Live Heats,187563,353295,Men,Round 8 Round of 24,7,2124797,1,2.0,3.0,,,8,8,2,2.0
Live Heats,187563,353295,Men,Quarterfinal,8,2124805,1,2.0,3.0,,,4,8,2,4.0
Live Heats,187563,353295,Men,Semifinal,9,2124809,1,2.0,3.0,,,2,8,2,5.0
Live Heats,187563,353295,Men,Round 1,0,2124769,2,2.0,2.0,2.0,1.0,6,8,3,4.0
Live Heats,187563,353295,Men,Round 2,1,2124775,2,1.0,2.0,,,4,8,3,5.0
Live Heats,187563,353295,Men,Round 3,2,2124779,2,2.0,3.0,,,4,8,3,5.0
Live Heats,187563,353295,Men,Round 6 Seeding Round,5,2124786,2,2.0,7.0,2.0,6.0,8,8,3,3.0
Live Heats,187563,353295,Men,Round 7 Redemption,6,2124794,2,2.0,3.0,,,4,8,3,5.0
Live Heats,187563,353295,Men,Round 8 Round of 24,7,2124798,2,2.0,3.0,,,8,8,3,3.0
Live Heats,187563,353295,Men,Quarterfinal,8,2124806,2,2.0,3.0,,,4,8,3,5.0
Live Heats,187563,353295,Men,Round 1,0,2124770,3,2.0,2.0,2.0,1.0,6,8,4,5.0
Live Heats,187563,353295,Men,Round 2,1,2124776,3,1.0,2.0,,,4,8,4,6.0
Live Heats,187563,353295,Men,Round 3,2,2124780,3,2.0,3.0,,,4,8,4,6.0
Live Heats,187563,353295,Men,Round 6 Seeding Round,5,2124787,3,2.0,7.0,2.0,6.0,8,8,4,4.0
Live Heats,187563,353295,Men,Round 7 Redemption,6,2124795,3,2.0,3.0,,,4,8,4,6.0
Live Heats,187563,353295,Men,Round 8 Round of 24,7,2124799,3,2.0,3.0,,,8,8,4,4.0
Live Heats,187563,353295,Men,Quarterfinal,8,2124807,3,2.0,3.0,,,4,8,4,6.0
Live Heats,187563,353295,Men,Round 1,0,2124771,4,2.0,2.0,2.0,1.0,6,8,5,6.0
Live Heats,187563,353295,Men,Round 6 Seeding Round,5,2124788,4,2.0,7.0,2.0,6.0,8,8,5,5.0
Live Heats,187563,353295,Men,Round 8 Round of 24,7,2124800,4,2.0,3.0,,,8,8,5,5.0
Live Heats,187563,353295,Men,Round 1,0,2124772,5,2.0,2.0,2.0,1.0,6,8,6,7.0
Live Heats,187563,353295,Men,Round 6 Seeding Round,5,2124789,5,2.0,7.0,2.0,6.0,8,8,6,6.0
Live Heats,187563,353295,Men,Round 8 Round of 24,7,2124801,5,2.0,3.0,,,8,8,6,6.0
Live Heats,187563,353295,Men,Round 6 Seeding Round,5,2124790,6,2.0,7.0,2.0,6.0,8,8,7,7.0
Live Heats,187563,353295,Men,Round 8 Round of 24,7,2124802,6,2.0,3.0,,,8,8,7,7.0
Live Heats,187563,353295,Men,Round 6 Seeding Round,5,2124791,7,2.0,7.0,2.0,6.0,8,8,8,8.0
Live Heats,187563,353295,Men,Round 8 Round of 24,7,2124803,7,2.0,3.0,,,8,8,8,8.0
Live Heats,187563,353296,Masters,R1 Challengers,0,2143880,0,3.0,4.0,,,1,3,1,2.0
Live Heats,187563,353296,Masters,R2 Champions,1,2143881,0,2.0,3.0,,,3,3,1,1.0
Live Heats,187563,353296,Masters,R4 Semi Finals,2,2143886,0,2.0,3.0,,,2,3,1,1.5
Live Heats,187563,353296,Masters,R5 FINAL,3,2143887,0,0.0,1.0,,,1,3,1,2.0
Live Heats,187563,353296,Masters,R2 Champions,1,2143882,1,2.0,3.0,,,3,3,2,2.0
Live Heats,187563,353296,Masters,R4 Semi Finals,2,2143889,1,2.0,3.0,,,2,3,2,2.5
Live Heats,187563,353296,Masters,R2 Champions,1,2143883,2,2.0,3.0,,,3,3,3,3.0
Live Heats,187563,353297,Junior Girls,Final,0,2124615,0,0.0,1.0,,,1,1,1,1.0
Live Heats,187563,353298,Junior Boys,Final,0,2128204,0,0.0,1.0,,,1,1,1,1.0
Live Heats,187564,353299,Women,Final,0,2334450,0,0.0,1.0,,,1,1,1,1.0
Live Heats,187564,353300,Men,Final,0,2334461,0,0.0,1.0,,,1,1,1,1.0
Live Heats,187564,353301,Masters,Final,0,2334451,0,0.0,1.0,,,1,1,1,1.0
Live Heats,187564,353303,Junior Boys,Final,0,2334458,0,0.0,1.0,,,1,1,1,1.0
Live Heats,187565,353304,Women,R1 Seeding,0,2356627,0,1.0,2.0,3.0,1.0,2,2,1,1.0
Live Heats,187565,353304,Women,R2 Redemption,1,2356630,0,2.0,3.0,,,1,2,1,1.5
Live Heats,187565,353304,Women,Final,2,2356633,0,0.0,1.0,,,1,2,1,1.5
Live Heats,187565,353304,Women,R1 Seeding,0,2356628,1,1.0,2.0,3.0,1.0,2,2,2,2.0
Live Heats,187565,353305,Men,R1 Challengers,0,2356549,0,,,,,3,6,1,2.5
Live Heats,187565,353305,Men,R2 Challengers,1,2356555,0,,,,,2,6,1,3.0
Live Heats,187565,353305,Men,R3 Seeding,2,2356558,0,2.0,4.0,2.0,3.0,6,6,1,1.0
Live Heats,187565,353305,Men,R4 Redemption,3,2356565,0,1.0,2.0,,,4,6,1,2.0
Live Heats,187565,353305,Men,R5 Quarters,4,2356570,0,2.0,3.0,,,4,6,1,2.0
Live Heats,187565,353305,Men,R6 Semis,5,2356575,0,2.0,3.0,,,2,6,1,3.0
Live Heats,187565,353305,Men,R6 Final,6,2356578,0,0.0,1.0,,,1,6,1,3.5
Live Heats,187565,353305,Men,R1 Challengers,0,2356550,1,,,,,3,6,2,3.5
Live Heats,187565,353305,Men,R2 Challengers,1,2356556,1,,,,,2,6,2,4.0
Live Heats,187565,353305,Men,R3 Seeding,2,2356559,1,2.0,4.0,2.0,3.0,6,6,2,2.0
Live Heats,187565,353305,Men,R4 Redemption,3,2356566,1,1.0,2.0,,,4,6,2,3.0
Live Heats,187565,353305,Men,R5 Quarters,4,2356571,1,2.0,3.0,,,4,6,2,3.0
Live Heats,187565,353305,Men,R6 Semis,5,2356576,1,2.0,3.0,,,2,6,2,4.0
Live Heats,187565,353305,Men,R1 Challengers,0,2356551,2,,,,,3,6,3,4.5
Live Heats,187565,353305,Men,R3 Seeding,2,2356560,2,2.0,4.0,2.0,3.0,6,6,3,3.0
Live Heats,187565,353305,Men,R4 Redemption,3,2356567,2,1.0,2.0,,,4,6,3,4.0
Live Heats,187565,353305,Men,R5 Quarters,4,2356572,2,2.0,3.0,,,4,6,3,4.0
Live Heats,187565,353305,Men,R3 Seeding,2,2356561,3,2.0,4.0,2.0,3.0,6,6,4,4.0
Live Heats,187565,353305,Men,R4 Redemption,3,2356581,3,1.0,2.0,,,4,6,4,5.0
Live Heats,187565,353305,Men,R5 Quarters,4,2356573,3,2.0,3.0,,,4,6,4,5.0
Live Heats,187565,353305,Men,R3 Seeding,2,2356562,4,2.0,4.0,2.0,3.0,6,6,5,5.0
Live Heats,187565,353305,Men,R3 Seeding,2,2356563,5,2.0,4.0,2.0,3.0,6,6,6,6.0
Live Heats,187567,353311,Women,Final,0,2421737,0,0.0,1.0,,,1,1,1,1.0
Live Heats,187567,353312,Men,Final,0,2420419,0,0.0,1.0,,,1,1,1,1.0
Live Heats,187569,353315,Women,Round 1,0,2432937,0,,,,,1,3,1,2.0
Live Heats,187569,353315,Women,Round 2,1,2432941,0,,,,,3,3,1,1.0
Live Heats,187569,353315,Women,Quarterfinal,2,2432943,0,1.0,2.0,,,2,3,1,1.5
Live Heats,187569,353315,Women,Semifinal,3,2432944,0,,,,,2,3,1,1.5
Live Heats,187569,353315,Women,Final,4,2432949,0,0.0,1.0,,,1,3,1,2.0
Live Heats,187569,353315,Women,Round 2,1,2432942,1,,,,,3,3,2,2.0
Live Heats,187569,353315,Women,Quarterfinal,2,2432970,1,1.0,2.0,,,2,3,2,2.5
Live Heats,187569,353315,Women,Semifinal,3,2432971,1,,,,,2,3,2,2.5
Live Heats,187569,353315,Women,Round 2,1,2432950,2,,,,,3,3,3,3.0
Live Heats,187569,353316,Men,Round 1,0,2433632,0,2.0,3.0,,,2,8,1,4.0
Live Heats,187569,353316,Men,Round 2,1,2433641,0,2.0,3.0,,,4,8,1,3.0
Live Heats,187569,353316,Men,Round 3,2,2433648,0,2.0,4.0,2.0,3.0,8,8,1,1.0
Live Heats,187569,353316,Men,R4 Redemption,3,2433655,0,2.0,3.0,,,4,8,1,3.0
Live Heats,187569,353316,Men,Round 5,4,2433659,0,2.0,3.0,,,8,8,1,1.0
Live Heats,187569,353316,Men,Quarterfinals,5,2433667,0,2.0,3.0,,,4,8,1,3.0
Live Heats,187569,353316,Men,Semifinals,6,2433671,0,2.0,3.0,,,2,8,1,4.0
Live Heats,187569,353316,Men,Final,7,2433673,0,2.0,3.0,,,1,8,1,4.5
Live Heats,187569,353316,Men,Round 1,0,2433633,1,2.0,3.0,,,2,8,2,5.0
Live Heats,187569,353316,Men,Round 2,1,2433642,1,2.0,3.0,,,4,8,2,4.0
Live Heats,187569,353316,Men,Round 3,2,2433649,1,2.0,4.0,2.0,3.0,8,8,2,2.0
Live Heats,187569,353316,Men,R4 Redemption,3,2433656,1,2.0,3.0,,,4,8,2,4.0
Live Heats,187569,353316,Men,Round 5,4,2433660,1,2.0,3.0,,,8,8,2,2.0
Live Heats,187569,353316,Men,Quarterfinals,5,2433668,1,2.0,3.0,,,4,8,2,4.0
Live Heats,187569,353316,Men,Semifinals,6,2433672,1,2.0,3.0,,,2,8,2,5.0
Live Heats,187569,353316,Men,Round 2,1,2433643,2,2.0,3.0,,,4,8,3,5.0
Live Heats,187569,353316,Men,Round 3,2,2433650,2,2.0,4.0,2.0,3.0,8,8,3,3.0
Live Heats,187569,353316,Men,R4 Redemption,3,2433657,2,2.0,3.0,,,4,8,3,5.0
Live Heats,187569,353316,Men,Round 5,4,2433661,2,2.0,3.0,,,8,8,3,3.0
Live Heats,187569,353316,Men,Quarterfinals,5,2433669,2,2.0,3.0,,,4,8,3,5.0
Live Heats,187569,353316,Men,Round 2,1,2433644,3,2.0,3.0,,,4,8,4,6.0
Live Heats,187569,353316,Men,Round 3,2,2433651,3,2.0,4.0,2.0,3.0,8,8,4,4.0
Live Heats,187569,353316,Men,R4 Redemption,3,2433658,3,2.0,3.0,,,4,8,4,6.0
Live Heats,187569,353316,Men,Round 5,4,2433662,3,2.0,3.0,,,8,8,4,4.0
Live Heats,187569,353316,Men,Quarterfinals,5,2433670,3,2.0,3.0,,,4,8,4,6.0
Live Heats,187569,353316,Men,Round 3,2,2433652,4,2.0,4.0,2.0,3.0,8,8,5,5.0
Live Heats,187569,353316,Men,Round 5,4,2433663,4,2.0,3.0,,,8,8,5,5.0
Live Heats,187569,353316,Men,Round 3,2,2433653,5,2.0,4.0,2.0,3.0,8,8,6,6.0
Live Heats,187569,353316,Men,Round 5,4,2433664,5,2.0,3.0,,,8,8,6,6.0
Live Heats,187569,353316,Men,Round 3,2,2433654,6,2.0,4.0,2.0,3.0,8,8,7,7.0
Live Heats,187569,353316,Men,Round 5,4,2433665,6,2.0,3.0,,,8,8,7,7.0
Live Heats,187569,353316,Men,Round 3,2,2433675,7,2.0,4.0,2.0,3.0,8,8,8,8.0
Live Heats,187569,353316,Men,Round 5,4,2433666,7,2.0,3.0,,,8,8,8,8.0
Live Heats,187570,353317,Men,Final,0,2623911,0,0.0,1.0,,,1,1,1,1.0
Live Heats,187570,353318,Women,Final,0,2623914,0,0.0,1.0,,,1,1,1,1.0
Live Heats,187570,353319,Junior Boys,Final,0,2623922,0,0.0,1.0,,,1,1,1,1.0
Live Heats,187570,353320,Masters,Final,0,2623921,0,0.0,1.0,,,1,1,1,1.0
Live Heats,187576,353348,Masters,Semifinal,0,2418551,0,4.0,5.0,,,1,1,1,1.0
Live Heats,187576,353348,Masters,Final,1,2418553,0,,,,,1,1,1,1.0
Live Heats,187578,353358,Men,Final,0,2417469,0,0.0,1.0,,,1,1,1,1.0
Live Heats,187578,353359,Women,Final,0,2417468,0,0.0,1.0,,,1,1,1,1.0
Live Heats,187578,353361,Masters,Final,0,2417470,0,0.0,1.0,,,1,1,1,1.0
Live Heats,187559,363039,Open AM,Quarterfinal,0,2020189,0,2.0,3.0,,,4,4,1,1.0
Live Heats,187559,363039,Open AM,Semifinal,1,2020197,0,2.0,3.0,,,2,4,1,2.0
Live Heats,187559,363039,Open AM,Final,2,2020196,0,0.0,1.0,,,1,4,1,2.5
Live Heats,187559,363039,Open AM,Quarterfinal,0,2020193,1,2.0,3.0,,,4,4,2,2.0
Live Heats,187559,363039,Open AM,Semifinal,1,2020198,1,2.0,3.0,,,2,4,2,3.0
Live Heats,187559,363039,Open AM,Quarterfinal,0,2020194,2,2.0,3.0,,,4,4,3,3.0
Live Heats,187559,363039,Open AM,Quarterfinal,0,2020195,3,2.0,3.0,,,4,4,4,4.0
Live Heats,190953,363706,Men,Final,0,2021400,0,0.0,1.0,,,1,1,1,1.0
Live Heats,190953,363707,Women,Final,0,2021401,0,0.0,1.0,,,1,1,1,1.0
Live Heats,190953,363708,U20 Boys,Final,0,2021402,0,0.0,1.0,,,1,1,1,1.0
Live Heats,187569,377530,Masters,Round 1,0,2433946,0,2.0,3.0,,,2,4,1,2.0
Live Heats,187569,377530,Masters,Round 3,1,2433951,0,2.0,3.0,,,4,4,1,1.0
Live Heats,187569,377530,Masters,Semifinal,2,2433961,0,2.0,3.0,,,2,4,1,2.0
Live Heats,187569,377530,Masters,Final,3,2433963,0,2.0,3.0,,,1,4,1,2.5
Live Heats,187569,377530,Masters,Round 1,0,2433947,1,2.0,3.0,,,2,4,2,3.0
Live Heats,187569,377530,Masters,Round 3,1,2433952,1,2.0,3.0,,,4,4,2,2.0
Live Heats,187569,377530,Masters,Semifinal,2,2433962,1,2.0,3.0,,,2,4,2,3.0
Live Heats,187569,377530,Masters,Round 3,1,2433953,2,2.0,3.0,,,4,4,3,3.0
Live Heats,187569,377530,Masters,Round 3,1,2433954,3,2.0,3.0,,,4,4,4,4.0
Live Heats,199466,377533,Women,Final,0,2366034,0,0.0,1.0,,,1,1,1,1.0
Live Heats,199466,377534,Men,Final,0,2366036,0,0.0,1.0,,,1,1,1,1.0
Live Heats,187558,388585,Pro Junior GIrls,Final,0,2061253,0,0.0,1.0,,,1,1,1,1.0
Live Heats,187558,388586,Pro Junior Boys,Final,0,2061248,0,0.0,1.0,,,1,1,1,1.0
Live Heats,165509,390433,Pro Junior Boys,Final,0,2158212,0,0.0,1.0,,,1,1,1,1.0
Live Heats,214686,400442,Women,Final,0,2085583,0,0.0,1.0,,,1,1,1,1.0
Live Heats,187562,400714,Pro Junior GIrls,Final,0,2087924,0,0.0,1.0,,,1,1,1,1.0
Live Heats,187562,400715,Pro Junior Boys,Final,0,2087946,0,0.0,1.0,,,1,1,1,1.0
Live Heats,214877,400732,Women,Final,0,2087961,0,0.0,1.0,,,1,1,1,1.0
Live Heats,214877,400733,Men,Final,0,2087974,0,0.0,1.0,,,1,1,1,1.0
Live Heats,187563,402097,Pro Junior GIrls,Final,0,2133316,0,0.0,1.0,,,1,1,1,1.0
Live Heats,187563,402098,Pro Junior Boys,Semifinal,0,2143898,0,2.0,3.0,,,2,2,1,1.0
Live Heats,187563,402098,Pro Junior Boys,Final,1,2143900,0,0.0,1.0,,,1,2,1,1.5
Live Heats,187563,402098,Pro Junior Boys,Semifinal,0,2143899,1,2.0,3.0,,,2,2,2,2.0
Live Heats,187563,407963,Open AM,Round 1,0,2124914,0,2.0,2.0,2.0,1.0,6,6,1,1.0
Live Heats,187563,407963,Open AM,Round 2,1,2124920,0,1.0,2.0,,,4,6,1,2.0
Live Heats,187563,407963,Open AM,Quarterfinal,2,2124924,0,2.0,3.0,,,4,6,1,2.0
Live Heats,187563,407963,Open AM,Semifinal,3,2124928,0,,,,,2,6,1,3.0
Live Heats,187563,407963,Open AM,Final,4,2124930,0,0.0,1.0,,,1,6,1,3.5
Live Heats,187563,407963,Open AM,Round 1,0,2124915,1,2.0,2.0,2.0,1.0,6,6,2,2.0
Live Heats,187563,407963,Open AM,Round 2,1,2124921,1,1.0,2.0,,,4,6,2,3.0
Live Heats,187563,407963,Open AM,Quarterfinal,2,2124925,1,2.0,3.0,,,4,6,2,3.0
Live Heats,187563,407963,Open AM,Semifinal,3,2124929,1,,,,,2,6,2,4.0
Live Heats,187563,407963,Open AM,Round 1,0,2124916,2,2.0,2.0,2.0,1.0,6,6,3,3.0
Live Heats,187563,407963,Open AM,Round 2,1,2124922,2,1.0,2.0,,,4,6,3,4.0
Live Heats,187563,407963,Open AM,Quarterfinal,2,2124926,2,2.0,3.0,,,4,6,3,4.0
Live Heats,187563,407963,Open AM,Round 1,0,2124917,3,2.0,2.0,2.0,1.0,6,6,4,4.0
Live Heats,187563,407963,Open AM,Round 2,1,2124923,3,1.0,2.0,,,4,6,4,5.0
Live Heats,187563,407963,Open AM,Quarterfinal,2,2124927,3,2.0,3.0,,,4,6,4,5.0
Live Heats,187563,407963,Open AM,Round 1,0,2124918,4,2.0,2.0,2.0,1.0,6,6,5,5.0
Live Heats,187563,407963,Open AM,Round 1,0,2124919,5,2.0,2.0,2.0,1.0,6,6,6,6.0
Live Heats,220586,408814,Men,Final,0,2106396,0,0.0,1.0,,,1,1,1,1.0
Live Heats,220586,408815,Women,Final,0,2106398,0,0.0,1.0,,,1,1,1,1.0
Live Heats,220652,408830,Men,Final,0,2106399,0,0.0,1.0,,,1,1,1,1.0
Live Heats,220652,408831,Women,Final,0,2106400,0,0.0,1.0,,,1,1,1,1.0
Live Heats,221942,410348,Women,Final,0,2158215,0,0.0,1.0,,,1,1,1,1.0
Live Heats,221942,410349,Men,Final,0,2158313,0,0.0,1.0,,,1,1,1,1.0
Live Heats,221942,410350,Masters,Final,0,2158217,0,0.0,1.0,,,1,1,1,1.0
Live Heats,221942,410352,Junior Boys,Final,0,2158216,0,0.0,1.0,,,1,1,1,1.0
Live Heats,249495,441634,Men,Final,0,2311093,0,0.0,1.0,,,1,1,1,1.0
Live Heats,187564,454487,Pro Junior Boys,Final,0,2334452,0,0.0,1.0,,,1,1,1,1.0
Live Heats,263420,460768,Men,Final,0,2500445,0,0.0,1.0,,,1,1,1,1.0
Live Heats,266588,464914,Junior Girls,Final,0,2658524,0,0.0,1.0,,,1,1,1,1.0
Live Heats,266588,464915,Junior Boys,Final,0,2658468,0,0.0,1.0,,,1,1,1,1.0
Live Heats,266588,464919,Pro Junior GIrls,Final,0,2658525,0,0.0,1.0,,,1,1,1,1.0
Live Heats,266588,464920,Pro Junior Boys,Final,0,2658115,0,0.0,1.0,,,1,1,1,1.0
Live Heats,266589,464921,Women,R1 Seeding,0,2543862,0,1.0,2.0,3.0,1.0,2,2,1,1.0
Live Heats,266589,464921,Women,R2 Redemotion ,1,2543867,0,2.0,3.0,,,1,2,1,1.5
Live Heats,266589,464921,Women,Final,2,2543869,0,2.0,4.0,2.0,3.0,1,2,1,1.5
Live Heats,266589,464921,Women,R1 Seeding,0,2543863,1,1.0,2.0,3.0,1.0,2,2,2,2.0
Live Heats,266589,464922,Men,R1 Seeding,0,2543922,0,2.0,2.0,3.0,1.0,4,4,1,1.0
Live Heats,266589,464922,Men,R2 Redemption,1,2543926,0,2.0,3.0,,,2,4,1,2.0
Live Heats,266589,464922,Men,Quarterfinal,2,2543928,0,2.0,3.0,,,4,4,1,1.0
Live Heats,266589,464922,Men,Semifinal,3,2543932,0,2.0,3.0,,,2,4,1,2.0
Live Heats,266589,464922,Men,Final,4,2543934,0,0.0,1.0,,,1,4,1,2.5
Live Heats,266589,464922,Men,R1 Seeding,0,2543923,1,2.0,2.0,3.0,1.0,4,4,2,2.0
Live Heats,266589,464922,Men,R2 Redemption,1,2543927,1,2.0,3.0,,,2,4,2,3.0
Live Heats,266589,464922,Men,Quarterfinal,2,2543929,1,2.0,3.0,,,4,4,2,2.0
Live Heats,266589,464922,Men,Semifinal,3,2543933,1,2.0,3.0,,,2,4,2,3.0
Live Heats,266589,464922,Men,R1 Seeding,0,2543924,2,2.0,2.0,3.0,1.0,4,4,3,3.0
Live Heats,266589,464922,Men,Quarterfinal,2,2543930,2,2.0,3.0,,,4,4,3,3.0
Live Heats,266589,464922,Men,R1 Seeding,0,2543925,3,2.0,2.0,3.0,1.0,4,4,4,4.0
Live Heats,266589,464922,Men,Quarterfinal,2,2543931,3,2.0,3.0,,,4,4,4,4.0
Live Heats,266589,464923,Masters,R1 Seeding,0,2543881,0,2.0,2.0,3.0,1.0,2,2,1,1.0
Live Heats,266589,464923,Masters,R2 Redemption,1,2543884,0,2.0,3.0,,,1,2,1,1.5
Live Heats,266589,464923,Masters,Semifinal,2,2543886,0,2.0,3.0,,,2,2,1,1.0
Live Heats,266589,464923,Masters,Final,3,2543888,0,0.0,1.0,,,1,2,1,1.5
Live Heats,266589,464923,Masters,R1 Seeding,0,2543882,1,2.0,2.0,3.0,1.0,2,2,2,2.0
Live Heats,266589,464923,Masters,Semifinal,2,2543887,1,2.0,3.0,,,2,2,2,2.0
Live Heats,266589,464924,Junior Girls,Semifinal,0,2543916,0,0.0,1.0,,,2,2,1,1.0
Live Heats,266589,464924,Junior Girls,Final,1,2544202,0,0.0,1.0,,,1,2,1,1.5
Live Heats,266589,464924,Junior Girls,Semifinal,0,2544209,1,0.0,1.0,,,2,2,2,2.0
Live Heats,266589,464925,Junior Boys,Semifinal,0,2543918,0,0.0,1.0,,,2,2,1,1.0
Live Heats,266589,464925,Junior Boys,Final,1,2544222,0,0.0,1.0,,,1,2,1,1.5
Live Heats,266589,464925,Junior Boys,Semifinal,0,2544220,1,0.0,1.0,,,2,2,2,2.0
Live Heats,266589,464926,Pro Junior GIrls,Final,0,2544224,0,0.0,1.0,,,1,1,1,1.0
Live Heats,266589,464927,Pro Junior Boys,Semifinal,0,2543919,0,0.0,1.0,,,2,2,1,1.0
Live Heats,266589,464927,Pro Junior Boys,Final,1,2544226,0,0.0,1.0,,,1,2,1,1.5
Live Heats,266589,464927,Pro Junior Boys,Semifinal,0,2544225,1,0.0,1.0,,,2,2,2,2.0
Live Heats,268535,467753,Men,Round 1,0,2489989,0,,2.0,,1.0,5,5,1,1.0
Live Heats,268535,467753,Men,Round 2,1,2489995,0,,,,,2,5,1,2.5
Live Heats,268535,467753,Men,Quarterfinal,2,2490003,0,,,,,3,5,1,2.0
Live Heats,268535,467753,Men,Semifinal,3,2490006,0,,,,,2,5,1,2.5
Live Heats,268535,467753,Men,Final,4,2490008,0,,,,,1,5,1,3.0
Live Heats,268535,467753,Men,Round 1,0,2489990,1,,2.0,,1.0,5,5,2,2.0
Live Heats,268535,467753,Men,Round 2,1,2489996,1,,,,,2,5,2,3.5
Live Heats,268535,467753,Men,Quarterfinal,2,2490004,1,,,,,3,5,2,3.0
Live Heats,268535,467753,Men,Semifinal,3,2490007,1,,,,,2,5,2,3.5
Live Heats,268535,467753,Men,Round 1,0,2489991,2,,2.0,,1.0,5,5,3,3.0
Live Heats,268535,467753,Men,Quarterfinal,2,2490005,2,,,,,3,5,3,4.0
Live Heats,268535,467753,Men,Round 1,0,2489992,3,,2.0,,1.0,5,5,4,4.0
Live Heats,268535,467753,Men,Round 1,0,2489993,4,,2.0,,1.0,5,5,5,5.0
Live Heats,268535,467754,Masters,Semifinal,0,2488216,0,2.0,3.0,,,2,2,1,1.0
Live Heats,268535,467754,Masters,Final,1,2488218,0,2.0,3.0,,,1,2,1,1.5
Live Heats,268535,467754,Masters,Semifinal,0,2488217,1,2.0,3.0,,,2,2,2,2.0
Live Heats,268535,467757,Junior Girls,Final,0,2513788,0,0.0,1.0,,,1,1,1,1.0
Live Heats,268536,467760,Men,Round 1,0,2453081,0,2.0,2.0,2.0,1.0,5,5,1,1.0
Live Heats,268536,467760,Men,Round 2,1,2453086,0,2.0,2.0,,,3,5,1,2.0
Live Heats,268536,467760,Men,Quarterfinal,2,2453089,0,2.0,3.0,,,4,5,1,1.5
Live Heats,268536,467760,Men,Semifinal,3,2453091,0,2.0,5.0,,,2,5,1,2.5
Live Heats,268536,467760,Men,Final,4,2453093,0,,,,,1,5,1,3.0
Live Heats,268536,467760,Men,Round 1,0,2453082,1,2.0,2.0,2.0,1.0,5,5,2,2.0
Live Heats,268536,467760,Men,Round 2,1,2453087,1,2.0,2.0,,,3,5,2,3.0
Live Heats,268536,467760,Men,Quarterfinal,2,2453090,1,2.0,3.0,,,4,5,2,2.5
Live Heats,268536,467760,Men,Semifinal,3,2453097,1,2.0,5.0,,,2,5,2,3.5
Live Heats,268536,467760,Men,Round 1,0,2453083,2,2.0,2.0,2.0,1.0,5,5,3,3.0
Live Heats,268536,467760,Men,Round 2,1,2453096,2,2.0,2.0,,,3,5,3,4.0
Live Heats,268536,467760,Men,Quarterfinal,2,2453094,2,2.0,3.0,,,4,5,3,3.5
Live Heats,268536,467760,Men,Round 1,0,2453084,3,2.0,2.0,2.0,1.0,5,5,4,4.0
Live Heats,268536,467760,Men,Quarterfinal,2,2453098,3,2.0,3.0,,,4,5,4,4.5
Live Heats,268536,467760,Men,Round 1,0,2453085,4,2.0,2.0,2.0,1.0,5,5,5,5.0
Live Heats,268536,467763,Pro Junior Boys,Round 1,0,2453972,0,2.0,3.0,,,2,2,1,1.0
Live Heats,268536,467763,Pro Junior Boys,Final,1,2453974,0,0.0,1.0,,,1,2,1,1.5
Live Heats,268536,467763,Pro Junior Boys,Round 1,0,2453973,1,2.0,3.0,,,2,2,2,2.0
Live Heats,268537,467767,Men,Round 1,0,2523015,0,,2.0,,1.0,6,6,1,1.0
Live Heats,268537,467767,Men,Round 2,1,2523021,0,,,,,3,6,1,2.5
Live Heats,268537,467767,Men,Quarterfinal,2,2523024,0,2.0,3.0,,,4,6,1,2.0
Live Heats,268537,467767,Men,Semifinal,3,2523026,0,,,,,2,6,1,3.0
Live Heats,268537,467767,Men,Final,4,2523030,0,,,,,1,6,1,3.5
Live Heats,268537,467767,Men,Round 1,0,2523016,1,,2.0,,1.0,6,6,2,2.0
Live Heats,268537,467767,Men,Round 2,1,2523022,1,,,,,3,6,2,3.5
Live Heats,268537,467767,Men,Quarterfinal,2,2523025,1,2.0,3.0,,,4,6,2,3.0
Live Heats,268537,467767,Men,Semifinal,3,2523035,1,,,,,2,6,2,4.0
Live Heats,268537,467767,Men,Round 1,0,2523017,2,,2.0,,1.0,6,6,3,3.0
Live Heats,268537,467767,Men,Round 2,1,2523023,2,,,,,3,6,3,4.5
Live Heats,268537,467767,Men,Quarterfinal,2,2523033,2,2.0,3.0,,,4,6,3,4.0
Live Heats,268537,467767,Men,Round 1,0,2523018,3,,2.0,,1.0,6,6,4,4.0
Live Heats,268537,467767,Men,Quarterfinal,2,2523034,3,2.0,3.0,,,4,6,4,5.0
Live Heats,268537,467767,Men,Round 1,0,2523019,4,,2.0,,1.0,6,6,5,5.0
Live Heats,268537,467767,Men,Round 1,0,2523020,5,,2.0,,1.0,6,6,6,6.0
Live Heats,268537,467768,Masters,Round 1,0,2522929,0,3.0,4.0,,,2,2,1,1.0
Live Heats,268537,467768,Masters,Final,1,2522939,0,,,,,1,2,1,1.5
Live Heats,268537,467768,Masters,Round 1,0,2522930,1,3.0,4.0,,,2,2,2,2.0
Live Heats,268537,467772,Junior Boys,Final,0,2522893,0,3.0,4.0,,,1,1,1,1.0
Live Heats,270680,471646,Masters,Final,0,2370047,0,0.0,1.0,,,1,1,1,1.0
Live Heats,187569,474353,Pro Junior Boys,Round 1,0,2432930,0,2.0,3.0,,,2,2,1,1.0
Live Heats,187569,474353,Pro Junior Boys,Final,1,2432936,0,0.0,1.0,,,1,2,1,1.5
Live Heats,187569,474353,Pro Junior Boys,Round 1,0,2432931,1,2.0,3.0,,,2,2,2,2.0
Live Heats,272891,474991,Men,Final,0,2500449,0,0.0,1.0,,,1,1,1,1.0
Live Heats,285332,492502,Men,Final,0,2500448,0,0.0,1.0,,,1,1,1,1.0
Live Heats,285332,492503,Women,Final,0,2500446,0,0.0,1.0,,,1,1,1,1.0
Live Heats,268536,533821,OPEN,Round 1,1,2455944,0,2.0,3.0,3.0,2.0,7,7,1,1.0
Live Heats,268536,533821,OPEN,Round 2,2,2455951,0,1.0,2.0,,,4,7,1,2.5
Live Heats,268536,533821,OPEN,Round 3,3,2455956,0,2.0,3.0,,,4,7,1,2.5
Live Heats,268536,533821,OPEN,Semi Finals,4,2455968,0,2.0,3.0,,,2,7,1,3.5
Live Heats,268536,533821,OPEN,Final,5,2455972,0,2.0,3.0,,,1,7,1,4.0
Live Heats,268536,533821,OPEN,Round 1,1,2455945,1,2.0,3.0,3.0,2.0,7,7,2,2.0
Live Heats,268536,533821,OPEN,Round 2,2,2455952,1,1.0,2.0,,,4,7,2,3.5
Live Heats,268536,533821,OPEN,Round 3,3,2455957,1,2.0,3.0,,,4,7,2,3.5
Live Heats,268536,533821,OPEN,Semi Finals,4,2455969,1,2.0,3.0,,,2,7,2,4.5
Live Heats,268536,533821,OPEN,Round 1,1,2455946,2,2.0,3.0,3.0,2.0,7,7,3,3.0
Live Heats,268536,533821,OPEN,Round 2,2,2455953,2,1.0,2.0,,,4,7,3,4.5
Live Heats,268536,533821,OPEN,Round 3,3,2455958,2,2.0,3.0,,,4,7,3,4.5
Live Heats,268536,533821,OPEN,Round 1,1,2455947,3,2.0,3.0,3.0,2.0,7,7,4,4.0
Live Heats,268536,533821,OPEN,Round 2,2,2455954,3,1.0,2.0,,,4,7,4,5.5
Live Heats,268536,533821,OPEN,Round 3,3,2455959,3,2.0,3.0,,,4,7,4,5.5
Live Heats,268536,533821,OPEN,Round 1,1,2455948,4,2.0,3.0,3.0,2.0,7,7,5,5.0
Live Heats,268536,533821,OPEN,Round 1,1,2455949,5,2.0,3.0,3.0,2.0,7,7,6,6.0
Live Heats,268536,533821,OPEN,Round 1,1,2455950,6,2.0,3.0,3.0,2.0,7,7,7,7.0
Live Heats,268536,534578,Grand Master,Final,0,2454564,0,3.0,2.0,2.0,1.0,2,2,1,1.0
Live Heats,268536,534578,Grand Master,Final,0,2455114,1,3.0,2.0,2.0,1.0,2,2,2,2.0
Live Heats,305429,541464,Men,Quarterfinal,0,2463209,0,,,,,3,3,1,1.0
Live Heats,305429,541464,Men,Semifinal,1,2463212,0,4.0,5.0,,,1,3,1,2.0
Live Heats,305429,541464,Men,Final,2,2463214,0,,,,,1,3,1,2.0
Live Heats,305429,541464,Men,Quarterfinal,0,2463210,1,,,,,3,3,2,2.0
Live Heats,305429,541464,Men,Quarterfinal,0,2463211,2,,,,,3,3,3,3.0
Live Heats,305429,541465,Masters,Expression session ,0,2464263,0,4.0,5.0,,,1,1,1,1.0
Live Heats,305429,541465,Masters,Final,1,2464265,0,1.0,2.0,,,1,1,1,1.0
Live Heats,268535,569238,Grand Masters,Final,0,2488296,0,3.0,4.0,,,1,1,1,1.0
Live Heats,268535,569239,Open AM,Quarterfinal,0,2488219,0,2.0,3.0,,,4,4,1,1.0
Live Heats,268535,569239,Open AM,Semifinal,1,2488223,0,2.0,3.0,,,2,4,1,2.0
Live Heats,268535,569239,Open AM,Final,2,2488225,0,2.0,3.0,,,1,4,1,2.5
Live Heats,268535,569239,Open AM,Quarterfinal,0,2488220,1,2.0,3.0,,,4,4,2,2.0
Live Heats,268535,569239,Open AM,Semifinal,1,2488224,1,2.0,3.0,,,2,4,2,3.0
Live Heats,268535,569239,Open AM,Quarterfinal,0,2488221,2,2.0,3.0,,,4,4,3,3.0
Live Heats,268535,569239,Open AM,Quarterfinal,0,2488222,3,2.0,3.0,,,4,4,4,4.0
Live Heats,321863,584935,Women,Round 1,0,2578506,0,2.0,2.0,2.0,1.0,2,2,1,1.0
Live Heats,321863,584935,Women,Round 2,1,2578509,0,2.0,3.0,,,1,2,1,1.5
Live Heats,321863,584935,Women,R3,2,2578511,0,1.0,4.0,1.0,3.0,2,2,1,1.0
Live Heats,321863,584935,Women,R4,3,2578512,0,1.0,2.0,,,1,2,1,1.5
Live Heats,321863,584935,Women,Final,4,2578513,0,0.0,1.0,,,1,2,1,1.5
Live Heats,321863,584935,Women,Round 1,0,2578507,1,2.0,2.0,2.0,1.0,2,2,2,2.0
Live Heats,321863,584935,Women,R3,2,2578514,1,1.0,4.0,1.0,3.0,2,2,2,2.0
Live Heats,321863,584936,Men,Round 1,0,2578670,0,1.0,2.0,2.0,1.0,2,4,1,2.0
Live Heats,321863,584936,Men,Round 2,1,2578672,0,2.0,3.0,,,1,4,1,2.5
Live Heats,321863,584936,Men,Round 3,2,2578679,0,2.0,3.0,,,1,4,1,2.5
Live Heats,321863,584936,Men,Round 4,3,2578692,0,2.0,5.0,2.0,4.0,4,4,1,1.0
Live Heats,321863,584936,Men,Round 5,4,2578693,0,2.0,3.0,,,2,4,1,2.0
Live Heats,321863,584936,Men,Round 6,5,2578694,0,1.0,7.0,1.0,6.0,4,4,1,1.0
Live Heats,321863,584936,Men,Round 7,6,2578695,0,2.0,3.0,,,1,4,1,2.5
Live Heats,321863,584936,Men,Round 8,7,2578696,0,1.0,9.0,1.0,8.0,2,4,1,2.0
Live Heats,321863,584936,Men,Round 9,8,2578697,0,1.0,2.0,,,1,4,1,2.5
Live Heats,321863,584936,Men,Final,9,2578698,0,0.0,1.0,,,1,4,1,2.5
Live Heats,321863,584936,Men,Round 1,0,2578671,1,1.0,2.0,2.0,1.0,2,4,2,3.0
Live Heats,321863,584936,Men,Round 4,3,2578699,1,2.0,5.0,2.0,4.0,4,4,2,2.0
Live Heats,321863,584936,Men,Round 5,4,2578702,1,2.0,3.0,,,2,4,2,3.0
Live Heats,321863,584936,Men,Round 6,5,2578703,1,1.0,7.0,1.0,6.0,4,4,2,2.0
Live Heats,321863,584936,Men,Round 8,7,2578706,1,1.0,9.0,1.0,8.0,2,4,2,3.0
Live Heats,321863,584936,Men,Round 4,3,2578700,2,2.0,5.0,2.0,4.0,4,4,3,3.0
Live Heats,321863,584936,Men,Round 6,5,2578704,2,1.0,7.0,1.0,6.0,4,4,3,3.0
Live Heats,321863,584936,Men,Round 4,3,2578701,3,2.0,5.0,2.0,4.0,4,4,4,4.0
Live Heats,321863,584936,Men,Round 6,5,2578705,3,1.0,7.0,1.0,6.0,4,4,4,4.0
Live Heats,321863,584937,Masters,Quarterfinal,0,2578723,0,1.0,2.0,2.0,1.0,2,2,1,1.0
Live Heats,321863,584937,Masters,Semifinal,1,2578725,0,2.0,3.0,,,1,2,1,1.5
Live Heats,321863,584937,Masters,Final,2,2578726,0,,,,,1,2,1,1.5
Live Heats,321863,584937,Masters,Quarterfinal,0,2578724,1,1.0,2.0,2.0,1.0,2,2,2,2.0
Live Heats,321863,584938,Junior Girls,Final 1,0,2588459,0,3.0,4.0,,,1,1,1,1.0
Live Heats,321863,584938,Junior Girls,Final,1,2589975,0,,,,,1,1,1,1.0
Live Heats,321863,584939,Junior Boys,Final 1,0,2578800,0,,,,,1,1,1,1.0
Live Heats,321863,584939,Junior Boys,Final,1,2589839,0,0.0,1.0,,,1,1,1,1.0
Live Heats,321863,584941,Pro Junior Boys,Quarterfinal,0,2578727,0,1.0,2.0,2.0,1.0,2,2,1,1.0
Live Heats,321863,584941,Pro Junior Boys,Semifinal,1,2578729,0,,,,,1,2,1,1.5
Live Heats,321863,584941,Pro Junior Boys,Final,2,2578730,0,,,,,1,2,1,1.5
Live Heats,321863,584941,Pro Junior Boys,Quarterfinal,0,2578728,1,1.0,2.0,2.0,1.0,2,2,2,2.0
Live Heats,321863,584942,Grand Masters,Round 1,0,2578801,0,2.0,2.0,2.0,1.0,3,3,1,1.0
Live Heats,321863,584942,Grand Masters,R2,1,2578804,0,2.0,3.0,,,1,3,1,2.0
Live Heats,321863,584942,Grand Masters,Semifinal,2,2578806,0,2.0,3.0,,,2,3,1,1.5
Live Heats,321863,584942,Grand Masters,Final,3,2578807,0,0.0,1.0,,,1,3,1,2.0
Live Heats,321863,584942,Grand Masters,Round 1,0,2578802,1,2.0,2.0,2.0,1.0,3,3,2,2.0
Live Heats,321863,584942,Grand Masters,Semifinal,2,2578808,1,2.0,3.0,,,2,3,2,2.5
Live Heats,321863,584942,Grand Masters,Round 1,0,2578803,2,2.0,2.0,2.0,1.0,3,3,3,3.0
Live Heats,321864,584943,Women,Round 1,0,2603277,0,,,,,1,1,1,1.0
Live Heats,321864,584943,Women,Quarterfinal,1,2603381,0,,,,,1,1,1,1.0
Live Heats,321864,584943,Women,FInal #3,2,2603382,0,0.0,1.0,,,1,1,1,1.0
Live Heats,321864,584943,Women,Final,3,2622540,0,,,,,1,1,1,1.0
Live Heats,321864,584944,Men,Round 1,0,2603363,0,,,,,2,4,1,2.0
Live Heats,321864,584944,Men,Round 2,1,2603365,0,2.0,3.0,,,1,4,1,2.5
Live Heats,321864,584944,Men,Round 3,2,2603366,0,2.0,4.0,2.0,3.0,4,4,1,1.0
Live Heats,321864,584944,Men,R4 Redemption,3,2603370,0,2.0,3.0,,,2,4,1,2.0
Live Heats,321864,584944,Men,Quarterfinal,4,2603374,0,2.0,3.0,,,4,4,1,1.0
Live Heats,321864,584944,Men,Semifinal,5,2603376,0,2.0,3.0,,,2,4,1,2.0
Live Heats,321864,584944,Men,Final,6,2603377,0,0.0,1.0,,,1,4,1,2.5
Live Heats,321864,584944,Men,Round 1,0,2603364,1,,,,,2,4,2,3.0
Live Heats,321864,584944,Men,Round 3,2,2603367,1,2.0,4.0,2.0,3.0,4,4,2,2.0
Live Heats,321864,584944,Men,R4 Redemption,3,2603371,1,2.0,3.0,,,2,4,2,3.0
Live Heats,321864,584944,Men,Quarterfinal,4,2603375,1,2.0,3.0,,,4,4,2,2.0
Live Heats,321864,584944,Men,Semifinal,5,2603378,1,2.0,3.0,,,2,4,2,3.0
Live Heats,321864,584944,Men,Round 3,2,2603368,2,2.0,4.0,2.0,3.0,4,4,3,3.0
Live Heats,321864,584944,Men,Quarterfinal,4,2603379,2,2.0,3.0,,,4,4,3,3.0
Live Heats,321864,584944,Men,Round 3,2,2603369,3,2.0,4.0,2.0,3.0,4,4,4,4.0
Live Heats,321864,584944,Men,Quarterfinal,4,2603380,3,2.0,3.0,,,4,4,4,4.0
Live Heats,321864,584945,Masters,Round 1,0,2603390,0,,,,,1,3,1,2.0
Live Heats,321864,584945,Masters,R2 Challenger,1,2603392,0,0.0,1.0,,,1,3,1,2.0
Live Heats,321864,584945,Masters,R3 Seeding,2,2603393,0,2.0,4.0,2.0,3.0,3,3,1,1.0
Live Heats,321864,584945,Masters,R4 Redemption,3,2603396,0,1.0,2.0,,,2,3,1,1.5
Live Heats,321864,584945,Masters,Semifinal,4,2603398,0,2.0,3.0,,,2,3,1,1.5
Live Heats,321864,584945,Masters,Final,5,2603400,0,0.0,1.0,,,1,3,1,2.0
Live Heats,321864,584945,Masters,R3 Seeding,2,2603394,1,2.0,4.0,2.0,3.0,3,3,2,2.0
Live Heats,321864,584945,Masters,R4 Redemption,3,2603397,1,1.0,2.0,,,2,3,2,2.5
Live Heats,321864,584945,Masters,Semifinal,4,2603399,1,2.0,3.0,,,2,3,2,2.5
Live Heats,321864,584945,Masters,R3 Seeding,2,2603395,2,2.0,4.0,2.0,3.0,3,3,3,3.0
Live Heats,321864,584950,Grand Masters,Final,0,2603278,0,0.0,1.0,,,1,1,1,1.0
Live Heats,322457,585833,Women,Final,0,2518163,0,0.0,1.0,,,1,1,1,1.0
Live Heats,322457,585834,Men,Final,0,2518175,0,0.0,1.0,,,1,1,1,1.0
Live Heats,268537,587986,Open AM,Round 1,0,2522878,0,,,,,7,7,1,1.0
Live Heats,268537,587986,Open AM,Semifinal,1,2522885,0,3.0,4.0,,,2,7,1,3.5
Live Heats,268537,587986,Open AM,Final,2,2522891,0,,,,,1,7,1,4.0
Live Heats,268537,587986,Open AM,Round 1,0,2522879,1,,,,,7,7,2,2.0
Live Heats,268537,587986,Open AM,Semifinal,1,2522887,1,3.0,4.0,,,2,7,2,4.5
Live Heats,268537,587986,Open AM,Round 1,0,2522880,2,,,,,7,7,3,3.0
Live Heats,268537,587986,Open AM,Round 1,0,2522881,3,,,,,7,7,4,4.0
Live Heats,268537,587986,Open AM,Round 1,0,2522882,4,,,,,7,7,5,5.0
Live Heats,268537,587986,Open AM,Round 1,0,2522883,5,,,,,7,7,6,6.0
Live Heats,268537,587986,Open AM,Round 1,0,2522884,6,,,,,7,7,7,7.0
Live Heats,266589,601831,Grand Masters,Semifinal,0,2543920,0,0.0,1.0,,,2,2,1,1.0
Live Heats,266589,601831,Grand Masters,Final,1,2549844,0,0.0,1.0,,,1,2,1,1.5
Live Heats,266589,601831,Grand Masters,Semifinal,0,2549842,1,0.0,1.0,,,2,2,2,2.0
