event_id,event_name,results_status,day_window,start_date,finish_date,location,stars,division_id,division_name,sex,event_link,division_rank_name,division_rank_id,source,elimination
190953,HAWAII: 2 STAR Challengers - Maui Strong Aloha Classic Grand Final,Results Published,12,22/10/2023,03/11/2023,Hawaii,2,363706,Men,,,Men,363706,live heats,
190953,HAWAII: 2 STAR Challengers - Maui Strong Aloha Classic Grand Final,Results Published,12,22/10/2023,03/11/2023,Hawaii,2,363707,Women,,,Women,363707,live heats,
190953,HAWAII: 2 STAR Challengers - Maui Strong Aloha Classic Grand Final,Results Published,12,22/10/2023,03/11/2023,Hawaii,2,363708,U20 Boys,,,U20 Boys,363708,live heats,
147526,Denmark: 2 STAR Open Windsurf Wave Championships,Results Published,2,10/06/2023,12/06/2023,Denmark,2,290156,Men,,,Men,290156,live heats,
147526,Denmark: 2 STAR Open Windsurf Wave Championships,Results Published,2,10/06/2023,12/06/2023,Denmark,2,290157,Women,,,Women,290157,live heats,
147526,Denmark: 2 STAR Open Windsurf Wave Championships,Results Published,2,10/06/2023,12/06/2023,Denmark,2,290158,Junior Boys,,,Junior Boys,290158,live heats,
147526,Denmark: 2 STAR Open Windsurf Wave Championships,Results Published,2,10/06/2023,12/06/2023,Denmark,2,290159,Junior Girls,,,Junior Girls,290159,live heats,
147526,Denmark: 2 STAR Open Windsurf Wave Championships,Results Published,2,10/06/2023,12/06/2023,Denmark,2,290160,Masters,,,Masters,290160,live heats,
164024,PERU: 2 STAR Pacasmayo Classic,Results Published,10,25/08/2023,04/09/2023,Peru,2,315787,Men,,,Men,315787,live heats,
72489,Australia: 2 STAR Margaret River Wavesailing Classic,Results Published,4,26/01/2023,30/01/2023,Australia,2,168257,Men,,,Men,168257,live heats,
72489,Australia: 2 STAR Margaret River Wavesailing Classic,Results Published,4,26/01/2023,30/01/2023,Australia,2,168258,Women,,,Women,168258,live heats,
72489,Australia: 2 STAR Margaret River Wavesailing Classic,Results Published,4,26/01/2023,30/01/2023,Australia,2,168259,Junior Boys,,,Junior Boys,168259,live heats,
72489,Australia: 2 STAR Margaret River Wavesailing Classic,Results Published,4,26/01/2023,30/01/2023,Australia,2,168260,Masters,,,Masters,168260,live heats,
72489,Australia: 2 STAR Margaret River Wavesailing Classic,Results Published,4,26/01/2023,30/01/2023,Australia,2,293484,Junior Girls,,,Junior Girls,293484,live heats,
117331,SPAIN: 5 STAR Gran Canaria World Cup,Results Published,9,01/07/2023,10/07/2023,Spain,5,247053,Men,,,Men,247053,live heats,
117331,SPAIN: 5 STAR Gran Canaria World Cup,Results Published,9,01/07/2023,10/07/2023,Spain,5,247054,Women,,,Women,247054,live heats,
117331,SPAIN: 5 STAR Gran Canaria World Cup,Results Published,9,01/07/2023,10/07/2023,Spain,5,247055,Junior Boys,,,Junior Boys,247055,live heats,
117331,SPAIN: 5 STAR Gran Canaria World Cup,Results Published,9,01/07/2023,10/07/2023,Spain,5,247056,Masters,,,Masters,247056,live heats,
117331,SPAIN: 5 STAR Gran Canaria World Cup,Results Published,9,01/07/2023,10/07/2023,Spain,5,290080,Junior Girls,,,Junior Girls,290080,live heats,
117331,SPAIN: 5 STAR Gran Canaria World Cup,Results Published,9,01/07/2023,10/07/2023,Spain,5,293776,U17 Boys,,,U17 Boys,293776,live heats,
117331,SPAIN: 5 STAR Gran Canaria World Cup,Results Published,9,01/07/2023,10/07/2023,Spain,5,293777,U15 Boys,,,U15 Boys,293777,live heats,
117331,SPAIN: 5 STAR Gran Canaria World Cup,Results Published,9,01/07/2023,10/07/2023,Spain,5,293809,U17 Girls,,,U17 Girls,293809,live heats,
72452,FIJI.PRO: 5 STAR 2023 FIJI SURF PRO ,Results Published,11,01/06/2023,12/06/2023,Fiji.Pro,5,168196,Men,,,Men,168196,live heats,
72452,FIJI.PRO: 5 STAR 2023 FIJI SURF PRO ,Results Published,11,01/06/2023,12/06/2023,Fiji.Pro,5,168197,Women,,,Women,168197,live heats,
147528,DENMARK: 5 STAR PWA/IWT Cold Hawaii Youth World Tour Final,Results Published,7,14/10/2023,21/10/2023,Denmark,5,290163,Junior Boys,,,Junior Boys,290163,live heats,
147528,DENMARK: 5 STAR PWA/IWT Cold Hawaii Youth World Tour Final,Results Published,7,14/10/2023,21/10/2023,Denmark,5,290164,Junior Girls,,,Junior Girls,290164,live heats,
147528,DENMARK: 5 STAR PWA/IWT Cold Hawaii Youth World Tour Final,Results Published,7,14/10/2023,21/10/2023,Denmark,5,290165,U17 Boys,,,U17 Boys,290165,live heats,
147528,DENMARK: 5 STAR PWA/IWT Cold Hawaii Youth World Tour Final,Results Published,7,14/10/2023,21/10/2023,Denmark,5,290166,U15 Girls,,,U15 Girls,290166,live heats,
147528,DENMARK: 5 STAR PWA/IWT Cold Hawaii Youth World Tour Final,Results Published,7,14/10/2023,21/10/2023,Denmark,5,290167,U13,,,U13,290167,live heats,
147528,DENMARK: 5 STAR PWA/IWT Cold Hawaii Youth World Tour Final,Results Published,7,14/10/2023,21/10/2023,Denmark,5,332984,U15 Boys,,,U15 Boys,332984,live heats,
220586,Japan: 2 STAR Cold Breeze,Results Published,2,22/12/2023,24/12/2023,Japan,2,408814,Men,,,Men,408814,live heats,
220586,Japan: 2 STAR Cold Breeze,Results Published,2,22/12/2023,24/12/2023,Japan,2,408815,Women,,,Women,408815,live heats,
220586,Japan: 2 STAR Cold Breeze,Results Published,2,22/12/2023,24/12/2023,Japan,2,408816,Masters,,,Masters,408816,live heats,
220586,Japan: 2 STAR Cold Breeze,Results Published,2,22/12/2023,24/12/2023,Japan,2,408818,Junior Girls,,,Junior Girls,408818,live heats,
220586,Japan: 2 STAR Cold Breeze,Results Published,2,22/12/2023,24/12/2023,Japan,2,408817,Junior Boys,,,Junior Boys,408817,live heats,
164717,CHILE: 2 STAR SURAZO Infernal - Men,Results Published,9,24/03/2023,02/04/2023,Chile,2,315939,Men,,,Men,315939,live heats,
187568,Morocco: Junior 100% Moulay Wave Classic,Results Published,8,26/04/2024,04/05/2024,Morocco,,353313,Junior Girls,,,Junior Girls,353313,live heats,
187568,Morocco: Junior 100% Moulay Wave Classic,Results Published,8,26/04/2024,04/05/2024,Morocco,,353314,Junior Boys,,,Junior Boys,353314,live heats,
187555,Taiwan: 1 STAR Taitung Wave Classic,Results Published,30,31/10/2023,30/11/2023,Taiwan,1,353252,Women,,,Women,353252,live heats,
187555,Taiwan: 1 STAR Taitung Wave Classic,Results Published,30,31/10/2023,30/11/2023,Taiwan,1,353253,Men,,,Men,353253,live heats,
187555,Taiwan: 1 STAR Taitung Wave Classic,Results Published,30,31/10/2023,30/11/2023,Taiwan,1,353254,Masters,,,Masters,353254,live heats,
187555,Taiwan: 1 STAR Taitung Wave Classic,Results Published,30,31/10/2023,30/11/2023,Taiwan,1,353255,Junior Girls,,,Junior Girls,353255,live heats,
187555,Taiwan: 1 STAR Taitung Wave Classic,Results Published,30,31/10/2023,30/11/2023,Taiwan,1,353256,Junior Boys,,,Junior Boys,353256,live heats,
187556,Australia: 1 STAR Merimbula Classic,Results Published,4,22/11/2023,26/11/2023,Australia,1,353257,Women,,,Women,353257,live heats,
187556,Australia: 1 STAR Merimbula Classic,Results Published,4,22/11/2023,26/11/2023,Australia,1,353258,Men,,,Men,353258,live heats,
187556,Australia: 1 STAR Merimbula Classic,Results Published,4,22/11/2023,26/11/2023,Australia,1,353259,Masters,,,Masters,353259,live heats,
187556,Australia: 1 STAR Merimbula Classic,Results Published,4,22/11/2023,26/11/2023,Australia,1,353260,Junior Girls,,,Junior Girls,353260,live heats,
187556,Australia: 1 STAR Merimbula Classic,Results Published,4,22/11/2023,26/11/2023,Australia,1,353261,Junior Boys,,,Junior Boys,353261,live heats,
187578,Wales: 2 STAR Rhosneigr Wave Classic 2024,Results Published,2,20/09/2024,22/09/2024,Wales,2,353358,Men,,,Men,353358,live heats,
187578,Wales: 2 STAR Rhosneigr Wave Classic 2024,Results Published,2,20/09/2024,22/09/2024,Wales,2,353359,Women,,,Women,353359,live heats,
187578,Wales: 2 STAR Rhosneigr Wave Classic 2024,Results Published,2,20/09/2024,22/09/2024,Wales,2,353360,Junior Boys,,,Junior Boys,353360,live heats,
187578,Wales: 2 STAR Rhosneigr Wave Classic 2024,Results Published,2,20/09/2024,22/09/2024,Wales,2,353361,Masters,,,Masters,353361,live heats,
187578,Wales: 2 STAR Rhosneigr Wave Classic 2024,Results Published,2,20/09/2024,22/09/2024,Wales,2,353362,Junior Girls,,,Junior Girls,353362,live heats,
187558,Australia: YOUTH 100% Jaffle Shack Oceania Youth Wave Titles and Junior Windsurf Camp,Results Published,6,15/01/2024,21/01/2024,Australia,,353267,Junior Girls,,,Junior Girls,353267,live heats,
187558,Australia: YOUTH 100% Jaffle Shack Oceania Youth Wave Titles and Junior Windsurf Camp,Results Published,6,15/01/2024,21/01/2024,Australia,,353268,Junior Boys,,,Junior Boys,353268,live heats,
187558,Australia: YOUTH 100% Jaffle Shack Oceania Youth Wave Titles and Junior Windsurf Camp,Results Published,6,15/01/2024,21/01/2024,Australia,,353271,U15 Girls,,,U15 Girls,353271,live heats,
187558,Australia: YOUTH 100% Jaffle Shack Oceania Youth Wave Titles and Junior Windsurf Camp,Results Published,6,15/01/2024,21/01/2024,Australia,,353272,U15 Boys,,,U15 Boys,353272,live heats,
187558,Australia: YOUTH 100% Jaffle Shack Oceania Youth Wave Titles and Junior Windsurf Camp,Results Published,6,15/01/2024,21/01/2024,Australia,,353273,U13,,,U13,353273,live heats,
187558,Australia: YOUTH 100% Jaffle Shack Oceania Youth Wave Titles and Junior Windsurf Camp,Results Published,6,15/01/2024,21/01/2024,Australia,,388585,Pro Junior GIrls,,,Pro Junior GIrls,388585,live heats,
187558,Australia: YOUTH 100% Jaffle Shack Oceania Youth Wave Titles and Junior Windsurf Camp,Results Published,6,15/01/2024,21/01/2024,Australia,,388586,Pro Junior Boys,,,Pro Junior Boys,388586,live heats,
249495,AFRICA: 3 STAR REGIONAL FINAL Moulay Wave Classic,Results Published,8,26/04/2024,04/05/2024,Africa,3,441634,Men,,,Men,441634,live heats,
187564,SPAIN: 5 STAR Gran Canaria World Cup,Results Published,10,27/06/2024,07/07/2024,Spain,5,353299,Women,,,Women,353299,live heats,
187564,SPAIN: 5 STAR Gran Canaria World Cup,Results Published,10,27/06/2024,07/07/2024,Spain,5,353300,Men,,,Men,353300,live heats,
187564,SPAIN: 5 STAR Gran Canaria World Cup,Results Published,10,27/06/2024,07/07/2024,Spain,5,353301,Masters,,,Masters,353301,live heats,
187564,SPAIN: 5 STAR Gran Canaria World Cup,Results Published,10,27/06/2024,07/07/2024,Spain,5,353302,Junior Girls,,,Junior Girls,353302,live heats,
187564,SPAIN: 5 STAR Gran Canaria World Cup,Results Published,10,27/06/2024,07/07/2024,Spain,5,353303,Junior Boys,,,Junior Boys,353303,live heats,
187564,SPAIN: 5 STAR Gran Canaria World Cup,Results Published,10,27/06/2024,07/07/2024,Spain,5,454486,Pro Junior GIrls,,,Pro Junior GIrls,454486,live heats,
187564,SPAIN: 5 STAR Gran Canaria World Cup,Results Published,10,27/06/2024,07/07/2024,Spain,5,454487,Pro Junior Boys,,,Pro Junior Boys,454487,live heats,
270680,PERU: 100% Masters Juniors Peru World Cup,Results Published,15,03/08/2024,18/08/2024,Peru,,471646,Masters,,,Masters,471646,live heats,
270680,PERU: 100% Masters Juniors Peru World Cup,Results Published,15,03/08/2024,18/08/2024,Peru,,471647,Junior Girls,,,Junior Girls,471647,live heats,
270680,PERU: 100% Masters Juniors Peru World Cup,Results Published,15,03/08/2024,18/08/2024,Peru,,471648,Junior Boys,,,Junior Boys,471648,live heats,
270680,PERU: 100% Masters Juniors Peru World Cup,Results Published,15,03/08/2024,18/08/2024,Peru,,471649,Pro Junior GIrls,,,Pro Junior GIrls,471649,live heats,
270680,PERU: 100% Masters Juniors Peru World Cup,Results Published,15,03/08/2024,18/08/2024,Peru,,471650,Pro Junior Boys,,,Pro Junior Boys,471650,live heats,
270680,PERU: 100% Masters Juniors Peru World Cup,Results Published,15,03/08/2024,18/08/2024,Peru,,471656,OPEN,,,OPEN,471656,live heats,
270680,PERU: 100% Masters Juniors Peru World Cup,Results Published,15,03/08/2024,18/08/2024,Peru,,471657,Grand Masters,,,Grand Masters,471657,live heats,
285332,France: 2 STAR French Windsurf Championship at Pole Nautique Hague,Results Published,23,23/11/2024,16/12/2024,France,2,492502,Men,,,Men,492502,live heats,
285332,France: 2 STAR French Windsurf Championship at Pole Nautique Hague,Results Published,23,23/11/2024,16/12/2024,France,2,492503,Women,,,Women,492503,live heats,
285332,France: 2 STAR French Windsurf Championship at Pole Nautique Hague,Results Published,23,23/11/2024,16/12/2024,France,2,492504,Junior Girls,,,Junior Girls,492504,live heats,
285332,France: 2 STAR French Windsurf Championship at Pole Nautique Hague,Results Published,23,23/11/2024,16/12/2024,France,2,492505,Junior Boys,,,Junior Boys,492505,live heats,
285332,France: 2 STAR French Windsurf Championship at Pole Nautique Hague,Results Published,23,23/11/2024,16/12/2024,France,2,492506,Masters,,,Masters,492506,live heats,
147529,Scotland: 2 STAR Tiree Wave Classic,Results Published,7,14/10/2023,21/10/2023,Scotland,2,290168,Men,,,Men,290168,live heats,
147529,Scotland: 2 STAR Tiree Wave Classic,Results Published,7,14/10/2023,21/10/2023,Scotland,2,290169,Women,,,Women,290169,live heats,
147529,Scotland: 2 STAR Tiree Wave Classic,Results Published,7,14/10/2023,21/10/2023,Scotland,2,290170,Junior Boys,,,Junior Boys,290170,live heats,
147529,Scotland: 2 STAR Tiree Wave Classic,Results Published,7,14/10/2023,21/10/2023,Scotland,2,290171,Masters,,,Masters,290171,live heats,
181652,HAWAII: 5 STAR Maui Strong Aloha Classic Grand Final,Results Published,13,22/10/2023,04/11/2023,Hawaii,5,343314,Men,,,Men,343314,live heats,
181652,HAWAII: 5 STAR Maui Strong Aloha Classic Grand Final,Results Published,13,22/10/2023,04/11/2023,Hawaii,5,343315,Women,,,Women,343315,live heats,
181652,HAWAII: 5 STAR Maui Strong Aloha Classic Grand Final,Results Published,13,22/10/2023,04/11/2023,Hawaii,5,343317,Masters,,,Masters,343317,live heats,
147592,Australia: 2 STAR North Windsurfing East Coast Titles. Sydney,Results Published,3,02/02/2024,05/02/2024,Australia,2,290222,Men,,,Men,290222,live heats,
147592,Australia: 2 STAR North Windsurfing East Coast Titles. Sydney,Results Published,3,02/02/2024,05/02/2024,Australia,2,290223,Women,,,Women,290223,live heats,
147592,Australia: 2 STAR North Windsurfing East Coast Titles. Sydney,Results Published,3,02/02/2024,05/02/2024,Australia,2,290225,Masters,,,Masters,290225,live heats,
147592,Australia: 2 STAR North Windsurfing East Coast Titles. Sydney,Results Published,3,02/02/2024,05/02/2024,Australia,2,290226,Open AM,,,Open AM,290226,live heats,
187570,Scotland: 3 STAR Tiree Wave Classic,Results Published,7,11/10/2024,18/10/2024,Scotland,3,353317,Men,,,Men,353317,live heats,
187570,Scotland: 3 STAR Tiree Wave Classic,Results Published,7,11/10/2024,18/10/2024,Scotland,3,353318,Women,,,Women,353318,live heats,
187570,Scotland: 3 STAR Tiree Wave Classic,Results Published,7,11/10/2024,18/10/2024,Scotland,3,353319,Junior Boys,,,Junior Boys,353319,live heats,
187570,Scotland: 3 STAR Tiree Wave Classic,Results Published,7,11/10/2024,18/10/2024,Scotland,3,353320,Masters,,,Masters,353320,live heats,
187570,Scotland: 3 STAR Tiree Wave Classic,Results Published,7,11/10/2024,18/10/2024,Scotland,3,353321,Junior Girls,,,Junior Girls,353321,live heats,
118319,CHILE: 4 STAR SURAZO Infernal - Women,Results Published,9,25/03/2023,03/04/2023,Chile,4,248203,Women,,,Women,248203,live heats,
117362,JAPAN: 5 STAR 2023 SPICARE Omaezaki Japan Cup - OPEN PRO,Results Published,6,16/03/2023,22/03/2023,Japan,5,247081,Men,,,Men,247081,live heats,
117362,JAPAN: 5 STAR 2023 SPICARE Omaezaki Japan Cup - OPEN PRO,Results Published,6,16/03/2023,22/03/2023,Japan,5,247082,Women,,,Women,247082,live heats,
117362,JAPAN: 5 STAR 2023 SPICARE Omaezaki Japan Cup - OPEN PRO,Results Published,6,16/03/2023,22/03/2023,Japan,5,247083,Junior Boys,,,Junior Boys,247083,live heats,
117362,JAPAN: 5 STAR 2023 SPICARE Omaezaki Japan Cup - OPEN PRO,Results Published,6,16/03/2023,22/03/2023,Japan,5,247084,Masters,,,Masters,247084,live heats,
118385,CHILE: 4 STAR SURAZO Infernal - Masters & Youth,Results Published,9,25/03/2023,03/04/2023,Chile,4,248368,Masters,,,Masters,248368,live heats,
118385,CHILE: 4 STAR SURAZO Infernal - Masters & Youth,Results Published,9,25/03/2023,03/04/2023,Chile,4,248369,Junior Boys,,,Junior Boys,248369,live heats,
118715,JAPAN: 5 STAR 2023 SPICARE Omaezaki Japan Cup - WOMEN.Youth.Masters,Results Published,6,16/03/2023,22/03/2023,Japan,5,248731,Women,,,Women,248731,live heats,
118715,JAPAN: 5 STAR 2023 SPICARE Omaezaki Japan Cup - WOMEN.Youth.Masters,Results Published,6,16/03/2023,22/03/2023,Japan,5,248732,Junior Boys,,,Junior Boys,248732,live heats,
118715,JAPAN: 5 STAR 2023 SPICARE Omaezaki Japan Cup - WOMEN.Youth.Masters,Results Published,6,16/03/2023,22/03/2023,Japan,5,248733,Masters,,,Masters,248733,live heats,
118715,JAPAN: 5 STAR 2023 SPICARE Omaezaki Japan Cup - WOMEN.Youth.Masters,Results Published,6,16/03/2023,22/03/2023,Japan,5,253879,U15 Girls,,,U15 Girls,253879,live heats,
118715,JAPAN: 5 STAR 2023 SPICARE Omaezaki Japan Cup - WOMEN.Youth.Masters,Results Published,6,16/03/2023,22/03/2023,Japan,5,253880,U15 Boys,,,U15 Boys,253880,live heats,
147591,Australia: 2 STAR Severne Wavesailing Nationals,Results Published,9,11/11/2023,20/11/2023,Australia,2,290217,Men,,,Men,290217,live heats,
147591,Australia: 2 STAR Severne Wavesailing Nationals,Results Published,9,11/11/2023,20/11/2023,Australia,2,290218,Women,,,Women,290218,live heats,
147591,Australia: 2 STAR Severne Wavesailing Nationals,Results Published,9,11/11/2023,20/11/2023,Australia,2,290219,Junior Boys,,,Junior Boys,290219,live heats,
147591,Australia: 2 STAR Severne Wavesailing Nationals,Results Published,9,11/11/2023,20/11/2023,Australia,2,290220,Masters,,,Masters,290220,live heats,
147591,Australia: 2 STAR Severne Wavesailing Nationals,Results Published,9,11/11/2023,20/11/2023,Australia,2,316788,Junior Girls,,,Junior Girls,316788,live heats,
187563,CHILE: 5 STAR Surazo Infernal World Cup,Results Published,12,31/03/2024,12/04/2024,Chile,5,353294,Women,,,Women,353294,live heats,
187563,CHILE: 5 STAR Surazo Infernal World Cup,Results Published,12,31/03/2024,12/04/2024,Chile,5,353295,Men,,,Men,353295,live heats,
187563,CHILE: 5 STAR Surazo Infernal World Cup,Results Published,12,31/03/2024,12/04/2024,Chile,5,353296,Masters,,,Masters,353296,live heats,
187563,CHILE: 5 STAR Surazo Infernal World Cup,Results Published,12,31/03/2024,12/04/2024,Chile,5,402097,Pro Junior GIrls,,,Pro Junior GIrls,402097,live heats,
187563,CHILE: 5 STAR Surazo Infernal World Cup,Results Published,12,31/03/2024,12/04/2024,Chile,5,353297,Junior Girls,,,Junior Girls,353297,live heats,
187563,CHILE: 5 STAR Surazo Infernal World Cup,Results Published,12,31/03/2024,12/04/2024,Chile,5,402098,Pro Junior Boys,,,Pro Junior Boys,402098,live heats,
187563,CHILE: 5 STAR Surazo Infernal World Cup,Results Published,12,31/03/2024,12/04/2024,Chile,5,353298,Junior Boys,,,Junior Boys,353298,live heats,
187563,CHILE: 5 STAR Surazo Infernal World Cup,Results Published,12,31/03/2024,12/04/2024,Chile,5,407963,Open AM,,,Open AM,407963,live heats,
350012,Ireland: 2 STAR Magheroarty Classic,Scheduled,3,08/08/2025,11/08/2025,Ireland,2,637801,Women,,,Women,637801,live heats,
350012,Ireland: 2 STAR Magheroarty Classic,Scheduled,3,08/08/2025,11/08/2025,Ireland,2,637802,Men,,,Men,637802,live heats,
350012,Ireland: 2 STAR Magheroarty Classic,Scheduled,3,08/08/2025,11/08/2025,Ireland,2,637803,Masters,,,Masters,637803,live heats,
350012,Ireland: 2 STAR Magheroarty Classic,Scheduled,3,08/08/2025,11/08/2025,Ireland,2,637804,Pro Junior GIrls,,,Pro Junior GIrls,637804,live heats,
350012,Ireland: 2 STAR Magheroarty Classic,Scheduled,3,08/08/2025,11/08/2025,Ireland,2,637805,Pro Junior Boys,,,Pro Junior Boys,637805,live heats,
350012,Ireland: 2 STAR Magheroarty Classic,Scheduled,3,08/08/2025,11/08/2025,Ireland,2,637806,Junior Girls,,,Junior Girls,637806,live heats,
350012,Ireland: 2 STAR Magheroarty Classic,Scheduled,3,08/08/2025,11/08/2025,Ireland,2,637807,Junior Boys,,,Junior Boys,637807,live heats,
350012,Ireland: 2 STAR Magheroarty Classic,Scheduled,3,08/08/2025,11/08/2025,Ireland,2,637808,OPEN,,,OPEN,637808,live heats,
322589,Japan: 2 STAR JWA Junior Wave ,Results Published,3,26/12/2024,29/12/2024,Japan,2,586057,Pro Junior Boys,,,Pro Junior Boys,586057,live heats,
322589,Japan: 2 STAR JWA Junior Wave ,Results Published,3,26/12/2024,29/12/2024,Japan,2,586058,Pro Junior GIrls,,,Pro Junior GIrls,586058,live heats,
322589,Japan: 2 STAR JWA Junior Wave ,Results Published,3,26/12/2024,29/12/2024,Japan,2,586059,Junior Boys,,,Junior Boys,586059,live heats,
322589,Japan: 2 STAR JWA Junior Wave ,Results Published,3,26/12/2024,29/12/2024,Japan,2,586060,Junior Girls,,,Junior Girls,586060,live heats,
322589,Japan: 2 STAR JWA Junior Wave ,Results Published,3,26/12/2024,29/12/2024,Japan,2,586061,U15,,,U15,586061,live heats,
72487,Australia: 2 STAR Sydney Classic,Results Published,3,10/12/2022,13/12/2022,Australia,2,168245,Men,,,Men,168245,live heats,
72487,Australia: 2 STAR Sydney Classic,Results Published,3,10/12/2022,13/12/2022,Australia,2,168246,Women,,,Women,168246,live heats,
72487,Australia: 2 STAR Sydney Classic,Results Published,3,10/12/2022,13/12/2022,Australia,2,168247,Junior Boys,,,Junior Boys,168247,live heats,
72487,Australia: 2 STAR Sydney Classic,Results Published,3,10/12/2022,13/12/2022,Australia,2,168248,Masters,,,Masters,168248,live heats,
72487,Australia: 2 STAR Sydney Classic,Results Published,3,10/12/2022,13/12/2022,Australia,2,293481,Junior Girls,,,Junior Girls,293481,live heats,
270681,SPAIN: 100% Masters Juniors Tenerife Classic World Cup,Results Published,15,03/08/2024,18/08/2024,Spain,,471651,Masters,,,Masters,471651,live heats,
270681,SPAIN: 100% Masters Juniors Tenerife Classic World Cup,Results Published,15,03/08/2024,18/08/2024,Spain,,471652,Junior Girls,,,Junior Girls,471652,live heats,
270681,SPAIN: 100% Masters Juniors Tenerife Classic World Cup,Results Published,15,03/08/2024,18/08/2024,Spain,,471653,Junior Boys,,,Junior Boys,471653,live heats,
270681,SPAIN: 100% Masters Juniors Tenerife Classic World Cup,Results Published,15,03/08/2024,18/08/2024,Spain,,471654,Pro Junior GIrls,,,Pro Junior GIrls,471654,live heats,
270681,SPAIN: 100% Masters Juniors Tenerife Classic World Cup,Results Published,15,03/08/2024,18/08/2024,Spain,,471655,Pro Junior Boys,,,Pro Junior Boys,471655,live heats,
81590,Japan: 2 STAR Winter Cup,Results Published,2,04/02/2023,06/02/2023,Japan,2,186163,Men,,,Men,186163,live heats,
81590,Japan: 2 STAR Winter Cup,Results Published,2,04/02/2023,06/02/2023,Japan,2,186164,Women,,,Women,186164,live heats,
81590,Japan: 2 STAR Winter Cup,Results Published,2,04/02/2023,06/02/2023,Japan,2,186165,Junior Boys,,,Junior Boys,186165,live heats,
81590,Japan: 2 STAR Winter Cup,Results Published,2,04/02/2023,06/02/2023,Japan,2,293486,Junior Girls,,,Junior Girls,293486,live heats,
81590,Japan: 2 STAR Winter Cup,Results Published,2,04/02/2023,06/02/2023,Japan,2,186166,Masters,,,Masters,186166,live heats,
268537,Chile: 2 STAR Llico Historico Vichuquen,Results Published,3,17/01/2025,20/01/2025,Chile,2,467766,Women,,,Women,467766,live heats,
268537,Chile: 2 STAR Llico Historico Vichuquen,Results Published,3,17/01/2025,20/01/2025,Chile,2,467767,Men,,,Men,467767,live heats,
268537,Chile: 2 STAR Llico Historico Vichuquen,Results Published,3,17/01/2025,20/01/2025,Chile,2,467768,Masters,,,Masters,467768,live heats,
268537,Chile: 2 STAR Llico Historico Vichuquen,Results Published,3,17/01/2025,20/01/2025,Chile,2,467769,Pro Junior GIrls,,,Pro Junior GIrls,467769,live heats,
268537,Chile: 2 STAR Llico Historico Vichuquen,Results Published,3,17/01/2025,20/01/2025,Chile,2,467770,Pro Junior Boys,,,Pro Junior Boys,467770,live heats,
268537,Chile: 2 STAR Llico Historico Vichuquen,Results Published,3,17/01/2025,20/01/2025,Chile,2,467771,Junior Girls,,,Junior Girls,467771,live heats,
268537,Chile: 2 STAR Llico Historico Vichuquen,Results Published,3,17/01/2025,20/01/2025,Chile,2,467772,Junior Boys,,,Junior Boys,467772,live heats,
268537,Chile: 2 STAR Llico Historico Vichuquen,Results Published,3,17/01/2025,20/01/2025,Chile,2,587986,Open AM,,,Open AM,587986,live heats,
268537,Chile: 2 STAR Llico Historico Vichuquen,Results Published,3,17/01/2025,20/01/2025,Chile,2,587987,Grand Masters,,,Grand Masters,587987,live heats,
263420,France: 3 STAR Wissant Wave Classic,Results Published,2,20/12/2024,22/12/2024,France,3,460767,Women,,,Women,460767,live heats,
263420,France: 3 STAR Wissant Wave Classic,Results Published,2,20/12/2024,22/12/2024,France,3,460768,Men,,,Men,460768,live heats,
263420,France: 3 STAR Wissant Wave Classic,Results Published,2,20/12/2024,22/12/2024,France,3,460770,Pro Junior GIrls,,,Pro Junior GIrls,460770,live heats,
263420,France: 3 STAR Wissant Wave Classic,Results Published,2,20/12/2024,22/12/2024,France,3,460771,Pro Junior Boys,,,Pro Junior Boys,460771,live heats,
263420,France: 3 STAR Wissant Wave Classic,Results Published,2,20/12/2024,22/12/2024,France,3,460772,Junior Boys,,,Junior Boys,460772,live heats,
263420,France: 3 STAR Wissant Wave Classic,Results Published,2,20/12/2024,22/12/2024,France,3,460773,Junior Girls,,,Junior Girls,460773,live heats,
263420,France: 3 STAR Wissant Wave Classic,Results Published,2,20/12/2024,22/12/2024,France,3,460769,Masters,,,Masters,460769,live heats,
221942,Argentina : 2 Star Mar Del Plata ,Results Published,17,13/04/2024,30/04/2024,Argentina,2,410348,Women,,,Women,410348,live heats,
221942,Argentina : 2 Star Mar Del Plata ,Results Published,17,13/04/2024,30/04/2024,Argentina,2,410349,Men,,,Men,410349,live heats,
221942,Argentina : 2 Star Mar Del Plata ,Results Published,17,13/04/2024,30/04/2024,Argentina,2,410350,Masters,,,Masters,410350,live heats,
221942,Argentina : 2 Star Mar Del Plata ,Results Published,17,13/04/2024,30/04/2024,Argentina,2,410351,Junior Girls,,,Junior Girls,410351,live heats,
221942,Argentina : 2 Star Mar Del Plata ,Results Published,17,13/04/2024,30/04/2024,Argentina,2,410352,Junior Boys,,,Junior Boys,410352,live heats,
220652,Japan: 2 STAR All Japan,Results Published,2,05/01/2024,07/01/2024,Japan,2,408830,Men,,,Men,408830,live heats,
220652,Japan: 2 STAR All Japan,Results Published,2,05/01/2024,07/01/2024,Japan,2,408831,Women,,,Women,408831,live heats,
216630,Germany : 2 Star German Wave Tour Event #2,Finished,91,31/08/2024,30/11/2024,Germany,2,402758,Women,,,Women,402758,live heats,
216630,Germany : 2 Star German Wave Tour Event #2,Finished,91,31/08/2024,30/11/2024,Germany,2,402759,Men,,,Men,402759,live heats,
216630,Germany : 2 Star German Wave Tour Event #2,Finished,91,31/08/2024,30/11/2024,Germany,2,402760,Masters,,,Masters,402760,live heats,
216630,Germany : 2 Star German Wave Tour Event #2,Finished,91,31/08/2024,30/11/2024,Germany,2,402761,Junior Girls,,,Junior Girls,402761,live heats,
216630,Germany : 2 Star German Wave Tour Event #2,Finished,91,31/08/2024,30/11/2024,Germany,2,402762,Junior Boys,,,Junior Boys,402762,live heats,
187577,Denmark: 3 STAR EUROPEAN REGIONAL FINAL Danish Open Wave Championships,Cancelled,4,16/10/2024,20/10/2024,Denmark,3,353351,Junior Boys,,,Junior Boys,353351,live heats,
187577,Denmark: 3 STAR EUROPEAN REGIONAL FINAL Danish Open Wave Championships,Cancelled,4,16/10/2024,20/10/2024,Denmark,3,353352,Junior Girls,,,Junior Girls,353352,live heats,
187577,Denmark: 3 STAR EUROPEAN REGIONAL FINAL Danish Open Wave Championships,Cancelled,4,16/10/2024,20/10/2024,Denmark,3,353353,U17 Girls,,,U17 Girls,353353,live heats,
187577,Denmark: 3 STAR EUROPEAN REGIONAL FINAL Danish Open Wave Championships,Cancelled,4,16/10/2024,20/10/2024,Denmark,3,353354,U17 Boys,,,U17 Boys,353354,live heats,
187577,Denmark: 3 STAR EUROPEAN REGIONAL FINAL Danish Open Wave Championships,Cancelled,4,16/10/2024,20/10/2024,Denmark,3,353355,U15 Girls,,,U15 Girls,353355,live heats,
187577,Denmark: 3 STAR EUROPEAN REGIONAL FINAL Danish Open Wave Championships,Cancelled,4,16/10/2024,20/10/2024,Denmark,3,353356,U15 Boys,,,U15 Boys,353356,live heats,
187577,Denmark: 3 STAR EUROPEAN REGIONAL FINAL Danish Open Wave Championships,Cancelled,4,16/10/2024,20/10/2024,Denmark,3,353357,U13,,,U13,353357,live heats,
187575,New Zealand: 1 STAR Taranki Wave Classic,Finished,4,24/10/2024,28/10/2024,New Zealand,1,353341,Women,,,Women,353341,live heats,
187575,New Zealand: 1 STAR Taranki Wave Classic,Finished,4,24/10/2024,28/10/2024,New Zealand,1,353342,Men,,,Men,353342,live heats,
187575,New Zealand: 1 STAR Taranki Wave Classic,Finished,4,24/10/2024,28/10/2024,New Zealand,1,353343,Masters,,,Masters,353343,live heats,
187575,New Zealand: 1 STAR Taranki Wave Classic,Finished,4,24/10/2024,28/10/2024,New Zealand,1,353344,Junior Girls,,,Junior Girls,353344,live heats,
187575,New Zealand: 1 STAR Taranki Wave Classic,Finished,4,24/10/2024,28/10/2024,New Zealand,1,353345,Junior Boys,,,Junior Boys,353345,live heats,
172539,Australia 2 STAR Woolgoolga Classic NSW,Results Published,3,29/09/2023,02/10/2023,Australia 2 Star Woolgoolga Classic Nsw,2,327546,Men,,,Men,327546,live heats,
172539,Australia 2 STAR Woolgoolga Classic NSW,Results Published,3,29/09/2023,02/10/2023,Australia 2 Star Woolgoolga Classic Nsw,2,327547,Women,,,Women,327547,live heats,
172539,Australia 2 STAR Woolgoolga Classic NSW,Results Published,3,29/09/2023,02/10/2023,Australia 2 Star Woolgoolga Classic Nsw,2,327548,Masters,,,Masters,327548,live heats,
172539,Australia 2 STAR Woolgoolga Classic NSW,Results Published,3,29/09/2023,02/10/2023,Australia 2 Star Woolgoolga Classic Nsw,2,327549,Junior Boys,,,Junior Boys,327549,live heats,
117330,Morocco: 2 STAR Wave Classic Moulay,Results Published,8,01/04/2023,09/04/2023,Morocco,2,247047,Men,,,Men,247047,live heats,
117330,Morocco: 2 STAR Wave Classic Moulay,Results Published,8,01/04/2023,09/04/2023,Morocco,2,247048,Women,,,Women,247048,live heats,
117330,Morocco: 2 STAR Wave Classic Moulay,Results Published,8,01/04/2023,09/04/2023,Morocco,2,247049,Junior Boys,,,Junior Boys,247049,live heats,
117330,Morocco: 2 STAR Wave Classic Moulay,Results Published,8,01/04/2023,09/04/2023,Morocco,2,247050,Masters,,,Masters,247050,live heats,
117333,GERMANY: 5 STAR Sylt World Cup,Results Published,10,22/09/2023,02/10/2023,Germany,5,247060,Men,,,Men,247060,live heats,
117333,GERMANY: 5 STAR Sylt World Cup,Results Published,10,22/09/2023,02/10/2023,Germany,5,247061,Women,,,Women,247061,live heats,
187553,Morocco: 3 STAR Moulay Wave Classic,Results Published,8,26/04/2024,04/05/2024,Morocco,3,353242,Women,,,Women,353242,live heats,
187553,Morocco: 3 STAR Moulay Wave Classic,Results Published,8,26/04/2024,04/05/2024,Morocco,3,353243,Men,,,Men,353243,live heats,
187553,Morocco: 3 STAR Moulay Wave Classic,Results Published,8,26/04/2024,04/05/2024,Morocco,3,353244,Masters,,,Masters,353244,live heats,
187560,Guadeloupe: 2 STAR King Of Moule,Results Published,1,20/01/2024,21/01/2024,Guadeloupe,2,353279,Women,,,Women,353279,live heats,
187560,Guadeloupe: 2 STAR King Of Moule,Results Published,1,20/01/2024,21/01/2024,Guadeloupe,2,353280,Men,,,Men,353280,live heats,
187560,Guadeloupe: 2 STAR King Of Moule,Results Published,1,20/01/2024,21/01/2024,Guadeloupe,2,353281,Masters,,,Masters,353281,live heats,
187560,Guadeloupe: 2 STAR King Of Moule,Results Published,1,20/01/2024,21/01/2024,Guadeloupe,2,353282,Junior Girls,,,Junior Girls,353282,live heats,
187560,Guadeloupe: 2 STAR King Of Moule,Results Published,1,20/01/2024,21/01/2024,Guadeloupe,2,353283,Junior Boys,,,Junior Boys,353283,live heats,
187560,Guadeloupe: 2 STAR King Of Moule,Results Published,1,20/01/2024,21/01/2024,Guadeloupe,2,400435,Pro Junior GIrls,,,Pro Junior GIrls,400435,live heats,
187560,Guadeloupe: 2 STAR King Of Moule,Results Published,1,20/01/2024,21/01/2024,Guadeloupe,2,400436,Pro Junior Boys,,,Pro Junior Boys,400436,live heats,
214686,GERMANY: 5 STAR Sylt World Cup MEN,Results Published,12,21/09/2023,03/10/2023,Germany,5,400442,Women,,,Women,400442,live heats,
214686,GERMANY: 5 STAR Sylt World Cup MEN,Results Published,12,21/09/2023,03/10/2023,Germany,5,400473,Men,,,Men,400473,live heats,
165509,Israel: 2 STAR Znavot Wave Classic - Chemical Riders,Results Published,60,31/01/2024,31/03/2024,Israel,2,316791,Men,,,Men,316791,live heats,
165509,Israel: 2 STAR Znavot Wave Classic - Chemical Riders,Results Published,60,31/01/2024,31/03/2024,Israel,2,316792,Women,,,Women,316792,live heats,
165509,Israel: 2 STAR Znavot Wave Classic - Chemical Riders,Results Published,60,31/01/2024,31/03/2024,Israel,2,390433,Pro Junior Boys,,,Pro Junior Boys,390433,live heats,
165509,Israel: 2 STAR Znavot Wave Classic - Chemical Riders,Results Published,60,31/01/2024,31/03/2024,Israel,2,316793,Masters,,,Masters,316793,live heats,
72454,PERU: 4 STAR Pacasmayo Classic,Results Published,10,26/08/2023,05/09/2023,Peru,4,168205,Men,,,Men,168205,live heats,
72454,PERU: 4 STAR Pacasmayo Classic,Results Published,10,26/08/2023,05/09/2023,Peru,4,168206,Women,,,Women,168206,live heats,
72454,PERU: 4 STAR Pacasmayo Classic,Results Published,10,26/08/2023,05/09/2023,Peru,4,168208,Masters,,,Masters,168208,live heats,
72454,PERU: 4 STAR Pacasmayo Classic,Results Published,10,26/08/2023,05/09/2023,Peru,4,168210,Open AM,,,Open AM,168210,live heats,
72454,PERU: 4 STAR Pacasmayo Classic,Results Published,10,26/08/2023,05/09/2023,Peru,4,310717,Pro Men's Trials ,,,Pro Men's Trials ,310717,live heats,
72454,PERU: 4 STAR Pacasmayo Classic,Results Published,10,26/08/2023,05/09/2023,Peru,4,310719,Open Juniors U20,,,Open Juniors U20,310719,live heats,
187562,JAPAN: 5 STAR SPiCARE Omaezaki Japan World Cup,Results Published,7,18/02/2024,25/02/2024,Japan,5,353289,Women,,,Women,353289,live heats,
187562,JAPAN: 5 STAR SPiCARE Omaezaki Japan World Cup,Results Published,7,18/02/2024,25/02/2024,Japan,5,353290,Men,,,Men,353290,live heats,
187562,JAPAN: 5 STAR SPiCARE Omaezaki Japan World Cup,Results Published,7,18/02/2024,25/02/2024,Japan,5,353291,Masters,,,Masters,353291,live heats,
187562,JAPAN: 5 STAR SPiCARE Omaezaki Japan World Cup,Results Published,7,18/02/2024,25/02/2024,Japan,5,400714,Pro Junior GIrls,,,Pro Junior GIrls,400714,live heats,
187562,JAPAN: 5 STAR SPiCARE Omaezaki Japan World Cup,Results Published,7,18/02/2024,25/02/2024,Japan,5,400715,Pro Junior Boys,,,Pro Junior Boys,400715,live heats,
187562,JAPAN: 5 STAR SPiCARE Omaezaki Japan World Cup,Results Published,7,18/02/2024,25/02/2024,Japan,5,353292,Junior Girls,,,Junior Girls,353292,live heats,
187562,JAPAN: 5 STAR SPiCARE Omaezaki Japan World Cup,Results Published,7,18/02/2024,25/02/2024,Japan,5,353293,Junior Boys,,,Junior Boys,353293,live heats,
214877,Germany: 2 Star The German Wave Tour ,Results Published,5,11/06/2023,16/06/2023,Germany,2,400732,Women,,,Women,400732,live heats,
214877,Germany: 2 Star The German Wave Tour ,Results Published,5,11/06/2023,16/06/2023,Germany,2,400733,Men,,,Men,400733,live heats,
214877,Germany: 2 Star The German Wave Tour ,Results Published,5,11/06/2023,16/06/2023,Germany,2,400734,Pro Junior GIrls,,,Pro Junior GIrls,400734,live heats,
214877,Germany: 2 Star The German Wave Tour ,Results Published,5,11/06/2023,16/06/2023,Germany,2,400735,Pro Junior Boys,,,Pro Junior Boys,400735,live heats,
361991,FINALND: 2 STAR Surfsport Wave Champs,Scheduled,115,11/07/2025,03/11/2025,Finalnd,2,656149,Men,,,Men,656149,live heats,
361991,FINALND: 2 STAR Surfsport Wave Champs,Scheduled,115,11/07/2025,03/11/2025,Finalnd,2,656150,Women,,,Women,656150,live heats,
361991,FINALND: 2 STAR Surfsport Wave Champs,Scheduled,115,11/07/2025,03/11/2025,Finalnd,2,656151,Masters,,,Masters,656151,live heats,
361991,FINALND: 2 STAR Surfsport Wave Champs,Scheduled,115,11/07/2025,03/11/2025,Finalnd,2,656152,Junior Boys,,,Junior Boys,656152,live heats,
361991,FINALND: 2 STAR Surfsport Wave Champs,Scheduled,115,11/07/2025,03/11/2025,Finalnd,2,656153,Junior Girls,,,Junior Girls,656153,live heats,
361991,FINALND: 2 STAR Surfsport Wave Champs,Scheduled,115,11/07/2025,03/11/2025,Finalnd,2,656154,Pro Junior Boys,,,Pro Junior Boys,656154,live heats,
361991,FINALND: 2 STAR Surfsport Wave Champs,Scheduled,115,11/07/2025,03/11/2025,Finalnd,2,656155,Pro Junior GIrls,,,Pro Junior GIrls,656155,live heats,
72455,HAWAII: detail heat results,Results Published,13,23/10/2023,05/11/2023,Hawaii,,168211,Men,,,Men,168211,live heats,
72455,HAWAII: detail heat results,Results Published,13,23/10/2023,05/11/2023,Hawaii,,168212,Women,,,Women,168212,live heats,
72455,HAWAII: detail heat results,Results Published,13,23/10/2023,05/11/2023,Hawaii,,168213,Junior Boys,,,Junior Boys,168213,live heats,
72455,HAWAII: detail heat results,Results Published,13,23/10/2023,05/11/2023,Hawaii,,168214,Masters,,,Masters,168214,live heats,
72455,HAWAII: detail heat results,Results Published,13,23/10/2023,05/11/2023,Hawaii,,336314,Pro Women's Trials,,,Pro Women's Trials,336314,live heats,
72455,HAWAII: detail heat results,Results Published,13,23/10/2023,05/11/2023,Hawaii,,336874,Pro Men Trials,,,Pro Men Trials,336874,live heats,
72455,HAWAII: detail heat results,Results Published,13,23/10/2023,05/11/2023,Hawaii,,338059,Pro Men's Double,,,Pro Men's Double,338059,live heats,
72455,HAWAII: detail heat results,Results Published,13,23/10/2023,05/11/2023,Hawaii,,338060,Pro Women's Double,,,Pro Women's Double,338060,live heats,
72455,HAWAII: detail heat results,Results Published,13,23/10/2023,05/11/2023,Hawaii,,338128,Masters Single,,,Masters Single,338128,live heats,
187569,HAWAI'I: 5 STAR Aloha Classic GRAND FINAL,Results Published,12,21/10/2024,02/11/2024,Hawai'I,5,353315,Women,,,Women,353315,live heats,
187569,HAWAI'I: 5 STAR Aloha Classic GRAND FINAL,Results Published,12,21/10/2024,02/11/2024,Hawai'I,5,353316,Men,,,Men,353316,live heats,
187569,HAWAI'I: 5 STAR Aloha Classic GRAND FINAL,Results Published,12,21/10/2024,02/11/2024,Hawai'I,5,474353,Pro Junior Boys,,,Pro Junior Boys,474353,live heats,
187569,HAWAI'I: 5 STAR Aloha Classic GRAND FINAL,Results Published,12,21/10/2024,02/11/2024,Hawai'I,5,377530,Masters,,,Masters,377530,live heats,
321871,HAWAII: 5 STAR Aloha Classic Grand Final,Scheduled,12,13/10/2025,25/10/2025,Hawaii,5,585008,Men,,,Men,585008,live heats,
321871,HAWAII: 5 STAR Aloha Classic Grand Final,Scheduled,12,13/10/2025,25/10/2025,Hawaii,5,585009,Women,,,Women,585009,live heats,
321871,HAWAII: 5 STAR Aloha Classic Grand Final,Scheduled,12,13/10/2025,25/10/2025,Hawaii,5,585010,Pro Junior Boys,,,Pro Junior Boys,585010,live heats,
321871,HAWAII: 5 STAR Aloha Classic Grand Final,Scheduled,12,13/10/2025,25/10/2025,Hawaii,5,585011,Pro Junior GIrls,,,Pro Junior GIrls,585011,live heats,
321871,HAWAII: 5 STAR Aloha Classic Grand Final,Scheduled,12,13/10/2025,25/10/2025,Hawaii,5,585012,Masters,,,Masters,585012,live heats,
321869,SPAIN: 5 STAR Tenerife World Cup,Scheduled,10,01/08/2025,11/08/2025,Spain,5,585000,Men,,,Men,585000,live heats,
321869,SPAIN: 5 STAR Tenerife World Cup,Scheduled,10,01/08/2025,11/08/2025,Spain,5,585001,Women,,,Women,585001,live heats,
321869,SPAIN: 5 STAR Tenerife World Cup,Scheduled,10,01/08/2025,11/08/2025,Spain,5,585002,Pro Junior Boys,,,Pro Junior Boys,585002,live heats,
321869,SPAIN: 5 STAR Tenerife World Cup,Scheduled,10,01/08/2025,11/08/2025,Spain,5,585003,Pro Junior GIrls,,,Pro Junior GIrls,585003,live heats,
321869,SPAIN: 5 STAR Tenerife World Cup,Scheduled,10,01/08/2025,11/08/2025,Spain,5,585004,Masters,,,Masters,585004,live heats,
321868, SPAIN: 5 STAR Gran Canaria World Cup,Scheduled,9,05/07/2025,14/07/2025,Spain,5,584995,Men,,,Men,584995,live heats,
321868, SPAIN: 5 STAR Gran Canaria World Cup,Scheduled,9,05/07/2025,14/07/2025,Spain,5,584996,Women,,,Women,584996,live heats,
321868, SPAIN: 5 STAR Gran Canaria World Cup,Scheduled,9,05/07/2025,14/07/2025,Spain,5,584998,Pro Junior Boys,,,Pro Junior Boys,584998,live heats,
321868, SPAIN: 5 STAR Gran Canaria World Cup,Scheduled,9,05/07/2025,14/07/2025,Spain,5,584999,Pro Junior GIrls,,,Pro Junior GIrls,584999,live heats,
321868, SPAIN: 5 STAR Gran Canaria World Cup,Scheduled,9,05/07/2025,14/07/2025,Spain,5,584997,Masters,,,Masters,584997,live heats,
81623,AUSTRALIA: 4 STAR IWT Youth Wave Titles (YOUTH ONLY),Results Published,2,25/02/2023,27/02/2023,Australia,4,186196,Junior Boys,,,Junior Boys,186196,live heats,
81623,AUSTRALIA: 4 STAR IWT Youth Wave Titles (YOUTH ONLY),Results Published,2,25/02/2023,27/02/2023,Australia,4,248339,Junior Girls,,,Junior Girls,248339,live heats,
81623,AUSTRALIA: 4 STAR IWT Youth Wave Titles (YOUTH ONLY),Results Published,2,25/02/2023,27/02/2023,Australia,4,248336,U17 Boys,,,U17 Boys,248336,live heats,
81623,AUSTRALIA: 4 STAR IWT Youth Wave Titles (YOUTH ONLY),Results Published,2,25/02/2023,27/02/2023,Australia,4,248337,U15 Boys,,,U15 Boys,248337,live heats,
81623,AUSTRALIA: 4 STAR IWT Youth Wave Titles (YOUTH ONLY),Results Published,2,25/02/2023,27/02/2023,Australia,4,248338,U13,,,U13,248338,live heats,
81623,AUSTRALIA: 4 STAR IWT Youth Wave Titles (YOUTH ONLY),Results Published,2,25/02/2023,27/02/2023,Australia,4,248340,U15 Girls,,,U15 Girls,248340,live heats,
187559,Chile: 2 STAR Sirena Wave Classic,Results Published,2,02/12/2023,04/12/2023,Chile,2,353274,Women,,,Women,353274,live heats,
187559,Chile: 2 STAR Sirena Wave Classic,Results Published,2,02/12/2023,04/12/2023,Chile,2,353276,Masters,,,Masters,353276,live heats,
187559,Chile: 2 STAR Sirena Wave Classic,Results Published,2,02/12/2023,04/12/2023,Chile,2,363036,Pro Men's Dingle,,,Pro Men's Dingle,363036,live heats,
187559,Chile: 2 STAR Sirena Wave Classic,Results Published,2,02/12/2023,04/12/2023,Chile,2,363037,U20 Boys,,,U20 Boys,363037,live heats,
187559,Chile: 2 STAR Sirena Wave Classic,Results Published,2,02/12/2023,04/12/2023,Chile,2,363038,Grand Masters,,,Grand Masters,363038,live heats,
187559,Chile: 2 STAR Sirena Wave Classic,Results Published,2,02/12/2023,04/12/2023,Chile,2,363039,Open AM,,,Open AM,363039,live heats,
187559,Chile: 2 STAR Sirena Wave Classic,Results Published,2,02/12/2023,04/12/2023,Chile,2,363256,Pro Men's Double,,,Pro Men's Double,363256,live heats,
187559,Chile: 2 STAR Sirena Wave Classic,Results Published,2,02/12/2023,04/12/2023,Chile,2,353275,Men,,,Men,353275,live heats,
187567,GERMANY: 5 STAR Sylt World Cup,Results Published,10,26/09/2024,06/10/2024,Germany,5,353311,Women,,,Women,353311,live heats,
187567,GERMANY: 5 STAR Sylt World Cup,Results Published,10,26/09/2024,06/10/2024,Germany,5,353312,Men,,,Men,353312,live heats,
199466,SPAIN: 4 STAR TBC Tenerife World Cup,Results Published,7,05/08/2024,12/08/2024,Spain,4,377533,Women,,,Women,377533,live heats,
199466,SPAIN: 4 STAR TBC Tenerife World Cup,Results Published,7,05/08/2024,12/08/2024,Spain,4,377534,Men,,,Men,377534,live heats,
72449,Chile: 2 STAR SIRENA Wave Classic,Results Published,9,03/12/2022,12/12/2022,Chile,2,168178,Men,,,Men,168178,live heats,
72449,Chile: 2 STAR SIRENA Wave Classic,Results Published,9,03/12/2022,12/12/2022,Chile,2,168179,Women,,,Women,168179,live heats,
72449,Chile: 2 STAR SIRENA Wave Classic,Results Published,9,03/12/2022,12/12/2022,Chile,2,168180,Junior Boys,,,Junior Boys,168180,live heats,
72449,Chile: 2 STAR SIRENA Wave Classic,Results Published,9,03/12/2022,12/12/2022,Chile,2,168181,Masters,,,Masters,168181,live heats,
72449,Chile: 2 STAR SIRENA Wave Classic,Results Published,9,03/12/2022,12/12/2022,Chile,2,293480,Junior Girls,,,Junior Girls,293480,live heats,
74629,Guadeloupe: 2 STAR Wanalao Wave Classic,Results Published,15,15/01/2023,30/01/2023,Guadeloupe,2,172519,Men,,,Men,172519,live heats,
74629,Guadeloupe: 2 STAR Wanalao Wave Classic,Results Published,15,15/01/2023,30/01/2023,Guadeloupe,2,172520,Women,,,Women,172520,live heats,
74629,Guadeloupe: 2 STAR Wanalao Wave Classic,Results Published,15,15/01/2023,30/01/2023,Guadeloupe,2,172521,Junior Boys,,,Junior Boys,172521,live heats,
74629,Guadeloupe: 2 STAR Wanalao Wave Classic,Results Published,15,15/01/2023,30/01/2023,Guadeloupe,2,172522,Masters,,,Masters,172522,live heats,
74629,Guadeloupe: 2 STAR Wanalao Wave Classic,Results Published,15,15/01/2023,30/01/2023,Guadeloupe,2,293482,Junior Girls,,,Junior Girls,293482,live heats,
74528,Puerto.Rico: 2 STAR Wind Warriors,Results Published,2,25/02/2023,27/02/2023,Puerto.Rico,2,172447,Men,,,Men,172447,live heats,
74528,Puerto.Rico: 2 STAR Wind Warriors,Results Published,2,25/02/2023,27/02/2023,Puerto.Rico,2,172450,Masters,,,Masters,172450,live heats,
74528,Puerto.Rico: 2 STAR Wind Warriors,Results Published,2,25/02/2023,27/02/2023,Puerto.Rico,2,172449,Junior Boys,,,Junior Boys,172449,live heats,
74528,Puerto.Rico: 2 STAR Wind Warriors,Results Published,2,25/02/2023,27/02/2023,Puerto.Rico,2,293488,Junior Girls,,,Junior Girls,293488,live heats,
74528,Puerto.Rico: 2 STAR Wind Warriors,Results Published,2,25/02/2023,27/02/2023,Puerto.Rico,2,172448,Women,,,Women,172448,live heats,
72488,Australia: 2 STAR SEVERNE East Coast Titles ,Results Published,9,04/02/2023,13/02/2023,Australia,2,168251,Men,,,Men,168251,live heats,
72488,Australia: 2 STAR SEVERNE East Coast Titles ,Results Published,9,04/02/2023,13/02/2023,Australia,2,168252,Women,,,Women,168252,live heats,
72488,Australia: 2 STAR SEVERNE East Coast Titles ,Results Published,9,04/02/2023,13/02/2023,Australia,2,168253,Junior Boys,,,Junior Boys,168253,live heats,
72488,Australia: 2 STAR SEVERNE East Coast Titles ,Results Published,9,04/02/2023,13/02/2023,Australia,2,168254,Masters,,,Masters,168254,live heats,
72488,Australia: 2 STAR SEVERNE East Coast Titles ,Results Published,9,04/02/2023,13/02/2023,Australia,2,293485,Junior Girls,,,Junior Girls,293485,live heats,
74628,Taiwan: 1 STAR Wave Jam ,Results Published,10,18/11/2022,28/11/2022,Taiwan,1,172513,Men,,,Men,172513,live heats,
74628,Taiwan: 1 STAR Wave Jam ,Results Published,10,18/11/2022,28/11/2022,Taiwan,1,172514,Women,,,Women,172514,live heats,
74628,Taiwan: 1 STAR Wave Jam ,Results Published,10,18/11/2022,28/11/2022,Taiwan,1,172516,Masters,,,Masters,172516,live heats,
272891,Ireland: 3 STAR Mayo Mayhem,Results Published,10,26/09/2024,06/10/2024,Ireland,3,474990,Women,,,Women,474990,live heats,
272891,Ireland: 3 STAR Mayo Mayhem,Results Published,10,26/09/2024,06/10/2024,Ireland,3,474991,Men,,,Men,474991,live heats,
272891,Ireland: 3 STAR Mayo Mayhem,Results Published,10,26/09/2024,06/10/2024,Ireland,3,474992,Masters,,,Masters,474992,live heats,
272891,Ireland: 3 STAR Mayo Mayhem,Results Published,10,26/09/2024,06/10/2024,Ireland,3,474993,Pro Junior GIrls,,,Pro Junior GIrls,474993,live heats,
272891,Ireland: 3 STAR Mayo Mayhem,Results Published,10,26/09/2024,06/10/2024,Ireland,3,474994,Pro Junior Boys,,,Pro Junior Boys,474994,live heats,
272891,Ireland: 3 STAR Mayo Mayhem,Results Published,10,26/09/2024,06/10/2024,Ireland,3,474995,Junior Girls,,,Junior Girls,474995,live heats,
272891,Ireland: 3 STAR Mayo Mayhem,Results Published,10,26/09/2024,06/10/2024,Ireland,3,474996,Junior Boys,,,Junior Boys,474996,live heats,
272891,Ireland: 3 STAR Mayo Mayhem,Results Published,10,26/09/2024,06/10/2024,Ireland,3,474997,OPEN,,,OPEN,474997,live heats,
72453,CHILE: 4 STAR SURAZO Infernal - Pro Men,Results Published,9,25/03/2023,03/04/2023,Chile,4,168199,Men,,,Men,168199,live heats,
72485,Australia: 2 STAR Lancelin Wave Classic,Results Published,4,18/01/2023,22/01/2023,Australia,2,168233,Men,,,Men,168233,live heats,
72485,Australia: 2 STAR Lancelin Wave Classic,Results Published,4,18/01/2023,22/01/2023,Australia,2,168234,Women,,,Women,168234,live heats,
72485,Australia: 2 STAR Lancelin Wave Classic,Results Published,4,18/01/2023,22/01/2023,Australia,2,168235,Junior Boys,,,Junior Boys,168235,live heats,
72485,Australia: 2 STAR Lancelin Wave Classic,Results Published,4,18/01/2023,22/01/2023,Australia,2,293483,Junior Girls,,,Junior Girls,293483,live heats,
72485,Australia: 2 STAR Lancelin Wave Classic,Results Published,4,18/01/2023,22/01/2023,Australia,2,168236,Masters,,,Masters,168236,live heats,
74594,Ireland: 2 STAR Mayo Mayhem,Results Published,3,29/09/2023,02/10/2023,Ireland,2,172501,Men,,,Men,172501,live heats,
74594,Ireland: 2 STAR Mayo Mayhem,Results Published,3,29/09/2023,02/10/2023,Ireland,2,172502,Women,,,Women,172502,live heats,
74594,Ireland: 2 STAR Mayo Mayhem,Results Published,3,29/09/2023,02/10/2023,Ireland,2,172503,Junior Boys,,,Junior Boys,172503,live heats,
187576,Australia: 2 STAR SurfFX North Coast Woopi Classic,Results Published,3,04/10/2024,07/10/2024,Australia,2,353346,Women,,,Women,353346,live heats,
187576,Australia: 2 STAR SurfFX North Coast Woopi Classic,Results Published,3,04/10/2024,07/10/2024,Australia,2,353347,Men,,,Men,353347,live heats,
187576,Australia: 2 STAR SurfFX North Coast Woopi Classic,Results Published,3,04/10/2024,07/10/2024,Australia,2,353348,Masters,,,Masters,353348,live heats,
187576,Australia: 2 STAR SurfFX North Coast Woopi Classic,Results Published,3,04/10/2024,07/10/2024,Australia,2,353349,Junior Girls,,,Junior Girls,353349,live heats,
187576,Australia: 2 STAR SurfFX North Coast Woopi Classic,Results Published,3,04/10/2024,07/10/2024,Australia,2,353350,Junior Boys,,,Junior Boys,353350,live heats,
72450,France: 2 STAR Championnat De France Funboard Vagues 2023,Results Published,2,18/11/2023,20/11/2023,France,2,168184,Men,,,Men,168184,live heats,
72450,France: 2 STAR Championnat De France Funboard Vagues 2023,Results Published,2,18/11/2023,20/11/2023,France,2,168185,Women,,,Women,168185,live heats,
81557,Japan: 1 STAR Cold Breeze,Results Published,2,24/12/2022,26/12/2022,Japan,1,186130,Men,,,Men,186130,live heats,
81557,Japan: 1 STAR Cold Breeze,Results Published,2,24/12/2022,26/12/2022,Japan,1,186131,Women,,,Women,186131,live heats,
81557,Japan: 1 STAR Cold Breeze,Results Published,2,24/12/2022,26/12/2022,Japan,1,186132,Junior Boys,,,Junior Boys,186132,live heats,
81557,Japan: 1 STAR Cold Breeze,Results Published,2,24/12/2022,26/12/2022,Japan,1,186133,Masters,,,Masters,186133,live heats,
187565,PERU: 4 STAR Pacasmayo Classic World Cup,Results Published,14,03/08/2024,17/08/2024,Peru,4,353304,Women,,,Women,353304,live heats,
187565,PERU: 4 STAR Pacasmayo Classic World Cup,Results Published,14,03/08/2024,17/08/2024,Peru,4,353305,Men,,,Men,353305,live heats,
305429,Australia: 2 Star WSS Sydney Wavesailing Smackfest,Results Published,2,15/11/2024,17/11/2024,Australia,2,541463,Women,,,Women,541463,live heats,
305429,Australia: 2 Star WSS Sydney Wavesailing Smackfest,Results Published,2,15/11/2024,17/11/2024,Australia,2,541464,Men,,,Men,541464,live heats,
305429,Australia: 2 Star WSS Sydney Wavesailing Smackfest,Results Published,2,15/11/2024,17/11/2024,Australia,2,541465,Masters,,,Masters,541465,live heats,
305429,Australia: 2 Star WSS Sydney Wavesailing Smackfest,Results Published,2,15/11/2024,17/11/2024,Australia,2,541466,Junior Girls,,,Junior Girls,541466,live heats,
305429,Australia: 2 Star WSS Sydney Wavesailing Smackfest,Results Published,2,15/11/2024,17/11/2024,Australia,2,541467,Junior Boys,,,Junior Boys,541467,live heats,
322524,PERU: 3 STAR Pacasmayo Classic World Cup,Scheduled,9,23/08/2025,01/09/2025,Peru,3,585973,Women,,,Women,585973,live heats,
322524,PERU: 3 STAR Pacasmayo Classic World Cup,Scheduled,9,23/08/2025,01/09/2025,Peru,3,585974,Men,,,Men,585974,live heats,
322524,PERU: 3 STAR Pacasmayo Classic World Cup,Scheduled,9,23/08/2025,01/09/2025,Peru,3,585975,Masters,,,Masters,585975,live heats,
322524,PERU: 3 STAR Pacasmayo Classic World Cup,Scheduled,9,23/08/2025,01/09/2025,Peru,3,585976,Junior Boys,,,Junior Boys,585976,live heats,
322524,PERU: 3 STAR Pacasmayo Classic World Cup,Scheduled,9,23/08/2025,01/09/2025,Peru,3,585977,Pro Junior GIrls,,,Pro Junior GIrls,585977,live heats,
322524,PERU: 3 STAR Pacasmayo Classic World Cup,Scheduled,9,23/08/2025,01/09/2025,Peru,3,585978,Pro Junior Boys,,,Pro Junior Boys,585978,live heats,
322524,PERU: 3 STAR Pacasmayo Classic World Cup,Scheduled,9,23/08/2025,01/09/2025,Peru,3,585979,Junior Girls,,,Junior Girls,585979,live heats,
268535,Chile: 3 STAR Sirena Wave Classic,Results Published,3,12/12/2024,15/12/2024,Chile,3,467752,Women,,,Women,467752,live heats,
268535,Chile: 3 STAR Sirena Wave Classic,Results Published,3,12/12/2024,15/12/2024,Chile,3,467753,Men,,,Men,467753,live heats,
268535,Chile: 3 STAR Sirena Wave Classic,Results Published,3,12/12/2024,15/12/2024,Chile,3,467754,Masters,,,Masters,467754,live heats,
268535,Chile: 3 STAR Sirena Wave Classic,Results Published,3,12/12/2024,15/12/2024,Chile,3,467758,Junior Boys,,,Junior Boys,467758,live heats,
268535,Chile: 3 STAR Sirena Wave Classic,Results Published,3,12/12/2024,15/12/2024,Chile,3,569238,Grand Masters,,,Grand Masters,569238,live heats,
268535,Chile: 3 STAR Sirena Wave Classic,Results Published,3,12/12/2024,15/12/2024,Chile,3,569239,Open AM,,,Open AM,569239,live heats,
268535,Chile: 3 STAR Sirena Wave Classic,Results Published,3,12/12/2024,15/12/2024,Chile,3,467757,Junior Girls,,,Junior Girls,467757,live heats,
268536,Chile: 3 STAR Surazo Infernal Navidad,Results Published,4,07/11/2024,11/11/2024,Chile,3,481449,PRE REGISTER FOR RANKINGS,,,PRE REGISTER FOR RANKINGS,481449,live heats,
268536,Chile: 3 STAR Surazo Infernal Navidad,Results Published,4,07/11/2024,11/11/2024,Chile,3,467760,Men,,,Men,467760,live heats,
268536,Chile: 3 STAR Surazo Infernal Navidad,Results Published,4,07/11/2024,11/11/2024,Chile,3,467763,Pro Junior Boys,,,Pro Junior Boys,467763,live heats,
268536,Chile: 3 STAR Surazo Infernal Navidad,Results Published,4,07/11/2024,11/11/2024,Chile,3,467762,Pro Junior GIrls,,,Pro Junior GIrls,467762,live heats,
268536,Chile: 3 STAR Surazo Infernal Navidad,Results Published,4,07/11/2024,11/11/2024,Chile,3,467761,Masters,,,Masters,467761,live heats,
268536,Chile: 3 STAR Surazo Infernal Navidad,Results Published,4,07/11/2024,11/11/2024,Chile,3,533821,OPEN,,,OPEN,533821,live heats,
268536,Chile: 3 STAR Surazo Infernal Navidad,Results Published,4,07/11/2024,11/11/2024,Chile,3,534578,Grand Master,,,Grand Master,534578,live heats,
321864,Puerto Rico: 4 STAR Puerto Rico World Cup,Results Published,1,09/03/2025,10/03/2025,Puerto Rico,4,584943,Women,,,Women,584943,live heats,
321864,Puerto Rico: 4 STAR Puerto Rico World Cup,Results Published,1,09/03/2025,10/03/2025,Puerto Rico,4,584944,Men,,,Men,584944,live heats,
321864,Puerto Rico: 4 STAR Puerto Rico World Cup,Results Published,1,09/03/2025,10/03/2025,Puerto Rico,4,584945,Masters,,,Masters,584945,live heats,
321864,Puerto Rico: 4 STAR Puerto Rico World Cup,Results Published,1,09/03/2025,10/03/2025,Puerto Rico,4,584950,Grand Masters,,,Grand Masters,584950,live heats,
322457,Taiwan: 1 STAR Taitung Wave Classic,Results Published,30,01/11/2024,01/12/2024,Taiwan,1,585833,Women,,,Women,585833,live heats,
322457,Taiwan: 1 STAR Taitung Wave Classic,Results Published,30,01/11/2024,01/12/2024,Taiwan,1,585834,Men,,,Men,585834,live heats,
266589,Australia: 4 STAR Margaret River Wavesailing Classic,Results Published,3,31/01/2025,03/02/2025,Australia,4,464921,Women,,,Women,464921,live heats,
266589,Australia: 4 STAR Margaret River Wavesailing Classic,Results Published,3,31/01/2025,03/02/2025,Australia,4,464922,Men,,,Men,464922,live heats,
266589,Australia: 4 STAR Margaret River Wavesailing Classic,Results Published,3,31/01/2025,03/02/2025,Australia,4,464923,Masters,,,Masters,464923,live heats,
266589,Australia: 4 STAR Margaret River Wavesailing Classic,Results Published,3,31/01/2025,03/02/2025,Australia,4,464924,Junior Girls,,,Junior Girls,464924,live heats,
266589,Australia: 4 STAR Margaret River Wavesailing Classic,Results Published,3,31/01/2025,03/02/2025,Australia,4,464925,Junior Boys,,,Junior Boys,464925,live heats,
266589,Australia: 4 STAR Margaret River Wavesailing Classic,Results Published,3,31/01/2025,03/02/2025,Australia,4,464926,Pro Junior GIrls,,,Pro Junior GIrls,464926,live heats,
266589,Australia: 4 STAR Margaret River Wavesailing Classic,Results Published,3,31/01/2025,03/02/2025,Australia,4,464927,Pro Junior Boys,,,Pro Junior Boys,464927,live heats,
266589,Australia: 4 STAR Margaret River Wavesailing Classic,Results Published,3,31/01/2025,03/02/2025,Australia,4,601831,Grand Masters,,,Grand Masters,601831,live heats,
321767,Chile: 3 STAR Surazo Infernal Navidad - women's results ,Results Published,4,07/11/2024,11/11/2024,Chile,3,584886,Women,,,Women,584886,live heats,
322523,Ireland: 3 STAR Mayo Mayhem,Scheduled,30,01/09/2025,01/10/2025,Ireland,3,585965,Women,,,Women,585965,live heats,
322523,Ireland: 3 STAR Mayo Mayhem,Scheduled,30,01/09/2025,01/10/2025,Ireland,3,585966,Men,,,Men,585966,live heats,
322523,Ireland: 3 STAR Mayo Mayhem,Scheduled,30,01/09/2025,01/10/2025,Ireland,3,585967,Masters,,,Masters,585967,live heats,
322523,Ireland: 3 STAR Mayo Mayhem,Scheduled,30,01/09/2025,01/10/2025,Ireland,3,585968,Pro Junior GIrls,,,Pro Junior GIrls,585968,live heats,
322523,Ireland: 3 STAR Mayo Mayhem,Scheduled,30,01/09/2025,01/10/2025,Ireland,3,585969,Pro Junior Boys,,,Pro Junior Boys,585969,live heats,
322523,Ireland: 3 STAR Mayo Mayhem,Scheduled,30,01/09/2025,01/10/2025,Ireland,3,585970,Junior Girls,,,Junior Girls,585970,live heats,
322523,Ireland: 3 STAR Mayo Mayhem,Scheduled,30,01/09/2025,01/10/2025,Ireland,3,585971,Junior Boys,,,Junior Boys,585971,live heats,
322523,Ireland: 3 STAR Mayo Mayhem,Scheduled,30,01/09/2025,01/10/2025,Ireland,3,585972,OPEN,,,OPEN,585972,live heats,
318167,Belgium 2 Star Nationals ,Results Published,4,18/10/2024,22/10/2024,Belgium 2 Star Nationals,2,579061,Men,,,Men,579061,live heats,
318167,Belgium 2 Star Nationals ,Results Published,4,18/10/2024,22/10/2024,Belgium 2 Star Nationals,2,579062,Women,,,Women,579062,live heats,
275136,Netherlands: 2 STAR Slam Om Domburg,Finished,122,31/07/2024,30/11/2024,Netherlands,2,478849,Women,,,Women,478849,live heats,
275136,Netherlands: 2 STAR Slam Om Domburg,Finished,122,31/07/2024,30/11/2024,Netherlands,2,478850,Men,,,Men,478850,live heats,
275136,Netherlands: 2 STAR Slam Om Domburg,Finished,122,31/07/2024,30/11/2024,Netherlands,2,478851,Masters,,,Masters,478851,live heats,
275136,Netherlands: 2 STAR Slam Om Domburg,Finished,122,31/07/2024,30/11/2024,Netherlands,2,478852,Junior Girls,,,Junior Girls,478852,live heats,
275136,Netherlands: 2 STAR Slam Om Domburg,Finished,122,31/07/2024,30/11/2024,Netherlands,2,478853,Junior Boys,,,Junior Boys,478853,live heats,
322525,Denmark: 3 STAR Danish Open Wave Championships,Scheduled,30,01/09/2025,01/10/2025,Denmark,3,585982,Men,,,Men,585982,live heats,
322525,Denmark: 3 STAR Danish Open Wave Championships,Scheduled,30,01/09/2025,01/10/2025,Denmark,3,585983,Women,,,Women,585983,live heats,
322525,Denmark: 3 STAR Danish Open Wave Championships,Scheduled,30,01/09/2025,01/10/2025,Denmark,3,585984,Pro Junior Boys,,,Pro Junior Boys,585984,live heats,
322525,Denmark: 3 STAR Danish Open Wave Championships,Scheduled,30,01/09/2025,01/10/2025,Denmark,3,585985,Pro Junior GIrls,,,Pro Junior GIrls,585985,live heats,
322525,Denmark: 3 STAR Danish Open Wave Championships,Scheduled,30,01/09/2025,01/10/2025,Denmark,3,585980,Junior Boys,,,Junior Boys,585980,live heats,
322525,Denmark: 3 STAR Danish Open Wave Championships,Scheduled,30,01/09/2025,01/10/2025,Denmark,3,585981,Junior Girls,,,Junior Girls,585981,live heats,
322525,Denmark: 3 STAR Danish Open Wave Championships,Scheduled,30,01/09/2025,01/10/2025,Denmark,3,585986,Masters,,,Masters,585986,live heats,
322556,Scotland: 3 STAR Tiree Wave Classic,Scheduled,7,11/10/2025,18/10/2025,Scotland,3,585987,Men,,,Men,585987,live heats,
322556,Scotland: 3 STAR Tiree Wave Classic,Scheduled,7,11/10/2025,18/10/2025,Scotland,3,585988,Women,,,Women,585988,live heats,
322556,Scotland: 3 STAR Tiree Wave Classic,Scheduled,7,11/10/2025,18/10/2025,Scotland,3,585989,Junior Boys,,,Junior Boys,585989,live heats,
322556,Scotland: 3 STAR Tiree Wave Classic,Scheduled,7,11/10/2025,18/10/2025,Scotland,3,585990,Junior Girls,,,Junior Girls,585990,live heats,
322556,Scotland: 3 STAR Tiree Wave Classic,Scheduled,7,11/10/2025,18/10/2025,Scotland,3,585992,Pro Junior Boys,,,Pro Junior Boys,585992,live heats,
322556,Scotland: 3 STAR Tiree Wave Classic,Scheduled,7,11/10/2025,18/10/2025,Scotland,3,585993,Pro Junior GIrls,,,Pro Junior GIrls,585993,live heats,
322556,Scotland: 3 STAR Tiree Wave Classic,Scheduled,7,11/10/2025,18/10/2025,Scotland,3,585991,Masters,,,Masters,585991,live heats,
322557,Chile: 3 STAR Surazo Infernal Navidad,Scheduled,30,01/11/2025,01/12/2025,Chile,3,585999,PRE REGISTER FOR RANKINGS,,,PRE REGISTER FOR RANKINGS,585999,live heats,
322557,Chile: 3 STAR Surazo Infernal Navidad,Scheduled,30,01/11/2025,01/12/2025,Chile,3,585994,Men,,,Men,585994,live heats,
322557,Chile: 3 STAR Surazo Infernal Navidad,Scheduled,30,01/11/2025,01/12/2025,Chile,3,585995,Pro Junior Boys,,,Pro Junior Boys,585995,live heats,
322557,Chile: 3 STAR Surazo Infernal Navidad,Scheduled,30,01/11/2025,01/12/2025,Chile,3,585996,Pro Junior GIrls,,,Pro Junior GIrls,585996,live heats,
322557,Chile: 3 STAR Surazo Infernal Navidad,Scheduled,30,01/11/2025,01/12/2025,Chile,3,586000,Masters,,,Masters,586000,live heats,
322557,Chile: 3 STAR Surazo Infernal Navidad,Scheduled,30,01/11/2025,01/12/2025,Chile,3,585997,OPEN,,,OPEN,585997,live heats,
322557,Chile: 3 STAR Surazo Infernal Navidad,Scheduled,30,01/11/2025,01/12/2025,Chile,3,585998,Grand Master,,,Grand Master,585998,live heats,
322558,France: 3 STAR Wissant Wave Classic,Scheduled,30,01/11/2025,01/12/2025,France,3,586001,Women,,,Women,586001,live heats,
322558,France: 3 STAR Wissant Wave Classic,Scheduled,30,01/11/2025,01/12/2025,France,3,586002,Men,,,Men,586002,live heats,
322558,France: 3 STAR Wissant Wave Classic,Scheduled,30,01/11/2025,01/12/2025,France,3,586003,Pro Junior GIrls,,,Pro Junior GIrls,586003,live heats,
322558,France: 3 STAR Wissant Wave Classic,Scheduled,30,01/11/2025,01/12/2025,France,3,586004,Pro Junior Boys,,,Pro Junior Boys,586004,live heats,
322558,France: 3 STAR Wissant Wave Classic,Scheduled,30,01/11/2025,01/12/2025,France,3,586005,Junior Boys,,,Junior Boys,586005,live heats,
322558,France: 3 STAR Wissant Wave Classic,Scheduled,30,01/11/2025,01/12/2025,France,3,586006,Junior Girls,,,Junior Girls,586006,live heats,
322558,France: 3 STAR Wissant Wave Classic,Scheduled,30,01/11/2025,01/12/2025,France,3,586007,Masters,,,Masters,586007,live heats,
295232,Judges Training Event,Finished,8,01/10/2023,09/10/2023,Judges Training Event,,515438,Men,,,Men,515438,live heats,
321870,GERMANY: 5 STAR Sylt World Cup,Scheduled,10,26/09/2025,06/10/2025,Germany,5,585005,Men,,,Men,585005,live heats,
321870,GERMANY: 5 STAR Sylt World Cup,Scheduled,10,26/09/2025,06/10/2025,Germany,5,585006,Women,,,Women,585006,live heats,
296885,Test,Finished,2,01/01/2022,03/01/2022,Test,,519085,Women,,,Women,519085,live heats,
296885,Test,Finished,2,01/01/2022,03/01/2022,Test,,519086,Men,,,Men,519086,live heats,
296885,Test,Finished,2,01/01/2022,03/01/2022,Test,,519087,Pro Junior Boys,,,Pro Junior Boys,519087,live heats,
296885,Test,Finished,2,01/01/2022,03/01/2022,Test,,519088,Masters,,,Masters,519088,live heats,
321863,Japan: 4 STAR Omaezaki Japan World Cup,Results Published,7,17/02/2025,24/02/2025,Japan,4,584935,Women,,,Women,584935,live heats,
321863,Japan: 4 STAR Omaezaki Japan World Cup,Results Published,7,17/02/2025,24/02/2025,Japan,4,584936,Men,,,Men,584936,live heats,
321863,Japan: 4 STAR Omaezaki Japan World Cup,Results Published,7,17/02/2025,24/02/2025,Japan,4,584937,Masters,,,Masters,584937,live heats,
321863,Japan: 4 STAR Omaezaki Japan World Cup,Results Published,7,17/02/2025,24/02/2025,Japan,4,584938,Junior Girls,,,Junior Girls,584938,live heats,
321863,Japan: 4 STAR Omaezaki Japan World Cup,Results Published,7,17/02/2025,24/02/2025,Japan,4,584939,Junior Boys,,,Junior Boys,584939,live heats,
321863,Japan: 4 STAR Omaezaki Japan World Cup,Results Published,7,17/02/2025,24/02/2025,Japan,4,584940,Pro Junior GIrls,,,Pro Junior GIrls,584940,live heats,
321863,Japan: 4 STAR Omaezaki Japan World Cup,Results Published,7,17/02/2025,24/02/2025,Japan,4,584941,Pro Junior Boys,,,Pro Junior Boys,584941,live heats,
321863,Japan: 4 STAR Omaezaki Japan World Cup,Results Published,7,17/02/2025,24/02/2025,Japan,4,584942,Grand Masters,,,Grand Masters,584942,live heats,
321863,Japan: 4 STAR Omaezaki Japan World Cup,Results Published,7,17/02/2025,24/02/2025,Japan,4,625558,Expression Session,,,Expression Session,625558,live heats,
374994,Guadeloupe: 2 STAR King Of Moule 2025,Results Published,2,18/01/2025,20/01/2025,Guadeloupe,2,672485,Men,,,Men,672485,live heats,
374994,Guadeloupe: 2 STAR King Of Moule 2025,Results Published,2,18/01/2025,20/01/2025,Guadeloupe,2,672486,Women,,,Women,672486,live heats,
374994,Guadeloupe: 2 STAR King Of Moule 2025,Results Published,2,18/01/2025,20/01/2025,Guadeloupe,2,672487,Junior Boys,,,Junior Boys,672487,live heats,
374994,Guadeloupe: 2 STAR King Of Moule 2025,Results Published,2,18/01/2025,20/01/2025,Guadeloupe,2,672488,Masters,,,Masters,672488,live heats,
277082,Israel: 3 STAR Storm Rider Haifa,Finished,75,16/01/2025,01/04/2025,Israel,3,481480,PRE REGISTER FOR RANKINGS,,,PRE REGISTER FOR RANKINGS,481480,live heats,
277082,Israel: 3 STAR Storm Rider Haifa,Finished,75,16/01/2025,01/04/2025,Israel,3,607606,open,,,open,607606,live heats,
187554,Australia: 3 STAR Severne Margaret River Wavesailing Classic 2024,Results Published,1,02/02/2024,03/02/2024,Australia,3,353247,Women,,,Women,353247,live heats,
187554,Australia: 3 STAR Severne Margaret River Wavesailing Classic 2024,Results Published,1,02/02/2024,03/02/2024,Australia,3,353248,Men,,,Men,353248,live heats,
187554,Australia: 3 STAR Severne Margaret River Wavesailing Classic 2024,Results Published,1,02/02/2024,03/02/2024,Australia,3,353249,Masters,,,Masters,353249,live heats,
187554,Australia: 3 STAR Severne Margaret River Wavesailing Classic 2024,Results Published,1,02/02/2024,03/02/2024,Australia,3,353250,Junior Girls,,,Junior Girls,353250,live heats,
187554,Australia: 3 STAR Severne Margaret River Wavesailing Classic 2024,Results Published,1,02/02/2024,03/02/2024,Australia,3,353251,Junior Boys,,,Junior Boys,353251,live heats,
187554,Australia: 3 STAR Severne Margaret River Wavesailing Classic 2024,Results Published,1,02/02/2024,03/02/2024,Australia,3,400439,Pro Junior GIrls,,,Pro Junior GIrls,400439,live heats,
187554,Australia: 3 STAR Severne Margaret River Wavesailing Classic 2024,Results Published,1,02/02/2024,03/02/2024,Australia,3,400440,Pro Junior Boys,,,Pro Junior Boys,400440,live heats,
321866,Hawaii: 4 STAR Hawaii World Cup,Results Published,5,14/04/2025,19/04/2025,Hawaii,4,584956,Women,,,Women,584956,live heats,
321866,Hawaii: 4 STAR Hawaii World Cup,Results Published,5,14/04/2025,19/04/2025,Hawaii,4,584957,Men,,,Men,584957,live heats,
321866,Hawaii: 4 STAR Hawaii World Cup,Results Published,5,14/04/2025,19/04/2025,Hawaii,4,584958,Masters,,,Masters,584958,live heats,
321866,Hawaii: 4 STAR Hawaii World Cup,Results Published,5,14/04/2025,19/04/2025,Hawaii,4,584960,Junior Boys,,,Junior Boys,584960,live heats,
266588,Australia: YOUTH 100% Jaffle Shack Oceania Youth Wave Titles and Junior Windsurf Camp,Results Published,6,14/01/2025,20/01/2025,Australia,,464914,Junior Girls,,,Junior Girls,464914,live heats,
266588,Australia: YOUTH 100% Jaffle Shack Oceania Youth Wave Titles and Junior Windsurf Camp,Results Published,6,14/01/2025,20/01/2025,Australia,,464915,Junior Boys,,,Junior Boys,464915,live heats,
266588,Australia: YOUTH 100% Jaffle Shack Oceania Youth Wave Titles and Junior Windsurf Camp,Results Published,6,14/01/2025,20/01/2025,Australia,,464916,U15 Girls,,,U15 Girls,464916,live heats,
266588,Australia: YOUTH 100% Jaffle Shack Oceania Youth Wave Titles and Junior Windsurf Camp,Results Published,6,14/01/2025,20/01/2025,Australia,,464917,U15 Boys,,,U15 Boys,464917,live heats,
266588,Australia: YOUTH 100% Jaffle Shack Oceania Youth Wave Titles and Junior Windsurf Camp,Results Published,6,14/01/2025,20/01/2025,Australia,,464918,U13,,,U13,464918,live heats,
266588,Australia: YOUTH 100% Jaffle Shack Oceania Youth Wave Titles and Junior Windsurf Camp,Results Published,6,14/01/2025,20/01/2025,Australia,,464919,Pro Junior GIrls,,,Pro Junior GIrls,464919,live heats,
266588,Australia: YOUTH 100% Jaffle Shack Oceania Youth Wave Titles and Junior Windsurf Camp,Results Published,6,14/01/2025,20/01/2025,Australia,,464920,Pro Junior Boys,,,Pro Junior Boys,464920,live heats,
321865,CHILE: 5 STAR Surazo Infernal World Cup,Results Published,14,24/03/2025,07/04/2025,Chile,5,584951,Women,,,Women,584951,live heats,
321865,CHILE: 5 STAR Surazo Infernal World Cup,Results Published,14,24/03/2025,07/04/2025,Chile,5,584952,Men,,,Men,584952,live heats,
321865,CHILE: 5 STAR Surazo Infernal World Cup,Results Published,14,24/03/2025,07/04/2025,Chile,5,584953,Masters,,,Masters,584953,live heats,
321865,CHILE: 5 STAR Surazo Infernal World Cup,Results Published,14,24/03/2025,07/04/2025,Chile,5,584954,Pro Junior GIrls,,,Pro Junior GIrls,584954,live heats,
321865,CHILE: 5 STAR Surazo Infernal World Cup,Results Published,14,24/03/2025,07/04/2025,Chile,5,584955,Pro Junior Boys,,,Pro Junior Boys,584955,live heats,
321865,CHILE: 5 STAR Surazo Infernal World Cup,Results Published,14,24/03/2025,07/04/2025,Chile,5,629716,Junior Girls,,,Junior Girls,629716,live heats,
321865,CHILE: 5 STAR Surazo Infernal World Cup,Results Published,14,24/03/2025,07/04/2025,Chile,5,629717,Junior Boys,,,Junior Boys,629717,live heats,
375026,Argentina : 2 Star Mar Del Plata ,Results Published,2,19/04/2025,21/04/2025,Argentina,2,672517,Women,,,Women,672517,live heats,
375026,Argentina : 2 Star Mar Del Plata ,Results Published,2,19/04/2025,21/04/2025,Argentina,2,672518,Men,,,Men,672518,live heats,
375026,Argentina : 2 Star Mar Del Plata ,Results Published,2,19/04/2025,21/04/2025,Argentina,2,672519,Masters,,,Masters,672519,live heats,
375026,Argentina : 2 Star Mar Del Plata ,Results Published,2,19/04/2025,21/04/2025,Argentina,2,672521,Junior Boys,,,Junior Boys,672521,live heats,
322490,Morocco: 3 STAR Moulay Wave Classic,Results Published,8,26/04/2025,04/05/2025,Morocco,3,585958,Women,,,Women,585958,live heats,
322490,Morocco: 3 STAR Moulay Wave Classic,Results Published,8,26/04/2025,04/05/2025,Morocco,3,585959,Men,,,Men,585959,live heats,
322490,Morocco: 3 STAR Moulay Wave Classic,Results Published,8,26/04/2025,04/05/2025,Morocco,3,585961,Pro Junior Boys,,,Pro Junior Boys,585961,live heats,
322490,Morocco: 3 STAR Moulay Wave Classic,Results Published,8,26/04/2025,04/05/2025,Morocco,3,585963,Junior Boys,,,Junior Boys,585963,live heats,
322490,Morocco: 3 STAR Moulay Wave Classic,Results Published,8,26/04/2025,04/05/2025,Morocco,3,672781,U15,,,U15,672781,live heats,
